id,address,zip,lat,lon,neighborhood,sale_date,sqft,bedrooms,bathrooms,floors,year_built,renovated,lot_size,garage,pool,school_rating,crime_rate,proximity_km,price,property_tax,hoa_fee
1,2051 Washington Ln,94117,37.754138,-122.412783,SuburbA,2023-12-31,2777.04,4,2,3,2010,0,5929.36,1,1,7.8,49.4,1.87,750914.56,9956.34,0.0
2,1781 Cedar Ln,94124,37.761925,-122.403552,Downtown,2024-12-10,837.9,3,3,1,1980,0,9567.35,1,0,10.0,26.2,1.7,199850.23,2747.19,150.0
3,9218 Lake Ln,94120,37.797029,-122.394982,SuburbA,2021-08-08,1180.13,4,1,1,1938,0,10506.87,1,0,5.8,64.4,3.72,241312.67,2971.14,0.0
4,8142 River Rd,94100,37.753683,-122.343216,Downtown,2024-06-21,1265.06,5,3,1,1982,0,5229.23,0,0,9.5,51.3,6.98,290280.11,1621.9,0.0
5,141 River St,94092,37.741378,-122.447388,SuburbA,2023-07-02,1384.68,3,1,3,2008,0,4204.98,2,0,8.7,54.6,3.98,303114.89,1797.13,0.0
6,4806 Oak Rd,94085,37.766452,-122.374177,Riverside,2023-11-17,1840.14,3,2,1,2014,1,6216.08,1,0,9.3,22.1,4.04,368248.01,2337.5,0.0
7,8132 Washington Ave,94110,37.810663,-122.431471,Downtown,2022-07-03,1055.82,2,1,2,1976,0,5573.14,1,0,9.0,43.6,4.62,438312.78,4623.19,0.0
8,4220 Washington Blvd,94109,37.772295,-122.43835,Riverside,2021-12-05,2965.01,2,3,1,1914,0,11474.03,1,0,10.0,48.9,1.63,703371.02,5034.66,0.0
9,8514 Oak Dr,94106,37.764358,-122.45181,Riverside,2022-02-14,1029.02,4,1,2,1949,0,10387.18,2,0,4.7,56.8,2.86,161330.9,2281.95,0.0
10,1569 Sunset Ln,94103,37.751022,-122.373421,Uptown,2025-02-20,2186.01,3,2,1,1951,0,6580.27,1,0,5.9,38.9,4.6,311529.46,4565.06,0.0
11,4812 Hill Ave,94121,37.828362,-122.391806,SuburbA,2025-04-17,3664.48,2,3,1,2014,0,12581.39,0,0,6.0,63.0,6.93,564191.15,8347.92,0.0
12,5162 Maple Dr,94108,37.761465,-122.418699,SuburbA,2022-08-21,2595.54,4,3,2,1919,0,11439.75,1,0,1.4,55.6,0.95,284410.64,3539.33,0.0
13,6056 Hill Rd,94090,37.775314,-122.413881,SuburbB,2025-12-09,778.47,3,2,1,1925,0,7665.05,1,0,6.7,57.1,0.8,129211.03,875.43,0.0
14,6633 River Ln,94116,37.785728,-122.400908,Downtown,2023-02-23,1467.42,3,3,2,1970,1,4268.9,2,0,8.1,32.3,2.42,258477.61,2245.66,0.0
15,2007 Lake Ln,94123,37.7588,-122.436239,SuburbA,2024-02-27,1668.7,2,1,1,1959,0,6143.78,1,0,9.2,70.8,1.89,317040.12,1934.36,0.0
16,8145 Lake Ln,94101,37.779524,-122.3562,Riverside,2022-08-20,2485.56,4,1,2,1968,1,6697.47,1,0,8.9,51.0,5.7,723874.07,9958.04,0.0
17,6980 River Rd,94117,37.77346,-122.454894,Downtown,2021-08-24,3333.23,4,1,1,1901,0,316.85,1,0,8.1,17.6,3.09,481378.06,6641.42,150.0
18,8586 Maple Ln,94099,37.800468,-122.430178,OldTown,2022-06-18,1703.54,3,2,1,1952,1,11564.15,0,0,6.3,44.7,3.5,522382.39,2660.03,0.0
19,2213 Maple Dr,94118,37.771149,-122.406471,Downtown,2023-07-03,1998.28,2,2,2,1922,1,6518.52,2,1,10.0,41.1,1.19,348379.42,4673.46,150.0
20,1780 River Rd,94115,37.771287,-122.369697,OldTown,2023-09-29,558.86,2,1,1,2008,1,3284.11,2,0,4.9,49.7,4.42,161532.99,1559.36,0.0
21,2433 Hill Ave,94092,37.754972,-122.424238,SuburbA,2021-11-01,1419.89,3,2,1,1990,0,4759.81,1,0,7.7,53.8,1.71,198589.44,1811.64,0.0
22,7584 Hill Dr,94119,37.783251,-122.437197,SuburbB,2024-11-13,300,3,2,2,1980,0,5688.62,1,1,6.1,32.5,2.11,50398.81,358.94,0.0
23,4212 Sunset Rd,94104,37.803883,-122.397127,Riverside,2022-02-27,3100.46,2,2,1,2008,0,15047.25,1,0,8.8,52.0,4.26,803364.34,6466.43,0.0
24,9080 Sunset Dr,94115,37.741488,-122.443178,SuburbB,2023-05-06,1495.97,3,4,1,1973,0,6101.19,1,0,7.6,69.4,3.76,135172.93,1019.15,0.0
25,6685 Lake Ave,94103,37.771589,-122.411397,SuburbB,2026-01-22,1637.17,4,3,2,1909,1,405.37,2,1,7.5,52.7,0.78,217009.4,2306.41,0.0
26,4507 Maple St,94094,37.739397,-122.453317,SuburbA,2026-04-20,2246.03,5,2,3,1935,0,3893.38,0,1,6.9,70.2,4.48,445598.87,6381.34,0.0
27,9885 Hill Ln,94116,37.779828,-122.39956,SuburbB,2024-04-10,2325.73,2,3,2,1999,0,9023.05,0,0,4.5,62.7,2.1,1016423.26,5993.04,0.0
28,5997 Cedar Blvd,94116,37.751943,-122.408592,Uptown,2024-09-05,1738.13,3,1,2,1927,0,14657.88,1,1,7.7,28.9,2.24,264867.67,3136.08,0.0
29,7745 Sunset Rd,94112,37.772196,-122.425415,SuburbA,2022-12-24,1109.89,3,3,3,2000,1,6350.57,1,0,9.9,54.0,0.53,177838.92,1022.92,0.0
30,9239 Maple Blvd,94105,37.799589,-122.414217,Uptown,2023-11-07,836.14,3,3,2,1964,1,11291.99,2,0,8.7,33.9,3.32,221157.54,3032.53,0.0
31,7598 Oak Rd,94117,37.776284,-122.394161,Uptown,2026-01-17,2066.57,3,3,2,1952,1,9000.88,1,1,9.4,47.8,2.37,210238.21,2294.58,0.0
32,4340 Hill Ave,94112,37.799451,-122.358257,OldTown,2021-10-10,1032.79,2,1,3,1982,1,671.02,1,1,6.4,91.2,6.33,242007.54,1613.02,0.0
33,7950 Oak Dr,94102,37.759116,-122.452978,Downtown,2022-09-17,2607.54,3,3,1,1993,0,7859.16,1,0,7.1,36.6,3.14,1049592.82,6319.62,0.0
34,8266 Washington St,94097,37.733445,-122.398779,Riverside,2022-01-22,1982.86,3,2,2,1962,1,5206.75,1,0,9.8,58.9,4.46,721571.78,10346.53,0.0
35,6838 Pine Rd,94085,37.742684,-122.47618,OldTown,2023-03-03,475.38,3,1,1,1964,0,9079.99,1,0,6.0,88.5,5.79,55610.79,349.63,0.0
36,1610 Maple Rd,94122,37.821422,-122.414926,SuburbA,2024-06-17,1536.76,4,3,1,1925,0,6262.73,1,0,7.6,37.2,5.73,225676.13,2272.75,0.0
37,9055 Oak Ln,94097,37.763806,-122.395808,Uptown,2023-10-15,1537.19,2,1,1,1977,1,1154.82,2,0,6.7,54.6,2.23,405751.47,3181.84,0.0
38,4160 Oak Ln,94087,37.786285,-122.39286,SuburbB,2022-09-02,2774.18,4,2,1,2017,0,5948.82,1,1,9.4,58.7,2.99,541759.4,6538.46,0.0
39,9053 Elm Dr,94125,37.75433,-122.349537,Downtown,2022-04-14,1883.34,4,3,2,1927,0,9841.25,1,0,9.3,24.6,6.42,373299.15,3564.17,300.0
40,5953 Pine St,94105,37.790039,-122.411797,Riverside,2021-09-30,2753.99,3,2,2,1983,0,10992.41,2,0,8.4,43.7,2.34,628358.5,9424.02,0.0
41,9652 River Rd,94093,37.747474,-122.435347,Uptown,2023-06-23,1906.52,3,1,2,1945,0,3819.97,1,0,8.3,46.1,2.84,358138.78,4827.72,0.0
42,9042 Cedar Rd,94122,37.7425,-122.403772,Downtown,2025-12-07,1091.48,3,3,1,1991,1,6372.24,1,0,10.0,39.2,3.37,545602.89,5279.77,0.0
43,2249 River Dr,94117,37.770097,-122.428866,OldTown,2023-06-12,2044.54,3,3,3,2019,0,8537.89,0,0,5.7,62.7,0.78,436316.53,5951.58,0.0
44,4862 Oak Rd,94095,37.780126,-122.410911,SuburbA,2021-05-11,1792.56,2,3,2,1987,0,6334.39,1,0,3.9,45.7,1.38,383702.71,4506.66,0.0
45,2317 River Blvd,94117,37.784878,-122.425785,Downtown,2022-04-13,3352.83,5,3,2,1976,0,3917.49,0,0,10.0,31.2,1.73,774644.52,5662.57,0.0
46,6850 Lake Ave,94118,37.756265,-122.441463,SuburbA,2022-02-18,1848.26,3,2,1,2013,0,7229.27,2,0,3.4,43.5,2.42,647431.92,9254.76,0.0
47,3322 Lake St,94091,37.798548,-122.451189,SuburbB,2023-11-26,1946.84,4,1,3,1968,1,14633.28,1,0,5.1,59.6,4.19,351892.29,4661.98,0.0
48,6479 Oak St,94107,37.80032,-122.42716,SuburbA,2023-10-19,1426.66,4,3,2,1926,1,302.15,1,0,9.8,54.4,3.42,208032.14,2672.83,0.0
49,5890 Maple St,94117,37.765079,-122.37372,OldTown,2024-02-28,935.74,4,2,3,2021,0,1567.63,2,0,6.0,56.6,4.1,182217.33,1384.4,0.0
50,7899 Washington Dr,94104,37.79003,-122.380012,Downtown,2022-09-10,1637.62,3,1,1,1972,0,9085.55,2,0,10.0,50.1,4.15,511800.89,2843.83,0.0
51,7475 Washington St,94116,37.789629,-122.418388,Riverside,2023-02-03,2222.25,4,1,1,1907,0,9104.26,2,0,8.3,22.4,2.18,233506.94,3435.42,0.0
52,7744 River Ln,94095,37.780104,-122.416439,Riverside,2024-06-21,765.93,3,1,2,1941,0,6427.55,1,0,6.8,22.7,1.16,165333.55,1072.32,0.0
53,2621 River Ln,94098,37.764349,-122.448203,Downtown,2022-06-06,300,2,1,1,1970,0,6230.38,1,0,10.0,44.9,2.55,158885.92,2033.78,0.0
54,7204 River Blvd,94114,37.790106,-122.449847,OldTown,2024-07-04,3007.53,2,1,1,1973,0,12125.06,1,0,2.8,71.0,3.44,495060.08,5607.67,0.0
55,9901 Cedar Dr,94089,37.788715,-122.408861,SuburbB,2024-06-27,556.62,2,1,1,2011,0,16724.09,0,0,4.9,57.5,2.3,116678.46,765.74,0.0
56,9067 Lake St,94097,37.801148,-122.382008,OldTown,2022-05-28,3179.95,1,2,3,2010,0,11439.49,0,0,6.8,69.6,4.8,678789.2,4993.7,0.0
57,2940 Maple Dr,94119,37.774904,-122.378154,SuburbB,2022-09-29,2763.06,1,2,2,1943,0,565.27,1,0,5.6,67.5,3.71,237501.03,3452.07,0.0
58,889 Hill Dr,94097,37.77752,-122.426741,SuburbB,2025-08-18,1636.52,4,2,3,1910,1,11917.68,1,0,6.2,50.2,1.02,220838.66,3271.45,0.0
59,8027 Maple Ave,94118,37.727422,-122.412722,SuburbA,2025-07-17,1634.82,3,1,2,1996,1,6538.44,1,0,5.2,44.1,4.77,413227.89,5800.65,0.0
60,3683 Sunset Ave,94095,37.768977,-122.432264,Riverside,2025-09-23,1713.62,2,2,3,2014,1,6816.35,1,1,7.6,49.8,1.08,505728.52,6662.22,0.0
61,3147 Lake Blvd,94112,37.810195,-122.417178,SuburbA,2024-02-05,1556.0,5,3,1,1970,1,9346.19,2,0,9.1,47.3,4.47,666287.34,5852.86,0.0
62,8832 Lake St,94109,37.769333,-122.414563,SuburbA,2023-08-31,709.78,3,1,3,2015,0,269.72,1,0,10.0,36.1,0.48,156619.29,2333.3,0.0
63,5095 Pine Blvd,94096,37.789704,-122.410686,SuburbB,2023-04-24,2142.13,4,1,3,1998,0,8589.8,1,0,7.3,43.8,2.33,494999.12,6844.62,0.0
64,4416 Hill Rd,94111,37.796003,-122.43466,Riverside,2025-12-11,880.5,3,3,3,1942,1,3131.05,1,0,7.6,29.6,3.16,239021.56,3190.36,0.0
65,4813 Hill Ave,94105,37.800244,-122.399531,OldTown,2022-04-17,2490.09,2,1,2,1908,0,10500.33,0,0,4.3,68.2,3.81,243009.58,2113.68,0.0
66,8608 Hill Rd,94092,37.767942,-122.393761,Downtown,2025-08-07,1203.44,4,3,1,1906,0,11439.9,1,0,9.8,40.1,2.31,178696.46,1565.78,0.0
67,8738 Sunset Blvd,94091,37.776672,-122.402693,SuburbA,2022-03-24,2811.6,3,3,2,1965,1,12321.84,2,0,7.5,33.7,1.69,761768.77,5363.91,0.0
68,3611 Cedar St,94090,37.769157,-122.420982,OldTown,2023-11-10,2363.02,2,2,1,1918,0,7267.12,1,0,5.3,57.2,0.13,158392.52,933.09,0.0
69,7540 Washington Rd,94119,37.748055,-122.442059,SuburbB,2023-01-08,856.62,3,1,3,1968,1,3595.78,0,0,7.3,60.2,3.11,149010.58,2063.99,0.0
70,3089 Maple Blvd,94095,37.768482,-122.416262,Riverside,2022-08-12,3017.59,2,2,3,1939,1,11027.67,1,0,4.8,51.5,0.37,423367.57,4609.27,0.0
71,5862 Sunset Dr,94121,37.775765,-122.389792,SuburbB,2024-10-20,2382.34,2,2,2,1920,1,10535.04,2,0,4.3,50.2,2.73,227158.53,2021.46,0.0
72,8920 Cedar St,94124,37.781366,-122.392228,Uptown,2022-05-28,2153.22,2,1,3,1916,1,3631.45,1,0,8.1,41.8,2.74,506560.46,4453.45,150.0
73,4695 Sunset Ln,94098,37.78885,-122.416064,Downtown,2022-05-13,1874.47,2,1,3,1910,0,4901.72,2,0,9.6,26.4,2.12,218796.78,1778.17,0.0
74,9436 Elm Ln,94102,37.741852,-122.388782,SuburbA,2023-07-24,2416.31,3,2,1,1911,0,6384.38,1,0,5.0,49.0,4.16,336805.99,3570.51,0.0
75,9205 Pine St,94101,37.762366,-122.421179,SuburbA,2022-07-26,3094.3,2,4,2,1920,1,7819.58,1,0,7.2,63.1,0.85,759043.95,9973.63,0.0
76,1679 Lake Ave,94091,37.766683,-122.372621,SuburbA,2021-10-06,2106.66,2,1,1,1944,1,10376.6,0,1,6.6,50.5,4.17,443731.78,3805.19,0.0
77,1090 Washington Dr,94096,37.775635,-122.41266,SuburbB,2021-06-12,1294.52,3,1,2,1913,0,11082.01,1,0,6.8,68.4,0.9,132882.79,1207.64,0.0
78,1841 Sunset Blvd,94102,37.748963,-122.441609,Uptown,2025-03-25,2230.54,2,2,1,2015,0,6879.95,1,0,10.0,32.1,3.01,547281.64,4015.56,0.0
79,9735 Oak Blvd,94105,37.772251,-122.433877,Uptown,2025-04-03,2256.38,3,1,3,1994,0,3848.82,2,1,9.0,48.0,1.24,768723.79,6584.5,0.0
80,2744 Elm Blvd,94089,37.779283,-122.445966,Uptown,2022-01-03,2969.16,5,2,1,1981,1,4315.21,2,0,6.9,52.1,2.5,654397.22,8023.97,300.0
81,327 Lake Blvd,94111,37.747591,-122.426735,Uptown,2021-07-12,2115.93,3,2,2,2000,1,4819.45,1,0,7.8,41.8,2.56,690137.35,5309.5,0.0
82,352 Maple St,94100,37.771451,-122.396977,Uptown,2022-11-27,1971.93,3,2,2,1928,0,8495.49,1,0,6.9,43.7,2.03,558768.69,4930.6,150.0
83,476 Elm St,94091,37.774225,-122.386919,Uptown,2023-06-06,2152.65,2,2,1,2014,0,14029.42,2,0,10.0,43.9,2.94,597588.19,5027.78,150.0
84,9294 River Blvd,94105,37.773072,-122.497243,OldTown,2024-11-25,1956.79,4,2,2,2011,0,3218.82,2,0,5.9,72.1,6.79,460944.64,3603.45,0.0
85,7571 River Dr,94124,37.772762,-122.408233,SuburbA,2025-04-04,1399.11,4,2,3,1981,1,5235.18,0,0,6.0,45.3,1.08,254785.59,2112.83,0.0
86,722 Lake Blvd,94123,37.73056,-122.362514,SuburbB,2026-01-22,2396.3,3,1,1,1955,0,12618.97,0,0,5.0,51.1,6.68,252809.33,2959.99,0.0
87,3632 River Rd,94112,37.751076,-122.397964,Downtown,2021-11-09,1879.72,3,2,2,1917,0,1739.07,1,0,7.2,24.8,2.85,237079.43,2747.44,0.0
88,2056 Washington Ln,94101,37.740393,-122.448356,Downtown,2021-09-01,2286.71,1,3,3,1952,0,9657.77,2,0,10.0,32.7,4.12,471599.41,2775.23,150.0
89,6474 Elm Blvd,94088,37.774835,-122.399595,SuburbA,2025-10-24,1710.99,2,2,2,1933,0,5800.98,1,0,5.5,22.2,1.87,369381.06,4875.27,0.0
90,7255 Maple Blvd,94106,37.77963,-122.433105,SuburbB,2026-04-25,1322.02,3,3,2,1928,0,2616.04,1,0,7.1,42.3,1.57,92331.91,482.88,0.0
91,4844 Oak Blvd,94111,37.789913,-122.398748,SuburbB,2024-05-25,300,3,1,3,1971,0,10666.45,2,0,7.4,53.3,2.89,40179.46,233.26,0.0
92,5324 River St,94119,37.781854,-122.446102,Uptown,2024-01-20,3010.49,2,2,1,1942,0,10542.04,0,0,9.1,37.7,2.64,760229.5,6195.96,0.0
93,5711 Cedar Ln,94088,37.768968,-122.449906,SuburbA,2024-04-12,1829.59,2,2,1,1968,0,3914.12,1,0,6.3,58.6,2.63,418733.72,5096.3,0.0
94,1944 Pine Ln,94092,37.776554,-122.3997,SuburbA,2022-03-12,1575.79,2,4,2,1933,0,6008.59,1,0,7.6,58.6,1.92,306508.53,3478.64,0.0
95,2037 Maple Ave,94118,37.760126,-122.373441,Riverside,2025-06-09,1859.89,1,1,1,1985,0,6786.55,2,0,6.1,28.0,4.23,460890.25,2441.92,0.0
96,5900 River Dr,94104,37.74881,-122.441739,Riverside,2022-12-26,1829.84,4,1,3,1977,0,11476.47,2,0,9.8,55.2,3.03,962173.06,11227.23,0.0
97,571 Lake Ln,94093,37.753845,-122.381951,Uptown,2024-10-01,563.16,3,3,2,1925,1,8199.26,1,0,8.1,38.0,3.79,125419.08,1506.19,0.0
98,5932 Lake Rd,94109,37.786585,-122.433439,SuburbB,2022-12-10,1724.94,3,3,2,1977,0,11309.71,0,0,6.7,39.5,2.19,476082.52,7132.92,0.0
99,4020 Lake Dr,94099,37.761282,-122.452927,SuburbA,2025-02-01,2022.36,2,1,1,1937,1,8645.57,1,0,6.2,56.7,3.05,484386.22,2530.19,0.0
100,2151 Pine Ln,94086,37.77376,-122.447208,SuburbB,2023-03-27,951.49,2,4,3,2020,0,12473.16,0,0,2.9,45.8,2.42,148715.56,1551.97,0.0
101,8969 Sunset Rd,94101,37.77066,-122.436913,Uptown,2026-04-04,2291.26,3,3,2,1926,0,5292.15,0,0,9.0,36.3,1.49,402674.22,3076.4,0.0
102,2519 Cedar St,94086,37.755072,-122.440208,Riverside,2022-04-08,1416.96,4,2,1,1928,0,9713.86,1,0,6.8,57.6,2.43,330908.23,2237.48,0.0
103,4635 Sunset Rd,94111,37.793012,-122.450014,SuburbB,2021-09-11,1970.4,4,2,1,1922,0,5507.4,0,1,5.5,43.2,3.67,325672.18,4403.94,0.0
104,4422 Washington Ave,94125,37.753001,-122.443101,SuburbB,2023-09-15,2140.88,2,1,1,1963,0,12635.28,2,0,6.0,41.5,2.77,468018.3,4709.14,0.0
105,9826 Oak Ave,94120,37.758508,-122.418647,SuburbA,2023-02-03,1890.99,3,2,3,1990,0,6362.65,1,0,4.4,61.4,1.28,513946.11,6128.62,0.0
106,722 Sunset Blvd,94106,37.755118,-122.399999,Riverside,2022-05-03,1922.49,4,1,2,1907,0,4724.78,1,1,10.0,38.9,2.41,243689.46,1652.61,0.0
107,8627 Washington St,94085,37.801776,-122.446491,SuburbA,2021-10-24,3257.87,3,3,1,1999,0,6731.27,0,1,4.3,39.3,4.22,907034.14,9736.15,0.0
108,4078 Hill St,94099,37.803445,-122.472644,OldTown,2021-06-13,3031.99,2,2,1,1958,0,6617.97,1,0,2.1,61.7,5.93,373538.77,3425.11,0.0
109,8433 Pine Dr,94110,37.775013,-122.476303,SuburbB,2021-06-24,1910.68,3,3,3,1930,1,17384.92,0,1,5.4,70.8,4.97,203567.46,2044.01,0.0
110,5997 Cedar Ln,94102,37.766345,-122.441402,SuburbA,2021-08-21,1582.55,1,3,3,1939,1,12431.24,2,0,6.2,40.1,1.92,374451.11,3178.01,0.0
111,5730 Cedar Blvd,94107,37.783905,-122.450351,OldTown,2023-06-16,1039.74,4,1,2,1937,1,1292.31,0,0,4.3,67.0,3.08,113309.11,962.04,0.0
112,7624 Hill Ln,94115,37.7666,-122.361673,SuburbB,2023-03-22,2145.64,1,1,3,1944,0,8933.42,1,0,6.2,69.1,5.13,425231.71,4826.2,0.0
113,9612 Elm Ave,94095,37.77131,-122.453014,SuburbB,2024-07-28,1481.29,3,1,2,1957,0,1270.67,2,0,5.0,55.2,2.9,135068.13,1695.76,0.0
114,6826 Pine Rd,94085,37.790362,-122.453954,OldTown,2024-01-23,1742.46,3,1,3,1959,1,3397.13,0,0,6.3,58.1,3.74,520174.56,3887.22,0.0
115,5907 Sunset Dr,94111,37.763132,-122.407743,Riverside,2022-11-05,1838.27,4,2,2,1995,1,5632.8,1,0,9.7,34.3,1.32,808059.77,5063.88,0.0
116,714 Pine St,94104,37.74361,-122.449281,OldTown,2024-05-29,2846.04,3,1,2,1946,0,21.75,2,0,5.6,49.2,3.9,341984.7,3220.46,0.0
117,6207 Sunset Dr,94101,37.805718,-122.43325,SuburbA,2025-11-29,2607.69,4,1,2,1974,0,5111.81,1,0,10.0,43.2,4.13,630499.16,6023.81,0.0
118,2360 Oak St,94119,37.755073,-122.453717,SuburbA,2022-05-25,1887.97,4,1,2,1927,1,4562.78,1,0,7.3,41.7,3.39,281916.65,3967.58,0.0
119,3657 River Blvd,94121,37.794146,-122.397351,Downtown,2024-06-26,2519.85,4,2,1,1924,1,12742.23,1,0,9.1,32.2,3.34,657111.15,5274.1,0.0
120,831 Lake Rd,94119,37.776703,-122.45744,OldTown,2023-07-15,375.94,2,1,3,2010,1,13827.36,1,0,3.1,42.1,3.37,64851.44,969.13,0.0
121,8563 Pine Ln,94091,37.791362,-122.405164,Uptown,2025-07-09,2267.85,2,3,3,1908,0,10047.9,1,0,8.5,58.8,2.71,268206.21,3080.62,500.0
122,1501 Pine Dr,94109,37.783487,-122.457242,Riverside,2021-08-02,1365.01,4,3,3,1959,1,7928.89,1,0,7.6,47.2,3.59,324528.37,3943.58,0.0
123,5565 Sunset Blvd,94104,37.780838,-122.437129,Downtown,2021-10-17,1882.52,3,1,3,1902,0,10847.15,1,0,10.0,44.6,1.93,386480.26,2672.34,0.0
124,781 River Dr,94097,37.737084,-122.430751,SuburbA,2025-04-02,475.71,3,2,2,1944,0,9201.44,1,0,8.0,67.5,3.77,66469.74,724.74,0.0
125,2757 Elm Blvd,94119,37.78676,-122.390369,Downtown,2024-12-15,1494.83,3,2,2,1964,1,725.35,0,0,8.7,36.0,3.2,521940.66,6150.61,0.0
126,4778 Washington Ave,94109,37.747235,-122.432445,SuburbA,2026-04-14,2434.59,3,3,3,1974,0,7686.84,2,0,7.5,45.5,2.75,498449.99,5253.35,0.0
127,3191 Maple Ln,94115,37.749141,-122.424027,Riverside,2022-08-22,1670.22,3,3,1,1973,1,6176.03,0,1,6.4,52.9,2.34,444699.68,3878.74,0.0
128,7024 Washington Ln,94095,37.777705,-122.422594,Downtown,2021-11-25,3115.73,4,3,2,1949,1,5903.04,1,0,10.0,50.4,0.89,717853.32,3944.97,0.0
129,8557 Maple Ave,94105,37.759179,-122.455293,Riverside,2024-01-11,1500.48,4,3,3,1920,1,10488.42,1,0,10.0,39.9,3.32,408959.52,4161.19,0.0
130,8932 Pine Ave,94086,37.767592,-122.467313,SuburbB,2025-02-05,2584.78,3,3,3,2008,0,10410.65,2,0,4.5,65.3,4.16,488732.73,4936.36,0.0
131,2011 Sunset Dr,94085,37.790368,-122.383064,Uptown,2021-10-24,1933.41,4,2,1,1929,0,7460.63,1,0,7.4,53.3,3.95,304366.6,1802.22,150.0
132,6236 Oak Blvd,94104,37.805392,-122.438181,OldTown,2022-08-24,2065.79,2,1,2,1980,0,11434.28,0,0,5.1,58.2,4.24,362233.45,4521.87,0.0
133,3642 Sunset Ave,94123,37.769479,-122.3889,SuburbA,2021-07-06,2383.56,3,1,3,1902,1,3397.65,2,0,8.3,47.1,2.73,270681.88,2465.53,0.0
134,4165 Pine St,94105,37.791473,-122.464468,Downtown,2024-11-02,2432.28,2,2,1,1961,0,83.79,0,0,9.5,23.8,4.57,768308.1,4439.49,300.0
135,8039 Oak Dr,94089,37.755856,-122.393182,Uptown,2021-09-12,1192.17,3,1,1,1928,0,1721.71,1,1,8.8,50.3,2.83,264469.17,1583.89,300.0
136,6345 Elm Ln,94104,37.746797,-122.445156,Downtown,2024-08-13,1167.12,2,1,3,1971,0,8390.77,1,0,7.7,46.0,3.39,266238.01,2450.64,0.0
137,2025 Washington Rd,94116,37.762269,-122.419829,SuburbA,2025-12-21,1643.16,6,4,3,2006,0,9215.76,2,0,2.7,39.3,0.86,621411.9,3775.39,0.0
138,2081 Sunset Ln,94100,37.803097,-122.458512,SuburbB,2024-06-21,1602.06,3,2,3,1903,0,10099.94,1,0,7.0,50.2,4.99,257497.01,3714.4,0.0
139,5976 Hill Ln,94107,37.756547,-122.460156,Riverside,2023-02-15,3692.7,2,3,2,2002,1,1631.42,0,0,8.8,55.3,3.83,1348341.94,9477.95,0.0
140,1452 Oak St,94116,37.777036,-122.458019,Uptown,2024-12-04,2127.48,3,2,1,1969,0,12926.83,2,0,8.3,42.0,3.43,470030.29,2711.13,0.0
141,5212 Elm Dr,94099,37.773427,-122.440706,SuburbA,2023-06-30,1191.53,2,2,1,1919,1,8528.59,2,1,8.9,36.7,1.86,211014.89,2054.55,0.0
142,2858 Washington Rd,94117,37.759564,-122.445383,Riverside,2023-03-27,2078.0,3,1,3,1950,0,7267.3,1,0,8.3,39.0,2.51,321653.48,3961.74,0.0
143,9300 Washington Blvd,94116,37.79677,-122.413448,SuburbA,2022-10-19,1650.47,4,2,3,1993,0,8352.67,0,1,6.4,58.1,3.03,411334.66,4247.65,0.0
144,6703 Washington Ave,94097,37.769339,-122.424997,Uptown,2022-01-19,2689.57,2,1,2,1993,0,11910.78,2,0,6.7,49.6,0.44,457829.14,3428.61,0.0
145,7685 Cedar Dr,94107,37.738109,-122.456412,Riverside,2022-03-15,2338.53,2,1,3,1985,0,5002.64,1,1,6.7,31.1,4.77,1110573.53,14896.78,0.0
146,5836 Lake Ln,94109,37.765532,-122.441433,SuburbB,2024-06-08,2512.32,4,2,3,1950,1,6330.5,1,1,6.9,64.2,1.94,519986.88,4207.08,0.0
147,3587 Pine Rd,94121,37.72614,-122.455703,SuburbB,2024-05-17,2278.91,3,3,3,1987,1,9275.34,2,0,5.4,64.1,5.79,500151.01,5690.43,0.0
148,2190 Lake Blvd,94106,37.789528,-122.413509,SuburbB,2025-10-24,1571.6,2,1,1,1994,0,6401.08,1,0,5.7,52.6,2.24,251775.56,2582.61,0.0
149,2030 Washington Blvd,94113,37.753145,-122.408983,SuburbA,2024-08-12,2936.74,3,2,1,1938,0,11432.88,0,0,5.1,48.1,2.11,364806.92,3059.45,0.0
150,4419 Pine Ln,94125,37.765726,-122.415564,SuburbB,2024-12-17,2509.98,5,3,1,2015,1,4781.08,1,0,4.1,62.3,0.61,598790.8,4354.54,0.0
151,4493 Cedar Blvd,94094,37.732289,-122.443857,Uptown,2026-03-23,2134.55,4,2,1,1947,1,7797.07,2,0,5.8,48.1,4.68,646176.81,4569.71,0.0
152,9296 Oak Blvd,94103,37.726785,-122.403177,OldTown,2023-07-08,1329.65,3,2,1,1975,0,11560.16,1,0,7.6,42.2,5.02,211997.73,1943.43,0.0
153,9510 Hill Dr,94110,37.780154,-122.446671,SuburbA,2024-03-10,1005.94,2,2,1,1953,1,15335.05,1,0,8.1,46.8,2.6,147911.63,1594.56,0.0
154,6644 Maple Ln,94106,37.738961,-122.477666,Uptown,2022-01-27,1580.01,5,3,2,1961,1,3923.55,1,0,7.6,36.6,6.12,352199.04,3662.54,0.0
155,6811 Washington St,94116,37.749908,-122.364148,SuburbA,2025-12-04,1673.72,2,1,3,1967,1,7114.82,1,0,7.4,31.2,5.38,219439.57,3104.3,0.0
156,9052 Sunset Ave,94112,37.76104,-122.368131,OldTown,2025-04-09,1881.44,3,3,1,1935,0,14016.76,1,0,5.3,57.8,4.66,279255.41,1833.29,0.0
157,5869 Washington St,94110,37.75619,-122.407415,SuburbB,2025-05-10,1037.43,2,2,2,1922,0,8593.66,1,0,6.1,42.8,1.89,163368.31,1609.63,0.0
158,2933 Maple Blvd,94120,37.795299,-122.486217,Riverside,2023-06-30,1010.22,2,2,3,1957,0,3084.0,2,0,7.4,27.8,6.45,232787.06,1874.91,0.0
159,4231 Pine Blvd,94122,37.793399,-122.468596,OldTown,2025-09-19,2113.98,4,2,1,1936,0,12127.11,0,0,5.5,71.8,4.99,253274.38,1972.0,0.0
160,6893 Hill Rd,94106,37.768464,-122.428345,SuburbA,2025-05-03,3072.91,4,2,1,1974,0,7942.56,1,0,7.4,55.9,0.75,1140127.86,12553.76,0.0
161,292 Maple Ave,94125,37.741252,-122.461163,Uptown,2023-11-19,2066.26,2,3,2,1980,1,9483.19,1,0,6.1,18.6,4.82,587864.22,4254.19,300.0
162,2079 Elm Blvd,94086,37.781135,-122.417706,OldTown,2024-12-11,1703.67,3,1,1,1938,1,8955.36,0,0,7.7,43.5,1.25,245785.66,3424.02,0.0
163,3527 Hill Ln,94102,37.775472,-122.422167,SuburbB,2021-05-16,1569.31,3,2,2,1909,0,10152.72,2,0,6.9,50.0,0.64,209748.17,1193.95,0.0
164,6152 Oak Ln,94097,37.733452,-122.435536,SuburbB,2026-02-10,1502.7,1,2,1,2001,0,9269.67,1,1,8.3,62.6,4.28,710674.14,3557.6,0.0
165,8930 Maple St,94094,37.769504,-122.415881,OldTown,2023-05-04,1364.64,4,3,3,1955,1,8498.39,1,0,6.8,56.9,0.37,315039.69,1757.1,0.0
166,5506 Cedar Rd,94098,37.744846,-122.412893,OldTown,2025-06-29,792.25,4,2,1,1953,1,7302.4,1,0,6.9,67.8,2.86,131532.93,698.77,0.0
167,2898 Elm St,94121,37.754761,-122.443469,SuburbB,2024-08-06,2035.4,2,1,3,1927,0,3121.56,2,0,6.8,68.3,2.66,185115.75,989.61,0.0
168,6932 Sunset Dr,94122,37.75998,-122.395331,Uptown,2021-07-18,857.07,2,1,1,1985,1,7132.81,1,0,6.1,35.7,2.43,245033.68,2034.11,0.0
169,9261 Pine St,94086,37.788404,-122.455316,Uptown,2024-01-24,402.11,2,3,1,1991,1,4885.28,1,0,9.3,59.5,3.71,88435.92,751.15,0.0
170,4538 Lake St,94096,37.758062,-122.430259,SuburbA,2025-03-23,2260.62,4,2,1,2008,0,13546.88,0,0,8.4,56.4,1.6,558307.67,4420.8,0.0
171,9115 Sunset Ave,94115,37.756931,-122.384907,SuburbB,2024-12-03,2872.13,1,1,3,1990,0,3361.91,1,0,8.9,48.0,3.4,856346.63,9651.1,0.0
172,5691 Washington Blvd,94105,37.745882,-122.462616,Uptown,2025-01-17,1886.22,2,1,1,1937,1,9660.04,2,1,7.2,59.4,4.6,385740.87,3347.51,0.0
173,7959 Elm Rd,94105,37.747439,-122.439725,Downtown,2025-07-02,2555.13,3,1,1,1954,0,14679.21,2,0,10.0,35.6,3.04,585295.96,5182.62,0.0
174,4197 Maple Dr,94116,37.77442,-122.520124,OldTown,2024-06-07,676.01,6,3,2,1906,0,9658.0,0,0,7.2,60.6,8.8,121329.3,917.11,0.0
175,2282 Maple Rd,94108,37.792002,-122.453741,Downtown,2024-08-30,2869.58,2,3,2,1984,0,10392.54,0,0,10.0,52.7,3.84,828642.74,11106.66,0.0
176,4259 Hill Ave,94108,37.771319,-122.386508,Downtown,2022-09-27,2168.29,3,1,3,1970,0,7189.14,2,0,8.7,35.3,2.94,458279.04,5403.16,0.0
177,4583 Sunset Dr,94110,37.730013,-122.411997,Riverside,2024-04-11,1061.33,2,3,2,1923,1,3195.8,0,1,6.0,27.0,4.49,120636.19,1336.11,0.0
178,5081 Cedar Ln,94088,37.749223,-122.351595,Downtown,2024-04-18,2532.27,4,1,2,1942,0,12027.76,1,0,9.3,40.9,6.43,503004.54,5039.44,500.0
179,6831 Oak Dr,94117,37.714778,-122.427576,Uptown,2025-11-09,300,1,2,3,1992,1,14019.6,1,1,8.4,54.6,6.17,225096.86,2667.0,0.0
180,8820 Elm Rd,94124,37.771263,-122.377839,Riverside,2022-10-30,1894.29,3,4,1,1962,0,10847.32,1,0,10.0,35.6,3.7,372614.37,4235.45,0.0
181,1586 Sunset Ln,94123,37.776081,-122.430109,Riverside,2021-09-13,3045.44,3,2,2,2005,0,2046.06,1,0,9.8,24.7,1.11,637308.7,3658.18,0.0
182,5426 Hill Blvd,94106,37.743205,-122.396676,Riverside,2024-04-26,1914.2,4,2,3,1932,0,9793.12,1,0,9.9,46.8,3.61,261717.76,1642.85,0.0
183,5999 Pine St,94120,37.78417,-122.392755,Downtown,2022-01-09,2045.12,4,3,1,2005,0,1934.68,2,0,7.5,39.0,2.86,758263.02,9418.97,500.0
184,2956 Elm Ln,94118,37.758072,-122.429715,SuburbA,2024-07-06,2367.7,2,2,3,1974,0,6784.16,2,0,8.5,46.4,1.57,634632.2,7731.57,0.0
185,6372 Oak Ln,94098,37.794021,-122.463912,SuburbA,2022-03-02,2060.07,4,2,1,1960,1,6685.58,1,1,8.4,39.6,4.69,231675.77,1161.9,0.0
186,573 Hill Ave,94098,37.757651,-122.441326,Uptown,2024-01-25,1755.04,1,1,1,1968,1,7078.2,1,0,8.0,39.0,2.32,357571.94,4918.24,0.0
187,7128 Sunset Ln,94093,37.784712,-122.398493,SuburbB,2023-08-21,1949.11,3,1,3,1909,0,10709.6,2,0,4.5,52.5,2.5,226892.64,2211.25,0.0
188,8516 Cedar Blvd,94116,37.744437,-122.41179,Riverside,2022-04-08,2290.01,5,1,2,2018,0,4010.02,2,1,9.0,40.9,2.93,640275.4,3455.89,0.0
189,2339 Sunset Dr,94105,37.813903,-122.424935,SuburbB,2025-03-23,2076.99,4,3,1,1986,0,3561.48,1,0,6.0,43.2,4.89,507058.41,5439.63,0.0
190,6059 Lake Ln,94124,37.730954,-122.415686,SuburbB,2023-05-04,300,3,3,2,1953,0,5602.75,2,1,4.9,47.7,4.35,45706.7,684.15,0.0
191,8932 Cedar Ave,94123,37.757759,-122.416958,SuburbA,2024-08-10,2658.66,3,2,2,1960,1,659.36,1,0,5.8,51.4,1.38,748690.8,5793.59,0.0
192,9132 Pine Dr,94094,37.759559,-122.40082,Downtown,2024-06-17,2980.98,1,3,2,1972,0,5155.88,0,0,9.9,32.9,2.04,1082738.31,14188.54,500.0
193,2250 River St,94087,37.778933,-122.418195,Downtown,2026-01-15,2010.26,2,1,3,1977,0,7667.26,0,0,7.3,49.8,1.0,1043197.5,14252.91,0.0
194,4693 Elm Ave,94093,37.767009,-122.432505,Downtown,2025-08-18,2725.73,1,2,1,1932,0,9556.07,0,0,9.5,36.2,1.15,517627.71,3954.85,0.0
195,4483 Sunset Dr,94107,37.743997,-122.431041,SuburbB,2024-10-20,1758.36,3,1,1,1949,0,4117.7,0,1,6.6,53.2,3.04,271361.07,2959.94,0.0
196,2196 Hill Ave,94096,37.755225,-122.436777,OldTown,2024-05-26,647.91,2,3,3,1980,0,1191.82,1,0,6.0,30.7,2.2,78298.13,835.38,0.0
197,978 Pine Dr,94094,37.786694,-122.401612,OldTown,2022-02-04,2356.46,4,1,1,1902,0,5141.04,0,1,6.1,57.0,2.46,437217.82,5953.96,0.0
198,6881 River Rd,94119,37.792679,-122.41853,Uptown,2023-03-13,300,4,1,3,1965,1,5541.83,1,0,9.0,67.2,2.52,58467.46,730.57,0.0
199,575 Elm Ave,94117,37.744198,-122.412204,Downtown,2022-04-16,1608.97,2,1,1,2020,1,13031.18,1,0,10.0,44.8,2.94,721754.12,6751.83,0.0
200,6066 Sunset St,94114,37.734693,-122.438078,Downtown,2021-06-22,619.01,4,3,1,2000,1,14951.6,2,0,9.6,51.6,4.23,356105.83,3019.8,0.0
201,6764 Pine Blvd,94094,37.768549,-122.443706,SuburbB,2026-01-09,3587.77,3,3,2,1933,0,9259.41,1,0,9.3,37.7,2.09,642532.37,6160.76,0.0
202,8426 Maple Rd,94085,37.758688,-122.413763,OldTown,2022-09-17,2899.35,3,3,1,2010,0,9853.47,1,0,10.0,69.7,1.37,452121.69,3385.18,0.0
203,1053 Oak Blvd,94122,37.754303,-122.366051,Riverside,2024-01-16,1143.56,2,1,3,1908,1,13081.83,1,0,7.4,40.0,5.04,221965.02,1260.67,0.0
204,4314 Washington St,94095,37.761078,-122.423471,SuburbA,2023-07-03,2663.94,5,4,3,1926,0,3410.7,2,1,5.2,58.0,1.04,265194.89,2717.46,0.0
205,8345 Cedar St,94112,37.787739,-122.384186,SuburbA,2022-06-02,2276.35,3,2,3,1998,0,4899.07,1,0,7.7,50.7,3.71,362392.65,4021.92,0.0
206,7196 Cedar Ave,94100,37.785542,-122.405166,OldTown,2024-08-06,2537.15,4,3,3,1945,0,1888.73,1,0,5.8,64.8,2.16,382399.63,5434.76,0.0
207,3780 Hill Ave,94108,37.780626,-122.485966,SuburbA,2023-02-12,898.45,3,2,1,1901,0,196.82,2,0,7.6,53.0,5.91,131228.1,1189.8,0.0
208,2697 Sunset Rd,94112,37.802982,-122.398599,Downtown,2021-05-17,2193.92,3,2,3,1983,0,464.48,1,0,9.8,45.7,4.11,588330.68,4137.31,0.0
209,7626 Washington Dr,94098,37.770232,-122.459868,Downtown,2026-03-28,2232.73,3,2,3,1920,0,9620.04,1,0,8.0,51.9,3.5,601616.04,4781.67,300.0
210,5157 Hill Ln,94123,37.817773,-122.400872,Downtown,2023-11-12,2011.97,1,3,1,1915,0,3686.56,1,0,8.6,45.8,5.56,317571.02,3743.86,0.0
211,7993 Oak Ave,94097,37.78135,-122.428218,Downtown,2021-08-21,1325.16,3,4,3,1933,1,7451.23,1,0,9.7,44.9,1.45,388131.26,3661.67,0.0
212,1998 Oak Blvd,94124,37.757179,-122.397867,Downtown,2024-08-02,1543.99,4,2,2,1977,0,5196.23,1,0,10.0,31.1,2.41,529985.61,4730.89,0.0
213,2689 Oak Ave,94098,37.753039,-122.412942,OldTown,2022-01-22,1936.73,3,2,3,1965,0,181.64,1,0,5.7,67.3,1.98,543941.88,5888.03,0.0
214,7203 Cedar Rd,94086,37.772093,-122.384472,Downtown,2023-06-27,1942.63,3,2,3,1922,0,944.57,0,1,9.7,46.7,3.13,395619.18,5070.25,0.0
215,9060 Pine Dr,94125,37.747914,-122.36645,SuburbB,2023-06-02,2896.2,2,1,2,1958,0,8656.94,1,1,5.0,58.6,5.3,658833.98,7681.14,0.0
216,4502 Elm Dr,94108,37.796759,-122.424482,Downtown,2024-02-01,852.49,3,3,3,1981,0,5229.57,2,0,10.0,39.9,3.0,324565.04,3938.66,0.0
217,6625 Maple Rd,94118,37.750169,-122.417054,Riverside,2024-04-18,1261.03,2,2,1,1978,0,4416.69,1,0,6.2,35.0,2.22,305123.73,3275.12,0.0
218,7639 Elm Blvd,94116,37.733993,-122.429076,Downtown,2026-02-28,2202.97,3,1,3,1952,1,10818.94,0,0,9.1,46.1,4.08,479203.22,7162.91,0.0
219,2360 Oak Ave,94120,37.741375,-122.470595,Riverside,2022-10-02,2861.97,2,2,1,2007,0,7537.37,0,0,8.8,37.6,5.46,931720.79,8766.77,0.0
220,3746 Washington Rd,94109,37.798501,-122.414507,SuburbA,2022-02-13,2317.54,4,3,1,2015,0,3045.53,0,0,8.5,62.4,3.2,655622.55,7430.04,0.0
221,9816 Maple Dr,94120,37.780615,-122.389925,OldTown,2023-10-24,2245.08,4,3,3,1951,0,13928.41,0,0,6.1,43.4,2.89,373774.95,5067.87,0.0
222,5445 Elm Dr,94090,37.770595,-122.485558,Riverside,2025-10-26,1618.67,3,3,2,1961,1,721.44,2,0,7.8,21.6,5.75,468764.12,6030.4,0.0
223,7652 Hill Blvd,94119,37.75413,-122.482764,OldTown,2024-03-22,2340.63,4,2,3,1953,1,11756.32,1,0,4.6,54.8,5.78,410219.15,4091.9,0.0
224,8708 Sunset St,94102,37.7829,-122.409042,Downtown,2023-05-14,955.04,3,3,3,2006,0,2197.17,1,0,9.0,36.7,1.72,325990.1,4252.5,0.0
225,4962 Maple St,94122,37.743119,-122.453628,SuburbB,2024-08-24,1560.36,4,1,2,1947,1,14066.6,1,0,7.6,50.6,4.2,118546.24,1535.65,0.0
226,786 Oak Ln,94113,37.772386,-122.432722,OldTown,2022-01-05,908.86,2,1,3,2019,1,195.83,1,0,8.9,56.3,1.15,235043.3,1539.95,0.0
227,9346 Oak Rd,94121,37.759565,-122.373152,SuburbB,2026-01-18,384.79,2,1,3,2009,0,7738.98,1,0,7.3,46.3,4.27,95196.39,838.55,0.0
228,7586 River Rd,94119,37.712289,-122.433579,Uptown,2023-11-17,2176.06,4,3,1,1944,0,11075.75,1,0,6.3,42.5,6.52,440827.87,4060.67,0.0
229,459 Pine Blvd,94093,37.805763,-122.452561,Riverside,2024-12-07,1787.4,3,3,3,1988,0,10068.04,1,0,9.2,45.7,4.89,431903.38,4882.64,0.0
230,535 Oak Rd,94090,37.745326,-122.398483,OldTown,2024-05-07,1710.4,4,2,2,2004,0,7943.61,1,1,5.2,59.3,3.33,371449.68,2112.96,0.0
231,2855 Sunset Blvd,94086,37.77086,-122.407766,SuburbA,2026-01-30,2459.98,4,3,1,1986,0,7911.57,1,0,2.8,67.5,1.08,556282.3,4977.78,0.0
232,856 Oak Ln,94118,37.753301,-122.420028,Riverside,2025-08-09,1209.58,3,2,1,1937,0,6386.9,0,0,9.9,39.4,1.85,233937.0,3387.17,0.0
233,2060 Washington Dr,94094,37.78974,-122.383348,SuburbA,2024-02-26,2063.21,4,1,2,2007,1,19040.53,1,0,8.4,46.3,3.89,648360.27,8833.83,0.0
234,5130 Hill Ave,94105,37.757395,-122.414795,SuburbB,2023-11-08,1933.16,3,1,2,1972,1,7070.3,0,0,4.7,49.2,1.47,356735.82,4440.82,0.0
235,7778 Cedar Rd,94100,37.775397,-122.407666,SuburbA,2022-02-21,1387.36,3,1,2,1916,0,12850.76,1,1,7.4,50.7,1.24,163981.24,914.18,0.0
236,8522 Washington Rd,94087,37.766534,-122.381749,SuburbB,2024-11-26,1397.27,2,2,2,1936,0,5571.04,0,0,5.2,53.4,3.38,200160.7,1523.18,0.0
237,8111 Cedar Ln,94096,37.770191,-122.392136,SuburbB,2023-09-08,837.57,2,3,2,1976,0,1727.91,0,0,7.4,58.9,2.44,97779.8,1375.19,0.0
238,7284 Cedar St,94122,37.777454,-122.398952,Downtown,2024-07-01,2751.08,3,2,1,1928,0,11615.89,2,0,8.6,33.6,2.02,654941.22,5322.83,150.0
239,7903 River Rd,94115,37.765392,-122.407943,Uptown,2023-03-20,2413.66,4,1,2,2004,1,6528.84,1,0,9.7,47.0,1.18,608549.02,6816.36,500.0
240,8782 Maple Rd,94098,37.822414,-122.417737,Downtown,2023-03-01,2373.32,2,1,2,2016,0,5010.61,1,0,8.6,50.1,5.82,703576.64,5833.83,0.0
241,6403 Maple Ln,94114,37.784153,-122.465235,OldTown,2025-02-02,2322.3,2,2,1,1912,0,12483.97,1,0,6.5,65.6,4.27,580612.57,3133.79,0.0
242,2398 Elm Ave,94118,37.819216,-122.383964,OldTown,2021-07-23,1893.65,3,4,2,1956,0,16638.74,1,0,5.0,57.6,6.31,214292.56,1299.33,0.0
243,5242 Elm Rd,94122,37.769443,-122.405658,Riverside,2025-03-03,2511.47,4,1,1,1974,1,21483.8,2,1,8.7,28.6,1.26,982114.36,11065.79,0.0
244,530 Washington Ln,94118,37.772791,-122.38553,OldTown,2025-12-07,2060.56,2,2,2,1934,0,9848.65,1,0,6.8,42.6,3.04,331953.63,3033.23,0.0
245,2825 Sunset St,94121,37.802717,-122.450617,SuburbB,2025-04-09,2439.52,3,2,1,1938,0,1596.48,1,1,2.9,54.2,4.52,152844.73,1841.35,0.0
246,6137 Cedar Ln,94089,37.748256,-122.399565,SuburbB,2022-12-29,2015.54,2,2,1,1925,0,9193.38,0,0,5.2,49.1,3.01,183389.19,1102.4,0.0
247,9187 Pine Rd,94110,37.811448,-122.435629,Uptown,2023-03-29,1239.79,3,1,3,1954,1,3648.72,1,1,5.5,41.1,4.8,410498.84,5518.57,0.0
248,1919 Oak Rd,94110,37.755876,-122.446804,Riverside,2026-02-19,2340.92,4,3,3,1980,0,9179.55,1,0,8.4,31.7,2.83,460537.24,4399.57,0.0
249,194 Cedar Ave,94088,37.770593,-122.453958,OldTown,2024-11-20,1202.42,1,1,1,2015,0,9272.98,1,0,6.9,56.1,2.98,351390.45,4178.67,0.0
250,4403 Pine Ln,94102,37.789569,-122.374228,Riverside,2022-05-06,2262.54,2,2,3,1994,1,5648.46,1,0,6.9,43.8,4.57,830703.11,7289.12,0.0
251,6231 Oak Blvd,94095,37.751964,-122.412603,Uptown,2021-07-11,2129.27,4,1,3,1926,0,6555.78,1,0,8.0,32.4,2.1,382259.03,4963.49,0.0
252,695 Cedar Dr,94125,37.739063,-122.434418,Uptown,2023-08-10,1012.72,5,1,1,1982,0,7748.01,2,1,10.0,38.6,3.66,259480.16,2238.97,0.0
253,9313 Oak Rd,94120,37.763933,-122.420194,OldTown,2025-09-22,1535.46,1,2,1,1901,0,5304.2,1,0,5.0,49.6,0.67,202896.83,3037.45,0.0
254,682 Washington Dr,94114,37.762747,-122.451966,SuburbA,2023-01-29,1219.73,4,1,3,1930,1,6640.34,1,0,8.4,67.1,2.92,164883.18,1053.14,0.0
255,8545 Maple Ave,94115,37.80544,-122.425059,SuburbB,2024-01-09,1213.75,3,3,1,1994,0,14170.98,1,1,6.0,47.5,3.96,372304.72,1892.71,0.0
256,870 Elm St,94095,37.795682,-122.444806,Riverside,2024-04-02,2286.41,4,2,3,1943,0,10733.03,2,0,10.0,31.3,3.59,826045.24,12278.14,0.0
257,1173 Elm Ave,94085,37.810238,-122.456205,SuburbB,2025-07-12,1934.42,4,1,2,1903,1,6705.7,0,0,3.5,59.8,5.48,179280.18,2564.35,0.0
258,4800 River Dr,94087,37.776635,-122.456983,SuburbB,2023-11-14,1947.66,3,1,3,2018,1,1082.42,0,0,8.7,72.6,3.33,509957.87,5909.69,0.0
259,7823 Elm St,94119,37.744459,-122.448967,OldTown,2022-02-04,1905.57,3,2,1,1980,0,9144.87,0,0,5.7,59.9,3.81,294628.56,3791.19,0.0
260,2845 Sunset Dr,94118,37.779326,-122.430087,OldTown,2022-10-07,1329.92,3,3,3,1975,1,9584.4,0,0,7.4,68.7,1.36,269146.22,2092.19,0.0
261,9663 Sunset Ave,94116,37.728929,-122.409797,SuburbA,2024-01-16,1821.47,2,3,1,1975,0,3196.78,0,1,8.6,50.4,4.65,265449.85,2721.82,0.0
262,972 Sunset Blvd,94099,37.782064,-122.43507,OldTown,2021-08-14,1723.62,1,1,1,1968,0,7744.95,0,0,5.5,63.1,1.88,410530.48,2248.83,0.0
263,8894 Lake Rd,94090,37.782042,-122.436548,Riverside,2023-06-07,1131.55,3,2,1,2019,0,10063.95,0,0,9.9,57.7,1.97,494049.18,7013.84,0.0
264,4069 Maple St,94111,37.794231,-122.396145,Riverside,2025-07-30,2662.27,1,2,3,1990,0,6537.33,0,1,10.0,50.7,3.41,941367.4,4766.77,0.0
265,6421 Sunset St,94113,37.762722,-122.402342,SuburbA,2025-04-05,2466.2,2,3,2,1951,1,3468.21,0,0,7.4,62.4,1.75,561912.88,4471.69,0.0
266,3024 Pine Ave,94095,37.723895,-122.410814,SuburbA,2024-08-23,2042.84,1,2,1,2014,0,8139.62,1,0,4.2,31.6,5.18,672668.28,3511.76,0.0
267,9261 Cedar Ln,94106,37.79541,-122.393558,Downtown,2026-01-17,697.54,2,2,1,1974,1,1126.71,1,1,10.0,39.5,3.65,167907.9,968.56,0.0
268,6650 Elm Dr,94095,37.785689,-122.449484,Downtown,2023-06-08,2017.14,3,3,3,2000,1,5133.68,2,0,10.0,38.5,3.12,1241176.93,11772.13,0.0
269,7769 Oak St,94107,37.778077,-122.473267,SuburbB,2024-06-23,2351.2,3,1,3,1902,0,8884.64,2,0,7.3,62.4,4.76,220025.28,1870.5,0.0
270,1317 Pine Ln,94118,37.782658,-122.419146,OldTown,2022-11-25,1752.04,3,1,2,2001,1,8598.32,1,0,6.5,62.8,1.41,625035.19,7635.0,0.0
271,4084 Hill Dr,94094,37.753441,-122.385984,Uptown,2022-01-28,1455.13,2,3,2,1977,1,468.44,1,0,8.0,43.5,3.51,462632.9,4512.09,0.0
272,5382 Pine Rd,94120,37.7676,-122.433291,Riverside,2023-04-25,2690.7,2,1,3,1971,0,9153.27,1,1,7.4,39.1,1.2,436533.67,3486.97,0.0
273,1990 Pine St,94109,37.759138,-122.482952,OldTown,2025-10-21,2974.46,2,1,3,1967,0,9203.5,1,0,6.9,58.7,5.65,895411.61,12512.34,0.0
274,1567 Hill Dr,94111,37.766068,-122.385009,SuburbB,2025-05-13,1062.56,4,3,2,2013,0,5427.73,1,1,5.1,54.7,3.1,184998.81,1407.88,0.0
275,9385 Washington Ln,94107,37.789818,-122.444195,Riverside,2021-11-30,853.08,2,3,3,1937,1,11356.31,0,0,10.0,44.1,3.06,502550.6,7372.45,0.0
276,1463 River St,94101,37.775629,-122.427581,SuburbB,2022-04-26,1391.22,3,1,1,1957,0,3122.23,0,0,6.5,46.4,0.91,117428.75,1629.69,0.0
277,3999 Oak Rd,94100,37.783914,-122.399018,SuburbA,2026-01-01,1093.6,3,2,3,2009,0,7392.33,0,0,9.5,38.1,2.4,284977.57,4120.8,0.0
278,5076 River Dr,94121,37.755227,-122.45384,OldTown,2025-06-10,1454.86,3,2,1,1969,1,11115.29,1,0,4.4,56.5,3.39,392621.35,5633.51,0.0
279,9380 Pine Blvd,94119,37.778259,-122.419782,SuburbB,2021-10-20,2106.8,2,1,3,1974,0,1023.97,2,1,5.0,52.4,0.92,264714.83,1559.2,0.0
280,271 Maple Blvd,94096,37.765745,-122.393528,Uptown,2026-03-09,2398.76,3,2,2,1972,1,10545.56,0,0,9.8,45.1,2.37,1255976.67,7430.17,0.0
281,7606 River St,94100,37.806614,-122.437858,Riverside,2025-10-08,1915.53,2,3,2,1913,1,8096.03,1,0,9.1,52.0,4.36,336784.11,2492.28,0.0
282,7824 Pine Ln,94117,37.782798,-122.461594,Downtown,2022-04-06,1036.69,2,2,3,2002,1,12895.24,1,0,10.0,56.6,3.92,391104.27,3511.5,0.0
283,7933 Oak St,94093,37.79009,-122.397529,OldTown,2024-12-01,1359.62,3,2,3,1948,0,8581.73,1,0,1.9,57.1,2.98,176556.78,1457.2,0.0
284,165 River Ln,94104,37.775638,-122.415966,Uptown,2022-03-03,2356.58,5,2,1,1947,1,5111.05,1,0,8.4,51.3,0.72,544114.24,6590.79,0.0
285,2518 Lake Blvd,94086,37.777676,-122.434723,SuburbA,2022-05-10,1187.2,1,3,1,1953,0,2905.43,1,0,10.0,64.9,1.55,209048.8,1649.26,0.0
286,7379 River Blvd,94094,37.758882,-122.371681,OldTown,2023-08-28,1295.36,4,1,1,1939,0,11223.95,1,0,6.5,62.8,4.42,197472.42,1436.14,0.0
287,6344 Maple Rd,94122,37.766385,-122.418798,SuburbA,2026-03-15,1415.54,4,2,3,1910,1,3201.55,1,0,9.2,50.4,0.41,193656.58,2576.42,0.0
288,2090 Oak Ave,94105,37.783772,-122.470125,SuburbB,2023-09-05,1934.79,3,1,1,1920,0,2986.81,1,0,4.9,64.3,4.66,277914.57,3118.66,0.0
289,7371 Oak Rd,94102,37.789367,-122.404933,SuburbA,2024-02-02,1316.29,5,1,1,2000,0,549.59,2,1,5.9,48.5,2.52,359183.6,2513.26,0.0
290,7288 Hill Dr,94104,37.767038,-122.413956,Downtown,2025-06-19,2465.92,3,1,3,1964,0,4626.92,0,0,7.4,45.4,0.62,650985.42,7968.7,0.0
291,4210 Hill Dr,94124,37.763896,-122.448414,SuburbB,2023-05-24,1783.79,3,2,2,2016,0,13461.84,2,0,6.6,77.0,2.58,446100.24,4659.61,0.0
292,6824 Hill Blvd,94105,37.755207,-122.410986,SuburbB,2024-09-30,890.79,3,3,1,1993,0,3892.86,2,0,7.7,49.6,1.82,272599.09,1650.1,0.0
293,2855 Oak Ln,94120,37.75202,-122.418386,SuburbB,2025-07-07,2492.13,4,2,3,1939,0,7493.02,2,0,5.7,52.7,2.0,447528.11,6677.6,0.0
294,601 Cedar Ave,94103,37.779485,-122.418753,SuburbA,2021-10-06,2487.01,3,1,3,1909,0,8459.84,1,0,7.7,22.3,1.06,722792.1,9986.64,0.0
295,6708 Cedar Dr,94105,37.783939,-122.430514,Riverside,2026-03-08,2645.84,3,2,2,1924,1,5341.9,2,0,8.2,37.5,1.8,335016.06,3928.34,0.0
296,2817 Oak Ave,94109,37.755673,-122.445369,OldTown,2021-11-21,1498.24,2,2,3,1904,1,11029.8,1,0,4.9,48.1,2.74,151026.26,2222.68,0.0
297,2204 River Blvd,94119,37.81215,-122.397815,SuburbA,2021-12-16,1508.99,2,2,2,1937,1,12193.34,1,0,8.5,51.4,5.07,354830.95,2443.64,0.0
298,6565 Cedar Ln,94120,37.76531,-122.399882,Downtown,2024-08-26,1452.94,3,3,2,1946,0,8663.48,2,0,9.2,41.9,1.84,401874.46,5199.63,0.0
299,5062 Sunset Ln,94109,37.723876,-122.455427,SuburbB,2022-04-22,1124.68,3,1,1,1919,0,7095.78,2,0,4.6,58.7,5.99,203189.15,2752.24,0.0
300,4419 Washington Rd,94100,37.773784,-122.440891,Downtown,2025-05-27,2453.39,2,3,3,1949,0,4133.24,1,1,7.2,21.7,1.88,849161.57,9977.41,0.0
301,2977 Sunset Blvd,94087,37.792259,-122.417614,SuburbB,2026-04-02,1210.92,3,2,3,1995,1,9500.37,1,0,5.8,43.2,2.48,196871.89,2104.82,0.0
302,3301 Elm Ave,94112,37.790325,-122.372163,Uptown,2025-04-29,1906.51,3,2,3,1991,0,3769.88,1,0,5.6,54.5,4.77,738703.42,10229.72,300.0
303,9610 Pine Rd,94109,37.743161,-122.467387,Uptown,2022-08-16,2786.42,4,2,3,1913,0,6449.78,1,0,7.7,42.2,5.11,559213.4,3262.89,0.0
304,8241 Maple Ln,94104,37.763682,-122.45187,SuburbA,2023-06-22,1503.24,3,2,3,1904,1,5092.12,2,0,8.0,42.8,2.88,215478.03,1830.43,0.0
305,692 River Ln,94106,37.738999,-122.434036,Riverside,2023-10-17,2854.76,5,1,3,1942,1,14258.16,0,0,8.8,33.2,3.65,788000.52,8332.64,0.0
306,9304 Elm Rd,94099,37.777957,-122.424209,Uptown,2021-09-18,2535.75,2,1,2,2012,0,7411.37,2,0,8.3,50.6,0.96,564906.24,7808.86,300.0
307,8863 Sunset Blvd,94124,37.782601,-122.373455,SuburbA,2024-09-15,2913.35,2,2,1,1911,0,3272.92,2,0,7.0,52.6,4.32,383274.98,4584.6,0.0
308,8390 Washington Blvd,94109,37.812117,-122.403778,SuburbA,2026-04-12,2197.85,2,1,2,2001,1,8361.34,1,0,7.9,64.2,4.89,653690.4,6322.72,0.0
309,8713 Cedar St,94111,37.770851,-122.465005,Uptown,2025-11-23,2387.09,4,2,3,1962,0,7836.67,0,0,5.4,74.5,3.95,908286.81,12777.4,0.0
310,8712 Lake Rd,94124,37.782327,-122.466972,SuburbB,2025-05-24,1778.82,2,2,3,2006,0,5008.42,2,0,6.7,60.1,4.34,334696.55,2477.86,0.0
311,6067 Cedar Ln,94122,37.758052,-122.371231,SuburbA,2022-09-19,1969.21,3,2,1,1965,0,4045.49,1,0,8.9,56.4,4.48,419308.77,4017.16,0.0
312,6291 Washington Dr,94086,37.76259,-122.390022,Riverside,2021-10-29,1058.31,4,1,2,1912,0,9087.31,0,0,7.9,43.9,2.76,173181.3,1463.93,0.0
313,1852 Cedar Ave,94096,37.774201,-122.424156,Riverside,2023-08-10,2011.39,3,2,2,1967,0,11887.95,2,0,8.6,32.5,0.59,432742.82,4991.31,0.0
314,8136 River Rd,94115,37.724574,-122.429325,SuburbB,2024-04-09,2090.8,3,2,2,1940,1,10639.35,1,0,7.3,58.6,5.11,473064.39,3939.77,0.0
315,2677 Lake Ln,94097,37.749878,-122.474568,Downtown,2022-12-29,1690.49,2,1,1,1969,1,5804.88,0,1,9.3,43.8,5.28,414154.09,4285.46,0.0
316,6227 Maple Ln,94090,37.757961,-122.470913,OldTown,2024-03-14,2795.53,4,1,2,2012,0,5387.64,1,0,8.5,56.9,4.66,1077614.99,8296.19,0.0
317,1762 Oak Ave,94110,37.741986,-122.422299,Uptown,2022-08-11,1691.99,5,1,2,2021,0,3429.56,1,0,5.7,34.8,3.12,431127.94,6179.93,0.0
318,2117 Hill Ln,94107,37.754924,-122.377787,SuburbA,2024-02-29,2457.56,4,3,1,1961,0,6566.85,2,0,9.8,58.5,4.06,673375.53,10025.58,0.0
319,8552 Oak Rd,94100,37.764323,-122.451579,Downtown,2024-07-21,1337.98,3,2,2,1991,0,7745.01,1,0,7.1,41.6,2.84,400498.7,5052.97,150.0
320,5362 Elm St,94091,37.749998,-122.387037,OldTown,2022-08-03,2096.79,4,3,2,2015,0,1724.15,1,0,2.6,60.9,3.65,461197.13,4813.65,0.0
321,1186 Washington Dr,94094,37.764212,-122.428117,SuburbA,2021-10-22,1659.45,1,4,1,1980,0,5137.36,1,0,7.7,35.8,0.96,350131.67,3998.33,0.0
322,7651 Lake St,94091,37.776828,-122.383448,SuburbA,2024-10-31,2191.77,1,2,2,1961,1,5443.22,1,0,8.7,33.0,3.3,723792.45,7531.5,0.0
323,3224 Sunset Rd,94106,37.76358,-122.425907,Uptown,2025-05-08,1481.21,3,2,3,1990,1,9089.46,1,0,9.2,42.5,0.88,411756.96,6044.82,0.0
324,9839 Pine St,94090,37.76701,-122.420445,OldTown,2024-10-08,2196.24,4,2,1,2018,0,8001.01,2,0,5.2,58.6,0.33,387991.32,2247.54,0.0
325,5775 Cedar Ave,94113,37.747272,-122.457865,SuburbB,2022-02-05,1747.09,5,1,1,1989,1,2622.28,1,0,7.7,58.5,4.17,291385.13,4309.96,0.0
326,7739 Oak Ln,94112,37.764142,-122.391001,OldTown,2023-10-20,3000.96,2,1,1,1932,0,13423.15,1,0,5.0,66.6,2.63,546873.66,4702.23,0.0
327,2245 Oak St,94114,37.740939,-122.427368,Downtown,2025-08-16,1382.11,3,2,3,2016,1,5496.52,1,0,8.4,37.8,3.29,1061064.25,14987.25,0.0
328,7031 Oak Rd,94116,37.775099,-122.44309,Riverside,2023-02-04,2137.15,2,2,2,2015,1,10838.45,0,0,5.9,13.5,2.1,656380.19,3346.44,0.0
329,1105 Hill Rd,94107,37.765934,-122.425997,OldTown,2024-06-07,1887.31,2,1,2,1922,1,13166.98,0,0,7.4,54.8,0.69,210122.03,2999.89,0.0
330,1714 Maple Rd,94096,37.770735,-122.42381,Downtown,2022-07-20,2705.49,2,2,1,2021,0,10468.06,0,1,9.3,38.1,0.34,1105431.28,7363.83,300.0
331,7114 Oak Blvd,94119,37.76933,-122.377217,OldTown,2024-05-18,1249.2,4,1,3,1902,0,11343.69,1,0,8.4,60.5,3.75,94329.8,686.95,0.0
332,8684 Cedar Rd,94091,37.769946,-122.421568,SuburbA,2023-01-11,1973.86,3,4,1,1932,1,5165.13,1,0,4.8,60.8,0.14,288723.64,3583.39,0.0
333,5835 Pine St,94094,37.784167,-122.413929,Riverside,2026-04-04,2957.59,4,1,1,1996,1,10338.88,1,0,8.7,40.2,1.66,1181201.33,16961.96,0.0
334,9971 River Blvd,94101,37.780683,-122.381662,SuburbA,2023-08-25,809.26,3,2,3,1984,0,11766.86,1,1,8.4,44.2,3.57,292482.32,4132.43,0.0
335,7221 Oak Dr,94099,37.784525,-122.452843,SuburbB,2025-10-29,2147.13,1,1,2,1976,1,12788.45,1,0,5.9,60.5,3.3,498746.06,7182.42,0.0
336,6078 Oak Rd,94125,37.752091,-122.337868,SuburbB,2023-05-12,1784.24,4,2,1,1928,1,8472.29,1,0,2.8,60.0,7.48,206199.97,2705.14,0.0
337,1456 River Ln,94101,37.754031,-122.467792,SuburbB,2024-05-15,1366.32,5,3,1,1952,0,12957.15,0,0,6.7,60.7,4.55,301131.82,3988.0,0.0
338,5329 Lake Ln,94122,37.735937,-122.386048,SuburbA,2023-12-09,1530.18,3,1,2,1916,1,4462.79,1,0,8.3,57.0,4.81,220830.57,2614.16,0.0
339,5191 Cedar Dr,94123,37.719613,-122.437367,Riverside,2024-05-11,2015.08,4,2,2,1900,0,6348.08,1,1,8.3,42.2,5.8,240638.43,2098.85,0.0
340,8681 Pine Ln,94111,37.700652,-122.379292,Downtown,2024-08-17,1555.7,3,3,1,1943,1,10365.15,1,0,6.2,39.1,8.49,621174.38,7112.89,500.0
341,4246 Maple Ln,94124,37.780688,-122.413282,SuburbB,2021-08-10,1811.31,5,2,3,1908,0,8592.16,0,0,5.7,72.2,1.32,199490.97,1884.24,0.0
342,4224 Sunset Rd,94103,37.738659,-122.4458,SuburbB,2023-09-07,2863.2,2,3,3,1922,0,13392.44,1,0,8.3,62.7,4.15,595683.47,4510.64,0.0
343,6873 Elm Ave,94122,37.790396,-122.365056,SuburbB,2021-10-26,2440.23,3,3,3,2018,1,7862.81,1,1,6.1,54.7,5.33,723889.67,4492.07,0.0
344,7337 Pine Blvd,94118,37.759627,-122.437169,Riverside,2021-06-05,674.13,5,2,3,2010,0,6328.56,1,1,7.4,46.3,1.9,220375.28,2363.55,0.0
345,5162 Elm Blvd,94092,37.781043,-122.472159,Uptown,2023-12-18,1447.72,4,4,2,1965,0,2538.44,1,0,7.1,42.5,4.74,527302.36,6372.97,0.0
346,4143 Maple Ave,94123,37.757828,-122.486251,Riverside,2026-04-15,1009.85,4,2,2,1989,0,11154.92,0,0,7.2,30.5,5.97,296112.42,3873.79,0.0
347,9847 Washington Dr,94105,37.781138,-122.419808,Riverside,2024-03-14,2913.97,2,3,2,1962,1,7483.12,0,1,6.5,53.9,1.24,805425.46,9304.53,0.0
348,2111 Washington Rd,94112,37.759907,-122.436418,SuburbB,2024-12-06,1389.24,4,1,1,1932,0,6378.04,1,0,4.8,63.5,1.82,169535.57,1158.72,0.0
349,7665 River Rd,94091,37.768621,-122.440767,Riverside,2021-11-18,1262.47,2,3,3,1936,0,10595.88,0,0,7.6,57.4,1.83,248491.61,3123.99,0.0
350,6205 Lake Dr,94113,37.745307,-122.40878,OldTown,2024-03-24,2990.68,3,3,1,1939,0,15456.72,1,1,4.1,56.5,2.91,446639.96,4945.97,0.0
351,9674 Washington Ln,94109,37.775152,-122.358491,Downtown,2025-11-03,2420.87,3,2,1,2000,0,5278.84,1,0,10.0,41.5,5.43,1649066.47,15861.33,0.0
352,5969 Maple Blvd,94109,37.805587,-122.392069,OldTown,2025-11-30,1601.75,1,1,1,1946,0,5624.8,2,0,6.6,59.1,4.65,319700.08,3408.93,0.0
353,5846 Elm Rd,94085,37.765847,-122.471093,Uptown,2023-06-21,822.54,4,3,2,1974,1,11470.69,2,0,4.8,44.7,4.51,256044.75,2895.57,0.0
354,6001 Lake Rd,94087,37.776408,-122.46771,Riverside,2025-10-09,2679.03,4,1,3,1927,0,11845.07,0,1,9.6,37.3,4.25,663375.9,7624.22,0.0
355,9982 Maple Dr,94103,37.748407,-122.449023,OldTown,2024-03-31,1684.99,2,4,1,1928,0,405.88,0,1,7.1,54.0,3.5,186702.17,2569.16,0.0
356,8953 Sunset St,94092,37.761975,-122.439901,Downtown,2022-07-17,2577.89,6,1,1,2015,1,10494.63,1,0,10.0,25.0,1.96,864253.86,9253.99,150.0
357,5520 Lake Blvd,94109,37.756661,-122.441272,Downtown,2025-02-26,744.77,2,2,1,1999,0,6950.36,0,0,7.7,44.4,2.38,266947.21,2289.53,0.0
358,5015 Elm St,94098,37.797746,-122.415415,OldTown,2024-01-29,1314.27,4,4,1,2017,0,8914.23,1,0,6.1,57.5,3.11,113538.31,1450.39,0.0
359,3676 Maple St,94099,37.766336,-122.440925,Uptown,2026-04-06,1916.07,2,1,3,1997,0,7398.24,1,0,7.6,42.4,1.88,389698.2,4033.43,0.0
360,2992 Maple Dr,94108,37.801334,-122.378357,Uptown,2024-08-19,2472.0,3,1,1,1962,0,7617.6,1,1,7.7,40.1,5.04,337466.84,2406.14,0.0
361,8942 Hill St,94124,37.723549,-122.451673,OldTown,2024-08-17,2143.42,5,3,2,1935,0,4673.57,1,0,6.3,55.6,5.86,419078.94,2538.35,0.0
362,8890 Sunset Dr,94124,37.807712,-122.428884,Downtown,2024-05-02,1441.72,3,2,2,1904,0,2291.71,0,0,8.0,27.9,4.26,217365.99,1146.22,0.0
363,990 Elm Ave,94091,37.745326,-122.389879,SuburbB,2022-12-03,2665.81,2,1,3,1959,0,1426.0,1,1,6.9,61.5,3.81,514681.6,6537.94,0.0
364,6954 Cedar St,94089,37.731091,-122.455739,SuburbA,2024-05-04,1874.54,3,1,2,1914,1,5303.08,1,0,5.9,62.0,5.34,218163.93,1459.94,0.0
365,1818 Oak Ln,94109,37.803374,-122.434729,OldTown,2022-01-23,2605.38,3,3,3,2012,1,7376.86,1,0,8.3,76.4,3.92,868423.66,4873.48,0.0
366,702 Pine Rd,94120,37.800963,-122.45195,SuburbB,2021-12-16,1609.2,3,3,1,2006,0,13139.72,0,0,4.5,63.3,4.44,166530.83,2303.26,0.0
367,492 Elm Rd,94108,37.774039,-122.433509,SuburbA,2022-12-08,1482.96,4,2,1,2016,1,14280.7,1,0,8.0,43.9,1.27,583258.08,4170.1,0.0
368,9221 Hill Ave,94088,37.738418,-122.480831,SuburbA,2024-02-05,3152.86,3,2,3,2001,0,1838.03,0,0,8.7,57.8,6.39,1875898.14,17106.41,0.0
369,6893 Elm Ave,94102,37.81098,-122.371142,SuburbB,2024-04-27,2859.38,4,4,2,1974,0,1730.97,2,0,4.4,48.8,6.25,505474.02,5695.16,0.0
370,8884 Pine Ln,94110,37.76169,-122.456922,Downtown,2022-04-21,847.24,4,2,3,1928,1,839.97,2,0,6.8,27.0,3.37,223470.46,2124.31,500.0
371,899 Oak Rd,94121,37.756981,-122.415031,Downtown,2022-07-31,1581.48,4,1,1,2006,1,9247.44,1,0,8.1,28.4,1.51,699633.78,4577.24,0.0
372,6859 Hill Rd,94125,37.802848,-122.393743,SuburbB,2023-01-21,2172.28,2,2,3,1998,1,2611.87,0,0,5.4,57.0,4.31,681312.81,5818.87,0.0
373,2507 Maple Blvd,94091,37.773534,-122.351506,SuburbA,2026-01-31,1369.09,5,2,1,1918,0,6355.0,1,1,6.8,33.7,6.02,246520.12,3372.81,0.0
374,2209 Lake Ave,94102,37.767281,-122.472223,Uptown,2026-01-19,4192.29,3,3,1,1958,1,10428.23,1,0,6.4,26.2,4.59,636096.27,5124.53,0.0
375,7669 Sunset Ln,94094,37.731439,-122.465694,Downtown,2026-03-05,1772.29,3,4,2,2018,0,7267.4,2,1,6.4,24.6,5.86,487611.1,6404.82,0.0
376,3467 Washington Ave,94103,37.794062,-122.407219,OldTown,2023-03-13,1038.64,3,2,1,1966,0,6419.34,1,0,6.7,88.0,2.9,194226.71,2577.45,0.0
377,608 Oak Ave,94114,37.785212,-122.443875,Riverside,2021-11-11,443.4,5,3,2,1944,0,7969.1,1,0,8.0,49.8,2.69,64595.55,702.28,0.0
378,6426 Oak Blvd,94110,37.767695,-122.394156,Uptown,2025-08-31,2393.69,1,3,1,1928,0,9661.93,1,0,9.3,35.8,2.28,250737.84,1383.04,0.0
379,1323 Maple Blvd,94121,37.736104,-122.400263,Uptown,2025-04-09,3187.82,3,4,3,1942,0,10998.81,1,0,4.9,44.6,4.14,632091.15,5995.73,0.0
380,1619 Elm Ln,94099,37.741303,-122.405923,Riverside,2026-01-02,2633.69,3,3,2,1914,1,1677.0,1,0,9.0,43.5,3.42,642145.39,6196.0,0.0
381,3285 Washington Blvd,94090,37.779457,-122.431192,Downtown,2025-06-22,1983.05,2,1,2,1975,0,10305.21,1,0,5.9,46.6,1.44,724306.69,4497.36,0.0
382,5074 Sunset Ln,94092,37.779162,-122.38559,OldTown,2024-11-18,2446.71,1,3,3,1995,0,2861.92,0,0,5.9,50.4,3.19,584775.95,6036.97,0.0
383,9004 Oak Dr,94099,37.751001,-122.431398,Downtown,2023-02-25,2104.44,2,1,2,1922,0,9925.63,2,0,7.1,44.6,2.33,407224.09,3095.77,0.0
384,7701 Sunset Blvd,94093,37.794962,-122.425396,SuburbB,2022-10-31,1815.21,5,2,3,1901,0,13848.6,2,0,5.9,55.4,2.81,156301.53,1776.55,0.0
385,2898 Pine Ave,94120,37.749719,-122.458279,Riverside,2024-11-26,2515.24,3,1,1,2017,0,1374.88,1,0,7.4,50.4,4.04,755114.74,8915.44,0.0
386,4229 Oak Rd,94101,37.742219,-122.382961,Riverside,2021-10-05,1799.21,3,2,1,1996,0,11826.13,1,1,9.4,38.1,4.48,704799.61,5077.12,0.0
387,9733 Hill Blvd,94097,37.764731,-122.355594,Uptown,2024-05-06,2953.21,4,3,1,1925,0,8319.66,1,0,10.0,41.0,5.68,1132042.67,6508.33,0.0
388,3174 Pine Blvd,94115,37.757745,-122.395856,SuburbA,2025-06-30,2439.98,5,2,1,1967,0,8156.89,1,0,7.7,48.0,2.52,489242.82,2993.81,0.0
389,1158 River Ave,94124,37.778255,-122.430561,Riverside,2021-11-03,300,3,3,2,2007,0,3192.83,2,0,8.0,24.7,1.3,101039.66,1028.16,0.0
390,4801 Sunset St,94120,37.742656,-122.381603,Riverside,2021-08-24,1077.08,2,3,3,1930,0,9317.38,2,0,7.1,45.1,4.53,165061.95,2249.86,0.0
391,5754 Cedar Dr,94102,37.774124,-122.386761,OldTown,2021-09-05,1756.49,3,2,3,1957,0,8959.83,1,0,7.7,46.3,2.95,330567.29,3965.14,0.0
392,7861 Maple Blvd,94094,37.781055,-122.447285,Downtown,2022-03-09,1517.46,2,2,3,2016,0,6215.64,1,0,10.0,30.8,2.69,318041.17,4623.89,0.0
393,4494 Hill Rd,94091,37.743565,-122.388887,SuburbA,2025-03-15,1480.78,3,2,1,1925,1,7595.48,1,0,8.4,70.3,4.01,197059.29,2680.54,0.0
394,3505 Elm St,94101,37.790399,-122.462636,SuburbA,2023-03-15,2194.43,4,1,3,1964,0,287.66,2,0,8.4,36.6,4.37,287344.6,2000.7,0.0
395,6889 Oak Rd,94105,37.756353,-122.418354,Riverside,2021-08-22,2236.56,4,3,1,1959,0,7614.09,0,0,10.0,35.3,1.52,204418.41,1744.21,0.0
396,4752 Elm Ave,94088,37.757736,-122.412263,Riverside,2021-12-14,2856.84,2,2,1,1935,0,2419.15,1,0,8.6,29.2,1.52,394340.2,3838.69,0.0
397,1213 Elm Rd,94090,37.785306,-122.386807,OldTown,2024-04-30,1362.87,3,1,1,1915,1,2167.81,0,0,6.9,46.8,3.37,139462.37,760.09,0.0
398,3401 Cedar Ln,94085,37.771956,-122.418864,Downtown,2025-08-16,1450.94,3,3,2,2005,0,2916.07,1,0,10.0,31.8,0.24,664008.53,8844.45,300.0
399,592 Washington Ave,94086,37.795433,-122.435207,SuburbB,2025-11-21,3524.94,5,3,3,1962,0,4387.77,0,0,6.9,50.7,3.12,566295.81,5317.08,0.0
400,5316 Oak Blvd,94116,37.793771,-122.440561,SuburbB,2025-08-26,1119.59,2,2,2,1903,0,4032.9,1,1,6.1,58.2,3.2,79672.19,561.63,0.0
401,8633 Lake Dr,94106,37.734844,-122.476012,Riverside,2025-01-09,710.03,4,3,1,1905,0,3197.37,1,0,6.1,47.6,6.28,160786.51,975.56,0.0
402,8957 River Ave,94087,37.76776,-122.395777,OldTown,2026-02-26,1505.48,4,2,2,2015,0,4110.55,1,0,7.8,52.0,2.14,563528.05,5852.84,0.0
403,5963 River Dr,94116,37.760026,-122.410135,Uptown,2022-08-26,1226.22,3,1,2,1975,1,12085.84,1,0,9.5,62.0,1.41,487381.42,4121.05,0.0
404,8105 Lake St,94125,37.728727,-122.410073,Uptown,2024-05-26,2262.94,4,2,3,1980,1,9907.17,1,0,10.0,49.2,4.66,788679.21,11202.42,0.0
405,5707 Washington Ave,94119,37.776028,-122.416634,SuburbB,2022-05-07,2170.22,4,1,1,1957,1,7482.49,2,0,6.1,45.9,0.73,646606.29,7636.7,0.0
406,4261 Sunset Dr,94118,37.761625,-122.461934,SuburbB,2022-10-18,1117.9,3,2,2,2018,0,14528.03,0,0,5.3,55.2,3.79,375695.73,3414.31,0.0
407,5742 Lake Ln,94090,37.762294,-122.414462,SuburbA,2024-01-20,1492.73,4,1,1,1993,1,9306.29,2,0,8.0,41.1,0.98,335785.71,4674.37,0.0
408,440 Lake Rd,94088,37.804027,-122.39908,SuburbA,2025-03-21,2073.58,4,2,3,1996,0,5016.38,1,0,8.4,56.7,4.2,477063.57,6939.55,0.0
409,9904 Maple Rd,94094,37.746685,-122.423903,SuburbB,2025-09-27,2647.65,4,1,1,1978,1,385.65,0,0,5.0,63.5,2.61,525660.87,5601.21,0.0
410,7850 Lake St,94107,37.735984,-122.407232,SuburbB,2023-12-12,822.64,4,2,3,1980,0,9704.56,2,0,8.9,38.3,3.94,251857.47,3320.75,0.0
411,2093 Elm St,94100,37.796875,-122.465872,SuburbB,2025-07-12,2059.86,4,4,3,1919,0,6189.71,1,0,7.3,59.3,5.01,228976.34,1965.36,0.0
412,7025 Cedar Dr,94098,37.810097,-122.447619,SuburbB,2023-06-30,1629.41,2,2,2,1914,1,12698.95,1,0,7.9,40.4,5.07,560046.8,4758.02,0.0
413,4659 Cedar Rd,94085,37.764206,-122.364349,SuburbB,2026-04-06,1832.15,2,2,1,1906,1,4347.48,0,0,7.2,43.1,4.93,329276.94,3257.12,0.0
414,2086 Maple Dr,94118,37.79893,-122.460334,SuburbA,2021-07-26,1991.95,4,1,1,1935,0,4618.15,1,0,5.6,51.3,4.78,112212.64,1657.4,0.0
415,7876 Washington Ave,94110,37.77043,-122.400756,OldTown,2021-05-16,974.43,3,4,2,2009,0,7727.79,2,1,7.2,59.4,1.69,303996.36,2707.77,0.0
416,2267 Cedar Dr,94123,37.737596,-122.369318,OldTown,2024-11-10,2568.44,2,2,3,1986,1,10506.2,1,0,4.1,47.6,5.72,495801.5,5030.65,0.0
417,5040 Pine Blvd,94112,37.772876,-122.404928,Riverside,2022-12-01,2225.6,2,2,2,1913,1,4016.34,0,0,9.3,48.6,1.36,322787.97,2317.39,0.0
418,4788 Lake Rd,94120,37.753137,-122.418888,SuburbA,2022-03-03,2148.78,4,2,2,1900,0,8263.88,0,0,7.6,44.1,1.87,294099.57,3376.4,0.0
419,7186 Cedar St,94110,37.761193,-122.41791,SuburbA,2024-03-13,896.97,3,2,3,1972,0,9786.23,1,1,7.5,65.8,0.99,301430.27,3718.69,0.0
420,6258 Washington Ave,94123,37.815653,-122.405536,Riverside,2021-05-06,1712.59,4,1,3,2012,0,8147.55,1,0,9.6,31.0,5.22,587944.3,7283.67,0.0
421,9006 River Ln,94116,37.741742,-122.419603,SuburbA,2025-11-20,1492.62,3,3,2,1901,0,12992.41,0,0,5.5,70.1,3.14,357816.47,1869.16,0.0
422,4389 Washington Dr,94100,37.760281,-122.395586,OldTown,2024-01-09,1696.23,4,2,3,1940,0,6400.3,2,0,6.0,49.9,2.4,451355.98,3776.68,0.0
423,5518 Sunset St,94097,37.762921,-122.380087,OldTown,2021-09-25,2589.0,4,2,3,1970,0,8097.68,1,0,4.4,60.7,3.59,396283.1,2239.2,0.0
424,4490 Pine St,94114,37.765233,-122.411843,Uptown,2022-04-28,1362.38,3,1,2,1936,0,9165.07,2,0,8.7,17.4,0.89,186654.31,1168.36,0.0
425,2980 Cedar Dr,94099,37.762811,-122.423235,OldTown,2024-02-14,2137.66,3,3,2,2017,0,6533.21,1,0,5.1,59.8,0.85,485431.26,5758.41,0.0
426,5158 River Rd,94114,37.777291,-122.413856,Riverside,2025-06-30,1229.04,1,1,2,2017,0,3933.34,1,0,4.8,39.3,0.97,459126.49,4227.5,0.0
427,7549 Maple Blvd,94103,37.759714,-122.456418,Downtown,2025-08-01,3221.49,5,1,1,1917,0,4807.23,2,0,10.0,35.1,3.39,323368.15,2865.67,0.0
428,1603 Maple Blvd,94114,37.782819,-122.397197,OldTown,2023-02-27,1966.62,4,1,1,1975,1,1630.52,2,0,7.0,56.5,2.46,499839.39,5492.17,0.0
429,5607 Oak Rd,94118,37.800318,-122.392991,Downtown,2024-02-12,1585.71,2,1,2,1943,0,7367.59,0,0,8.0,39.7,4.12,271020.06,1719.93,300.0
430,8473 Lake Dr,94105,37.761744,-122.414941,Uptown,2024-08-09,1381.49,2,2,2,1903,1,6740.4,1,0,5.9,43.0,1.02,175490.1,1620.11,0.0
431,6963 Oak St,94102,37.769971,-122.417455,Riverside,2025-05-18,1359.39,4,1,3,1943,0,9698.46,1,0,9.1,62.4,0.22,274506.04,2366.86,0.0
432,2052 Maple Ln,94093,37.762412,-122.436664,SuburbA,2022-08-28,1290.08,4,1,2,1901,0,10606.09,1,0,7.7,27.7,1.69,168459.03,1172.93,0.0
433,4149 Washington Ln,94105,37.787223,-122.41563,Riverside,2024-09-02,1506.6,2,2,2,1987,0,9139.41,2,0,8.1,34.7,1.95,354741.66,4232.55,0.0
434,3800 Elm Ln,94102,37.787156,-122.457121,Uptown,2022-09-26,1420.84,3,4,3,2016,0,10404.14,2,0,9.3,43.8,3.77,430668.59,2680.38,300.0
435,321 Elm Ave,94121,37.745459,-122.428738,SuburbB,2022-02-23,1986.71,3,1,2,1998,0,8742.6,1,0,8.0,34.8,2.83,370949.56,4121.35,0.0
436,4585 Hill Blvd,94114,37.766231,-122.438816,Uptown,2022-08-26,1343.38,5,1,1,1927,0,2065.14,2,0,7.1,35.8,1.7,188806.24,2758.5,0.0
437,8583 Oak Ln,94093,37.768956,-122.464129,Uptown,2021-07-22,1342.84,4,1,1,1919,1,7092.59,1,0,9.5,41.3,3.87,290949.3,3453.15,0.0
438,4456 Elm Rd,94085,37.772441,-122.435102,SuburbB,2022-04-11,2336.28,3,1,3,2000,0,14756.0,1,0,6.0,63.6,1.35,333689.27,3165.32,0.0
439,3038 Lake St,94124,37.765621,-122.381619,SuburbA,2023-02-10,2330.31,2,3,3,1996,0,12798.13,1,0,4.3,68.3,3.4,955299.26,12483.64,0.0
440,6166 Lake Ln,94085,37.768518,-122.445978,SuburbA,2024-12-19,1540.26,3,1,1,1931,1,5233.01,1,0,6.0,44.4,2.29,394304.25,4112.45,0.0
441,9260 Maple St,94088,37.764754,-122.396533,Downtown,2026-03-29,1109.22,2,2,2,1981,0,10388.57,2,0,8.9,45.1,2.14,175263.23,1934.64,0.0
442,360 Maple Dr,94105,37.751812,-122.428042,Downtown,2023-12-24,1405.17,2,1,3,1953,0,10647.83,1,0,10.0,35.7,2.14,214862.95,3216.53,150.0
443,2247 Maple St,94116,37.783015,-122.464175,SuburbA,2023-06-01,1971.29,2,3,3,1963,0,9678.47,2,0,6.4,43.0,4.14,545253.74,5466.75,0.0
444,941 Maple Ln,94091,37.77113,-122.406624,Riverside,2024-10-25,2669.12,5,1,3,1923,0,5160.85,2,0,8.2,38.8,1.18,723114.76,10824.14,0.0
445,7369 Maple Ave,94123,37.756894,-122.385994,Riverside,2025-11-21,2296.98,5,3,3,1949,1,6565.79,1,0,7.2,30.3,3.32,343328.97,4121.29,0.0
446,2653 Hill Ave,94099,37.783586,-122.420576,SuburbA,2023-06-13,3116.81,3,2,2,1955,1,8165.78,2,0,8.4,48.0,1.51,795708.34,7673.86,0.0
447,735 Washington Rd,94087,37.756888,-122.433911,SuburbB,2022-03-07,2966.6,1,4,1,1910,0,4260.36,1,0,5.2,66.6,1.9,309852.2,1650.85,0.0
448,3367 Maple Blvd,94118,37.794803,-122.426859,Riverside,2024-03-20,1426.1,3,2,2,1908,1,11489.35,1,0,7.8,49.2,2.82,339860.77,2265.05,0.0
449,8350 Hill Rd,94118,37.759173,-122.366506,SuburbA,2026-03-07,3434.63,2,2,2,1933,0,3193.14,1,0,8.8,45.5,4.85,571540.78,5366.05,0.0
450,1679 Lake Dr,94110,37.790628,-122.445366,Downtown,2026-01-08,1962.09,3,4,1,2006,1,7640.27,1,0,9.6,32.5,3.19,774927.0,5510.84,300.0
451,1371 Oak Blvd,94110,37.796858,-122.429585,Riverside,2023-09-12,895.27,3,2,2,1931,0,11954.26,1,0,9.3,14.7,3.1,219093.63,3230.37,0.0
452,4004 Washington St,94090,37.781304,-122.444743,OldTown,2025-03-29,2035.72,4,3,3,1947,0,5497.8,1,0,7.4,62.0,2.51,319210.03,2919.03,0.0
453,182 Pine St,94100,37.756672,-122.380952,Riverside,2025-10-19,2870.43,2,3,2,1917,0,7645.58,1,0,9.3,48.1,3.73,531163.44,5950.42,0.0
454,8483 Cedar St,94088,37.778704,-122.366231,SuburbB,2025-04-23,1474.39,2,1,1,1925,0,13231.97,1,0,5.7,67.2,4.82,204779.71,1504.22,0.0
455,5103 Maple Dr,94098,37.781829,-122.421115,Riverside,2026-01-20,2163.51,3,1,2,2019,1,3367.17,1,0,7.1,22.7,1.32,1346698.38,19698.42,0.0
456,156 Maple Blvd,94095,37.796055,-122.49278,SuburbA,2026-01-17,1496.96,3,2,2,2020,1,910.34,2,0,5.4,61.5,7.01,431595.57,3716.6,0.0
457,6490 Cedar Rd,94090,37.787458,-122.396876,SuburbA,2021-08-10,2796.92,4,1,2,1921,0,8088.73,1,0,8.0,66.3,2.81,401390.9,3020.06,0.0
458,7159 Hill St,94106,37.772671,-122.396846,OldTown,2023-02-03,2250.66,3,1,3,1976,0,4166.22,1,0,5.6,57.4,2.05,205953.73,3013.31,0.0
459,5858 Pine Ln,94100,37.763572,-122.40868,SuburbA,2022-03-29,1236.67,3,3,2,2018,1,6376.77,1,0,8.9,37.2,1.22,495882.56,4787.12,0.0
460,835 Oak Ave,94111,37.723751,-122.419438,SuburbA,2025-02-11,2454.15,4,1,1,1907,0,4514.22,0,0,6.6,54.2,5.13,289366.22,3351.12,0.0
461,7315 Maple Ln,94090,37.74768,-122.377736,SuburbA,2022-10-18,2352.61,3,5,3,1986,0,2412.17,1,0,5.3,59.7,4.46,514184.93,4057.12,0.0
462,2553 River Rd,94115,37.791575,-122.403731,SuburbA,2022-03-26,1862.06,2,1,1,1905,0,3239.52,1,0,8.8,55.9,2.79,328300.24,4060.44,0.0
463,433 Washington Rd,94123,37.770461,-122.45764,OldTown,2023-07-21,2187.92,4,3,1,1924,1,8616.08,1,0,3.7,62.3,3.3,203256.25,2618.56,0.0
464,2938 River Dr,94124,37.798805,-122.460484,SuburbA,2023-10-20,2241.34,2,2,3,1908,1,5935.31,1,1,6.1,46.7,4.78,313910.4,2723.75,0.0
465,2877 Cedar Ln,94117,37.786861,-122.455661,Downtown,2021-06-29,1856.87,3,1,3,1997,0,4518.75,1,0,7.1,31.4,3.65,652618.91,9713.97,0.0
466,1206 Cedar Ave,94116,37.770366,-122.441498,SuburbB,2023-08-29,1701.12,1,2,3,2011,0,6865.6,1,0,7.1,47.1,1.89,302599.12,2936.2,0.0
467,1106 Pine Rd,94091,37.779177,-122.438733,Uptown,2025-12-27,3074.38,2,1,2,1916,1,4720.83,1,0,7.8,46.3,1.93,401559.28,5939.45,0.0
468,8491 Lake St,94108,37.808916,-122.391042,Downtown,2025-09-22,1635.8,4,1,3,1913,0,11956.81,1,0,10.0,25.0,5.01,560846.15,6365.0,0.0
469,9243 Oak Ave,94122,37.75024,-122.417252,SuburbA,2023-08-14,2036.9,2,1,3,1922,1,11634.53,2,0,4.0,35.9,2.21,263032.69,2144.4,0.0
470,9838 River St,94103,37.770124,-122.461446,Downtown,2023-12-03,2302.96,1,4,2,1942,0,6508.16,1,0,6.4,32.1,3.64,511449.2,6395.11,0.0
471,8111 Maple Dr,94110,37.772126,-122.433066,Downtown,2024-09-11,1189.69,3,1,3,1931,0,10603.76,1,1,10.0,46.2,1.17,207014.43,1626.62,0.0
472,7813 Washington Blvd,94101,37.764674,-122.407043,Uptown,2021-09-29,1437.93,3,3,1,1956,0,7550.16,0,0,10.0,66.6,1.28,233920.44,3246.14,0.0
473,9027 Washington St,94112,37.772127,-122.438864,Riverside,2021-05-28,2289.45,1,1,1,1968,0,2730.63,1,0,8.6,41.9,1.67,719615.17,10758.47,0.0
474,6576 Cedar Blvd,94091,37.77146,-122.422307,SuburbB,2023-08-02,754.23,3,2,1,1937,0,6163.67,1,0,3.4,51.1,0.26,126662.21,1095.7,0.0
475,6566 Hill Rd,94118,37.750452,-122.398958,Downtown,2022-05-29,1566.45,5,1,1,2013,1,151.11,0,0,7.3,55.3,2.85,867051.04,7229.32,0.0
476,2501 Washington Ln,94114,37.78204,-122.431813,OldTown,2024-08-26,1473.73,1,3,2,1980,0,5856.16,1,0,1.6,62.8,1.69,167929.45,1952.51,0.0
477,3310 Elm Ln,94090,37.78173,-122.477676,Uptown,2022-10-31,3134.5,5,1,2,2017,0,5654.3,1,0,6.8,35.3,5.23,637915.27,8997.47,0.0
478,2363 Elm St,94114,37.788742,-122.395549,OldTown,2022-05-12,2347.41,2,3,2,1936,0,319.88,1,0,6.8,41.4,2.99,328504.61,2129.23,0.0
479,2738 Lake Blvd,94099,37.76321,-122.443338,OldTown,2025-06-24,1871.62,4,4,3,1956,0,14704.02,1,0,3.2,59.9,2.18,458075.31,3321.97,0.0
480,6763 Lake Ave,94118,37.772761,-122.41373,Riverside,2024-07-01,2017.73,4,3,3,1995,0,12153.19,2,0,10.0,56.6,0.63,827805.41,4751.66,0.0
481,2884 River St,94124,37.7739,-122.385366,Downtown,2025-01-29,1922.05,4,1,2,1919,0,13820.17,1,0,9.9,39.9,3.07,430635.52,3244.77,0.0
482,2948 Maple Ln,94093,37.755698,-122.379775,SuburbB,2024-12-15,1266.34,2,2,1,1979,0,2174.9,1,0,7.1,35.9,3.87,318901.72,3333.71,0.0
483,5181 Pine Dr,94094,37.761329,-122.433661,SuburbA,2025-12-14,1720.02,5,2,2,1907,1,5348.14,1,0,3.9,53.1,1.54,291922.62,1682.63,0.0
484,542 Elm Ave,94110,37.774596,-122.462952,SuburbB,2025-06-27,2671.13,2,3,2,1913,0,3118.27,2,0,6.8,38.8,3.8,314853.14,4717.85,0.0
485,2772 Sunset Ave,94114,37.762491,-122.450988,SuburbB,2024-05-09,1903.48,4,2,2,2007,1,8173.35,1,0,6.7,60.5,2.84,396668.31,2852.56,0.0
486,513 River Dr,94108,37.782046,-122.399499,SuburbA,2022-03-15,2053.64,4,1,2,1953,0,5954.9,2,0,5.2,41.2,2.24,327941.19,3814.14,0.0
487,823 Lake St,94092,37.784575,-122.404725,OldTown,2023-10-18,2791.73,4,3,1,1938,0,6179.79,1,0,4.5,43.3,2.1,243748.83,3447.39,0.0
488,8987 Sunset Ln,94120,37.776032,-122.408802,Downtown,2021-05-12,1027.98,1,3,3,1915,0,9068.46,1,1,10.0,23.6,1.19,217722.0,2369.8,300.0
489,7468 Maple Blvd,94092,37.790417,-122.42482,Riverside,2026-03-09,2592.76,2,3,1,1961,0,6671.06,1,0,9.0,36.0,2.31,496567.42,6322.49,0.0
490,5225 Oak Rd,94119,37.736936,-122.454456,SuburbA,2024-06-21,1997.18,3,1,3,1997,1,4626.89,1,0,4.1,27.5,4.75,545301.68,5262.04,0.0
491,993 Oak Ave,94099,37.759272,-122.422434,Uptown,2023-01-28,2079.89,2,1,2,1929,0,4300.32,2,0,5.9,43.9,1.21,304721.49,1992.06,500.0
492,2446 Washington Ave,94109,37.819897,-122.434096,SuburbB,2023-12-03,2035.0,5,2,1,1964,0,8563.35,1,0,6.6,39.3,5.67,639152.73,3730.42,0.0
493,9791 Washington Dr,94112,37.767522,-122.439108,OldTown,2023-01-26,1287.81,2,2,1,1932,0,3785.13,2,0,6.0,63.2,1.7,131725.03,1907.98,0.0
494,3288 Hill Ln,94093,37.747893,-122.380191,Downtown,2021-12-23,2498.91,2,2,1,2017,0,7796.75,2,0,8.9,38.9,4.27,1059947.96,10534.09,150.0
495,7764 Lake Dr,94087,37.754273,-122.402192,Uptown,2021-05-28,940.63,3,2,2,2004,0,6174.29,0,0,9.0,54.0,2.34,321638.49,1784.19,150.0
496,8478 Pine St,94122,37.784841,-122.415715,Downtown,2022-12-04,1716.35,3,2,2,1928,0,1250.97,1,0,10.0,52.4,1.69,265216.07,2096.08,150.0
497,6699 Oak Ave,94091,37.748848,-122.348163,OldTown,2024-11-17,1614.56,4,2,2,1968,1,5757.52,0,1,8.6,52.5,6.73,565901.36,6361.57,0.0
498,3219 Sunset Blvd,94110,37.742114,-122.431162,SuburbB,2024-08-11,969.46,3,3,2,1924,1,3045.89,1,0,7.3,55.9,3.25,134648.51,1078.57,0.0
499,1097 Hill St,94086,37.794585,-122.402859,OldTown,2024-02-01,2523.26,2,3,3,1913,0,11948.23,0,0,4.1,48.0,3.12,383766.41,5183.71,0.0
500,2827 Pine Ave,94119,37.753491,-122.435269,SuburbA,2025-07-16,2169.39,4,4,1,1915,1,4095.53,2,0,4.5,45.1,2.27,364397.66,3227.51,0.0
501,6728 River Rd,94123,37.788531,-122.38859,Downtown,2024-01-24,1032.45,3,2,2,1919,0,459.72,1,1,8.4,43.4,3.44,211111.02,2134.75,0.0
502,5578 Cedar Blvd,94099,37.803184,-122.497544,SuburbA,2024-09-01,2427.46,2,1,1,2015,0,7268.67,1,0,7.7,56.3,7.74,623253.03,4948.11,0.0
503,2172 Hill Blvd,94110,37.767732,-122.4142,OldTown,2022-08-04,2592.21,4,4,2,1972,1,7246.5,1,0,6.4,74.4,0.57,578487.29,7455.7,0.0
504,5318 Washington St,94089,37.788615,-122.448479,SuburbB,2021-07-26,2319.66,3,3,3,1944,0,9688.01,0,0,5.8,50.5,3.24,384680.0,5423.13,0.0
505,3399 Washington St,94088,37.767932,-122.382309,Riverside,2021-07-15,1944.92,2,1,3,1995,1,2762.39,1,0,10.0,54.9,3.32,637958.07,4699.15,0.0
506,965 Lake Ave,94116,37.767696,-122.423364,Uptown,2023-02-15,842.09,4,3,2,1907,0,4489.26,1,0,9.7,42.0,0.39,96529.45,987.69,0.0
507,1263 Hill St,94092,37.797676,-122.468286,Riverside,2023-10-30,2936.93,3,2,3,1972,1,10252.65,1,0,7.3,50.7,5.23,651586.83,7779.6,0.0
508,2869 Elm Ave,94100,37.789787,-122.438791,OldTown,2021-05-26,1046.51,5,2,1,1915,0,6443.55,1,0,3.8,52.3,2.75,111430.82,1060.17,0.0
509,6095 Oak Rd,94106,37.767422,-122.415144,SuburbB,2022-06-18,1291.41,4,2,3,2004,0,5112.78,1,0,7.3,51.7,0.51,362734.61,2654.93,0.0
510,9174 Washington St,94123,37.801773,-122.38298,OldTown,2021-09-16,1320.87,3,1,3,1997,0,7902.45,1,0,4.6,68.9,4.79,401138.71,2272.24,0.0
511,9212 Lake Ln,94086,37.753091,-122.434052,SuburbA,2024-06-02,1828.35,3,3,3,1953,0,7026.49,0,0,6.0,55.1,2.25,270166.85,2998.11,0.0
512,1826 Washington Blvd,94098,37.764221,-122.425468,Downtown,2025-07-23,2672.92,5,5,3,1928,0,9098.09,1,0,9.2,45.4,0.8,474033.85,6991.24,0.0
513,1874 Lake St,94087,37.759209,-122.45565,Downtown,2025-06-14,2609.93,4,2,3,1950,0,6532.94,1,0,9.2,29.9,3.35,393784.15,4331.14,0.0
514,3285 Maple Ave,94096,37.772849,-122.409612,Uptown,2023-01-14,2284.51,2,2,1,1905,0,4907.09,1,0,9.1,36.0,0.96,396114.57,5264.96,0.0
515,5847 Maple Ave,94091,37.757167,-122.450937,Downtown,2025-09-24,2086.14,2,3,2,1993,0,7688.77,2,0,9.1,24.4,3.07,407490.99,4267.82,0.0
516,5907 Pine St,94108,37.764838,-122.405407,Uptown,2026-04-25,2157.14,3,3,3,1987,1,7035.4,1,0,7.6,48.3,1.4,377643.86,3742.82,300.0
517,2030 Oak Blvd,94119,37.761454,-122.406819,SuburbA,2024-06-19,2298.2,1,1,1,1914,0,11105.82,1,0,10.0,48.8,1.5,428514.06,4812.89,0.0
518,2347 River Dr,94101,37.778703,-122.419131,Riverside,2021-06-22,2543.55,3,2,3,2020,1,1700.52,1,0,8.4,26.0,0.97,540324.41,5438.76,0.0
519,2013 Sunset Ave,94103,37.75408,-122.425624,SuburbA,2023-07-20,2761.95,1,1,3,1983,0,8920.95,1,0,7.6,54.7,1.83,481719.49,4312.63,0.0
520,2000 River St,94118,37.781907,-122.455331,Riverside,2026-01-05,2531.42,1,2,1,1951,0,11232.27,1,0,9.5,52.1,3.37,477403.71,5411.4,0.0
521,2283 Cedar Ln,94110,37.771187,-122.391401,SuburbA,2024-10-05,883.22,2,3,3,2014,0,8826.1,0,0,6.8,51.6,2.51,210043.55,1249.56,0.0
522,1178 Cedar Blvd,94093,37.732924,-122.40044,Uptown,2023-09-30,1880.81,1,1,1,1923,0,3321.59,1,0,6.4,43.4,4.46,470553.04,2581.86,300.0
523,1965 Pine Ave,94096,37.771668,-122.338753,SuburbB,2022-09-28,1218.79,3,1,1,1934,1,7537.26,1,0,8.2,59.1,7.13,195653.88,1542.04,0.0
524,3640 Sunset Dr,94109,37.774516,-122.43205,OldTown,2023-10-22,1411.64,3,4,3,1912,1,8178.82,1,0,7.4,43.5,1.17,109333.09,715.86,0.0
525,3454 Hill Ln,94114,37.751906,-122.402076,SuburbA,2022-12-11,796.24,2,2,2,2010,0,9323.41,2,0,10.0,56.5,2.55,171878.09,919.51,0.0
526,8054 Lake St,94103,37.799347,-122.397689,Uptown,2025-04-20,1826.76,3,1,1,1973,0,11515.0,1,0,5.7,40.6,3.8,697685.2,9888.44,0.0
527,295 Washington Blvd,94095,37.784412,-122.405057,Downtown,2026-02-22,2042.51,3,2,3,1934,0,1357.8,1,0,7.8,43.0,2.07,269059.56,2362.95,150.0
528,4788 Lake Ln,94105,37.765338,-122.395832,Uptown,2021-09-04,849.83,4,1,3,1971,1,9851.79,2,0,6.4,45.1,2.18,388428.8,5260.27,0.0
529,4800 Pine Blvd,94093,37.762781,-122.457459,SuburbB,2024-02-13,1799.5,4,4,2,1904,0,7676.44,1,0,4.2,44.0,3.38,320391.4,3012.27,0.0
530,7427 Lake Blvd,94089,37.772079,-122.394882,OldTown,2021-08-09,1131.69,3,1,3,1922,0,4087.29,1,0,4.2,64.8,2.22,148260.4,1980.89,0.0
531,2666 River Dr,94116,37.786844,-122.460867,OldTown,2025-06-05,1182.05,4,1,1,1966,1,4957.16,1,0,5.7,61.3,4.04,163995.99,1601.84,0.0
532,5186 Elm Dr,94125,37.793118,-122.404458,Riverside,2025-05-13,2490.73,3,2,2,1962,1,13908.29,1,0,9.2,33.4,2.91,1201472.53,14568.51,0.0
533,7384 Lake Rd,94087,37.763749,-122.445331,Downtown,2023-07-21,1247.31,3,2,2,1939,0,7279.04,1,0,9.9,48.9,2.33,275941.02,3176.32,0.0
534,4620 Hill St,94099,37.784215,-122.386964,Downtown,2024-06-06,2835.28,4,1,1,1984,0,6574.36,1,0,10.0,45.8,3.3,618113.02,8091.11,150.0
535,3828 Lake Dr,94088,37.783594,-122.395232,SuburbA,2023-03-22,1776.96,2,2,1,1982,0,5135.41,1,0,6.4,50.9,2.65,425510.44,6223.04,0.0
536,6023 Washington St,94103,37.751862,-122.415282,Riverside,2022-11-01,1229.68,2,4,1,1985,0,3397.45,1,0,8.3,27.6,2.06,463667.98,5993.72,0.0
537,9512 Lake Blvd,94114,37.77058,-122.378577,Riverside,2022-05-01,1991.62,4,1,1,1986,0,6761.36,2,0,7.2,45.9,3.64,423197.12,4845.0,0.0
538,276 River Rd,94088,37.752271,-122.431905,OldTown,2021-06-24,2334.7,3,1,3,1981,1,7885.35,2,0,5.9,44.6,2.23,372417.9,2651.98,0.0
539,5633 Lake Blvd,94099,37.760714,-122.404361,Downtown,2023-06-10,1692.87,3,1,2,1947,0,5319.52,1,0,10.0,28.1,1.72,247227.34,1707.1,0.0
540,3840 Cedar Ln,94114,37.805134,-122.371416,OldTown,2023-07-25,1642.92,4,3,3,1954,0,8154.85,1,1,5.7,66.0,5.78,281091.28,2260.97,0.0
541,9956 Pine Rd,94119,37.763638,-122.40515,Downtown,2026-01-30,2059.53,3,2,3,1914,1,10122.65,2,1,8.5,44.3,1.48,573761.87,5981.27,300.0
542,8032 Hill St,94085,37.761011,-122.454606,Uptown,2024-10-18,2658.91,3,2,1,1904,0,8912.53,2,0,4.7,44.7,3.2,366643.31,4824.84,0.0
543,9935 Lake Blvd,94101,37.770158,-122.367773,Downtown,2022-04-26,2112.78,2,1,3,1983,1,8349.53,1,0,7.9,46.5,4.58,787080.82,11542.66,0.0
544,4791 Lake Ln,94104,37.754333,-122.382959,Downtown,2022-10-10,2534.41,4,3,2,2002,0,6920.19,2,0,8.8,37.7,3.69,1065409.29,7194.49,0.0
545,834 Cedar Rd,94096,37.783227,-122.430042,SuburbA,2022-08-21,1825.17,1,2,3,2019,1,5366.2,1,0,7.6,38.2,1.71,1054158.17,9143.18,0.0
546,536 Washington Rd,94119,37.773898,-122.428302,Riverside,2022-12-20,1774.58,3,1,3,1927,1,10284.34,1,0,8.1,42.6,0.85,351892.58,2050.88,0.0
547,4100 Pine Rd,94109,37.761627,-122.428017,Riverside,2022-03-29,1147.88,3,2,3,1917,0,7449.5,1,0,8.7,22.5,1.17,228237.21,1632.38,0.0
548,167 Hill Blvd,94109,37.752851,-122.432343,Uptown,2022-01-19,2438.58,5,3,1,1913,0,14494.73,1,0,10.0,31.5,2.19,627324.0,8810.5,0.0
549,8354 River Rd,94107,37.738544,-122.409979,SuburbB,2023-05-30,1604.63,2,2,3,1931,0,9425.82,1,0,4.1,64.6,3.6,184173.86,2411.19,0.0
550,1407 Lake Dr,94104,37.768678,-122.431709,SuburbB,2023-12-23,1188.86,4,1,2,1985,1,6740.46,0,0,4.8,49.5,1.04,181110.12,1634.06,0.0
551,9049 Maple Rd,94120,37.761552,-122.412897,Uptown,2024-02-26,1862.55,3,3,3,1956,0,8453.89,1,0,5.1,33.6,1.13,326332.5,4292.52,0.0
552,8685 Pine St,94100,37.754208,-122.417305,SuburbB,2023-11-16,2195.91,4,1,1,1926,0,2526.82,1,0,5.5,45.8,1.77,201727.71,2900.85,0.0
553,9482 Lake Ave,94096,37.766155,-122.43142,SuburbA,2023-12-01,1725.14,3,2,1,1924,0,4086.3,2,0,5.0,60.0,1.09,212139.02,1516.86,0.0
554,655 River Dr,94119,37.754764,-122.400132,OldTown,2022-06-06,2605.59,3,2,2,1999,0,8068.72,1,0,6.3,56.5,2.43,433507.65,2966.22,0.0
555,7333 Lake Ln,94106,37.761947,-122.432312,Uptown,2023-06-08,2244.93,2,1,2,1901,0,12010.61,1,0,6.2,49.9,1.4,449960.34,5079.24,150.0
556,4167 River Rd,94090,37.773618,-122.419305,Riverside,2022-03-14,2636.46,4,3,2,1978,0,6037.25,2,0,8.6,40.9,0.41,762234.34,9322.98,0.0
557,1941 Maple St,94121,37.766207,-122.467117,SuburbB,2025-08-13,2173.35,4,4,1,2003,1,8048.26,1,0,8.6,48.8,4.16,700082.6,9218.37,0.0
558,8580 River Rd,94111,37.759334,-122.421163,OldTown,2022-06-30,1404.93,4,3,2,2012,1,6644.54,2,0,7.3,74.1,1.19,259353.72,2896.94,0.0
559,466 Maple Ave,94117,37.727112,-122.393509,Riverside,2022-01-18,996.98,2,3,1,1930,0,2311.45,2,0,6.4,51.6,5.3,130933.51,1443.66,0.0
560,2193 Pine St,94116,37.783023,-122.406132,Downtown,2021-05-17,2051.26,3,1,1,2000,1,8096.65,2,1,7.6,41.2,1.89,457083.33,3165.06,0.0
561,376 Oak Dr,94112,37.765134,-122.398435,OldTown,2025-05-29,1764.81,5,2,3,2013,0,7555.83,1,0,8.1,49.3,1.97,431903.61,4295.0,0.0
562,2472 River Ln,94101,37.771157,-122.428408,SuburbA,2024-10-04,1763.33,4,1,3,1979,0,10268.35,0,0,7.1,42.7,0.75,461789.21,6171.14,0.0
563,5219 Pine Rd,94118,37.786392,-122.358239,SuburbB,2022-10-15,1983.57,4,2,3,1958,0,10622.64,1,0,3.5,42.0,5.72,320188.41,1674.99,0.0
564,2450 Maple Dr,94109,37.779181,-122.48161,Uptown,2024-12-26,1514.28,3,2,1,1968,1,7005.7,1,1,9.9,49.2,5.5,436055.25,4612.25,300.0
565,2611 Elm Blvd,94098,37.753606,-122.40914,OldTown,2024-05-01,2077.98,2,1,1,1982,0,1831.82,1,0,5.5,58.0,2.05,275006.8,2138.71,0.0
566,1127 Hill Rd,94102,37.748678,-122.431745,Uptown,2025-04-02,1665.29,4,3,1,2004,0,9821.89,2,0,9.5,48.3,2.58,316868.26,2316.9,0.0
567,7063 Lake Blvd,94098,37.759523,-122.431004,Downtown,2023-10-23,1689.0,3,1,2,1962,0,2507.58,1,0,9.6,41.8,1.51,515035.56,3843.56,0.0
568,2813 Cedar St,94112,37.757518,-122.427151,OldTown,2022-01-20,2330.0,4,3,1,1975,0,828.15,2,0,7.2,55.3,1.52,437449.52,4071.85,0.0
569,7874 Hill Rd,94123,37.783484,-122.449368,Downtown,2022-02-19,1688.61,3,1,3,1987,0,7300.29,1,0,9.0,72.3,2.98,360669.73,3274.52,300.0
570,2693 Oak Blvd,94090,37.804426,-122.448924,Downtown,2023-08-30,3255.87,1,2,2,1916,0,23.25,0,0,10.0,40.5,4.59,698499.89,10040.75,150.0
571,6200 Cedar Blvd,94104,37.754189,-122.456109,Riverside,2025-10-25,2221.93,3,2,3,1901,1,8235.45,2,0,6.5,44.8,3.62,310681.95,3878.44,0.0
572,7342 River Dr,94110,37.791039,-122.436037,Riverside,2021-11-11,1195.61,3,1,3,2005,1,10770.52,1,0,8.2,46.5,2.73,316710.41,2938.5,0.0
573,7296 Pine Dr,94107,37.772255,-122.439086,Downtown,2021-12-27,2170.23,4,4,2,1974,1,6194.91,0,0,8.1,23.1,1.69,611445.91,3914.42,0.0
574,2922 Oak Ln,94122,37.758347,-122.425625,SuburbB,2022-09-19,1929.59,3,2,3,2014,1,8055.83,1,0,7.0,50.8,1.38,570593.43,8011.46,0.0
575,9528 Maple Ave,94098,37.768017,-122.398262,SuburbA,2024-10-07,1608.32,2,1,2,1989,0,6955.9,1,0,6.2,49.5,1.92,382418.79,3562.58,0.0
576,2857 Oak Ave,94112,37.801445,-122.40521,Uptown,2024-01-09,2250.86,3,1,1,2013,1,3529.74,2,0,6.7,48.3,3.72,696590.18,7691.01,300.0
577,6590 Sunset Rd,94122,37.770991,-122.416129,SuburbA,2026-04-25,1998.45,3,3,3,2000,0,287.47,2,1,7.6,38.0,0.36,420168.43,3669.65,0.0
578,2674 Pine Rd,94090,37.764274,-122.410901,Riverside,2022-11-19,756.58,3,1,2,1934,0,8591.68,0,0,6.8,58.2,1.02,135857.92,1539.93,0.0
579,3704 Sunset Ave,94092,37.747858,-122.426892,Downtown,2022-12-23,1804.62,2,3,1,1983,0,2657.64,2,0,7.3,38.1,2.53,559966.1,4089.75,0.0
580,2916 River Blvd,94116,37.737652,-122.371608,Downtown,2022-06-18,2844.68,4,1,1,1916,0,5964.82,1,0,8.3,39.2,5.56,801287.2,8684.05,0.0
581,1587 Washington Dr,94086,37.769679,-122.415449,SuburbB,2022-09-03,1105.36,3,1,3,1992,0,8715.71,2,0,6.5,67.0,0.4,205928.25,1652.86,0.0
582,2181 River Blvd,94094,37.769664,-122.373794,Downtown,2022-04-01,2049.96,3,4,3,1951,0,8331.3,1,0,10.0,23.4,4.05,420179.43,2513.21,0.0
583,3065 Maple Rd,94103,37.756793,-122.431257,Riverside,2023-07-26,2746.51,4,3,1,2020,1,14242.07,1,1,4.8,45.2,1.77,826494.67,11654.13,0.0
584,2903 Washington Rd,94105,37.721965,-122.417119,Downtown,2025-12-03,2247.02,3,1,3,1990,1,13790.28,2,0,10.0,22.7,5.34,1056477.38,6686.98,0.0
585,8224 River Ln,94097,37.78745,-122.451876,SuburbA,2023-02-04,1764.01,2,2,2,1916,0,9420.26,1,0,6.9,39.7,3.4,154792.56,1618.74,0.0
586,7793 Oak Rd,94110,37.786455,-122.398766,SuburbB,2024-03-19,652.72,2,1,3,1935,0,616.3,1,0,5.8,68.5,2.61,97178.24,1428.47,0.0
587,3657 Elm Blvd,94094,37.761755,-122.416609,SuburbA,2023-05-27,1165.39,4,1,3,1948,0,4659.45,2,0,6.4,57.2,0.96,107747.23,704.8,0.0
588,7143 Maple Dr,94112,37.823803,-122.426961,OldTown,2025-07-23,744.34,2,2,2,2008,0,5520.35,0,0,7.1,67.7,6.0,141006.56,1054.17,0.0
589,4338 Washington St,94089,37.794628,-122.403031,OldTown,2025-10-21,1033.87,4,2,2,1998,1,4465.74,0,1,8.2,53.3,3.11,302075.87,3311.15,0.0
590,1372 Elm Blvd,94124,37.760232,-122.38292,OldTown,2025-01-18,2465.38,3,3,3,1965,0,3866.53,1,0,7.3,45.3,3.43,517332.89,3322.89,0.0
591,4801 Lake St,94121,37.734753,-122.406897,Riverside,2021-07-19,2437.71,2,2,3,2005,0,95.75,1,0,5.9,41.4,4.08,741254.02,8529.59,0.0
592,7147 Washington Dr,94119,37.749202,-122.459698,OldTown,2023-07-23,499.2,4,3,2,1921,0,4829.79,1,1,5.0,54.8,4.18,35095.29,448.68,0.0
593,4758 Washington Dr,94087,37.733481,-122.390778,Uptown,2024-08-29,1618.81,3,2,1,2021,0,8372.53,0,0,4.1,43.2,4.8,367602.38,2353.2,500.0
594,558 Hill Dr,94102,37.773367,-122.405611,Downtown,2026-02-20,934.28,5,1,1,1915,0,2138.03,2,0,9.4,37.5,1.32,129666.72,1549.21,0.0
595,8643 Washington St,94103,37.765559,-122.45445,Riverside,2022-11-24,1720.75,2,3,1,1959,1,1395.33,1,0,9.2,48.6,3.06,486997.58,4144.52,0.0
596,9001 Oak St,94092,37.773653,-122.417544,OldTown,2021-10-28,2632.09,2,2,3,1959,0,11268.41,2,0,2.4,64.6,0.46,273255.47,2219.21,0.0
597,3492 Cedar St,94108,37.78445,-122.392146,OldTown,2025-05-22,1245.8,3,2,2,2020,0,3891.11,1,0,6.6,71.4,2.92,273613.19,2029.67,0.0
598,7120 Maple Blvd,94086,37.788171,-122.409857,SuburbA,2022-04-22,2526.46,2,3,2,1931,1,3838.49,2,0,6.8,32.8,2.2,366963.34,5145.36,0.0
599,9180 Cedar Rd,94117,37.777591,-122.433817,OldTown,2025-05-11,2302.73,2,2,3,1978,1,4483.21,1,0,8.0,51.3,1.48,615586.84,6009.16,0.0
600,1274 River Blvd,94124,37.806224,-122.415246,SuburbA,2023-02-04,1479.97,4,3,2,1946,1,5304.96,0,0,6.4,43.2,4.04,320551.41,1690.39,0.0
601,6996 Oak St,94089,37.766096,-122.435735,SuburbA,2024-08-27,2105.52,3,3,1,2019,1,8163.59,2,0,7.1,50.6,1.45,641366.44,8968.18,0.0
602,1120 Oak Ln,94106,37.788759,-122.419822,Uptown,2026-01-16,2561.22,1,2,1,1952,0,1888.56,1,0,8.2,48.5,2.08,578987.77,4022.19,150.0
603,4781 Elm Blvd,94109,37.722274,-122.481368,SuburbB,2024-03-30,2352.47,2,1,1,1962,0,10076.87,1,0,5.5,62.2,7.55,499766.13,3710.19,0.0
604,1158 Washington St,94107,37.777215,-122.49107,OldTown,2021-09-27,1007.55,4,1,3,2012,1,6318.88,1,0,4.6,45.5,6.29,363549.28,5305.2,0.0
605,8096 Washington Dr,94100,37.782284,-122.43104,SuburbA,2022-09-02,2063.09,1,1,3,1995,0,8039.84,0,0,7.2,72.6,1.67,643164.35,3738.21,0.0
606,2294 Oak St,94095,37.774045,-122.427839,Downtown,2022-11-06,2097.84,2,1,1,1953,0,3876.14,1,1,8.5,33.0,0.82,320822.85,1966.04,0.0
607,5852 Elm Ln,94087,37.766034,-122.415476,OldTown,2021-12-28,1119.38,3,2,1,1999,1,6974.53,1,0,6.3,61.6,0.59,188100.61,2034.3,0.0
608,2791 Oak Ln,94117,37.740466,-122.388817,OldTown,2022-06-23,914.56,4,2,3,1963,0,11330.42,2,0,7.6,74.1,4.27,153899.61,1846.96,0.0
609,1068 Elm Ln,94123,37.782316,-122.442096,SuburbA,2024-03-30,2249.44,2,4,3,1947,1,3075.64,1,0,5.9,56.5,2.37,698393.29,5792.59,0.0
610,5525 Cedar St,94104,37.773889,-122.426954,OldTown,2025-05-01,2829.48,4,2,2,1967,0,8157.25,1,0,5.1,62.7,0.75,370678.05,3459.87,0.0
611,3031 Cedar Rd,94125,37.79422,-122.46512,Uptown,2022-05-22,2237.71,3,2,2,1948,0,13936.56,0,1,9.3,49.2,4.79,541301.95,4435.67,0.0
612,3872 Cedar Dr,94109,37.785573,-122.409348,Downtown,2025-06-02,1326.1,4,3,1,1939,0,7508.83,2,0,9.8,33.7,1.97,276015.9,3953.27,0.0
613,9377 Hill Ln,94105,37.746675,-122.444167,OldTown,2024-11-08,2122.77,2,2,2,1972,0,14984.58,0,0,6.0,42.9,3.35,504718.43,3042.64,0.0
614,1674 Lake Ln,94105,37.711953,-122.458036,Riverside,2024-10-26,1853.6,2,1,1,1903,1,8269.14,1,0,8.2,48.6,7.26,737569.03,5322.76,0.0
615,4827 Pine Blvd,94114,37.746481,-122.428771,Uptown,2023-03-18,2471.66,3,2,3,1952,0,9162.01,1,1,7.3,46.4,2.72,444146.67,5033.7,0.0
616,5072 Elm Dr,94117,37.757778,-122.34675,SuburbA,2024-01-04,1313.57,4,3,1,1960,1,11817.59,1,1,8.2,40.8,6.57,420210.1,3205.39,0.0
617,289 Washington Ln,94102,37.777282,-122.464699,OldTown,2024-02-26,2387.2,3,1,1,1913,0,3506.7,1,0,6.0,73.2,4.0,419675.22,3467.44,0.0
618,8315 Maple Dr,94109,37.778343,-122.436078,Uptown,2022-09-19,1242.11,3,3,3,2007,1,4481.22,1,0,8.7,53.5,1.69,301000.32,2198.29,0.0
619,6150 Washington Ln,94107,37.798755,-122.397472,Riverside,2023-02-13,1702.76,1,1,1,1900,1,806.42,1,0,8.8,49.9,3.75,408467.64,4091.67,0.0
620,7265 Pine Blvd,94096,37.783718,-122.422941,SuburbA,2025-06-03,2098.07,2,2,2,1998,0,7758.26,1,0,7.7,48.8,1.54,507731.29,7136.98,0.0
621,8836 Elm Blvd,94112,37.779768,-122.424334,SuburbA,2023-08-15,1671.16,3,3,3,1927,0,11727.88,1,0,7.8,46.4,1.15,409868.46,5726.44,0.0
622,1342 Sunset Rd,94098,37.77341,-122.371618,Riverside,2021-12-13,906.66,2,2,3,1947,1,5296.32,1,0,8.1,49.7,4.26,166801.95,1639.24,0.0
623,4387 Maple Dr,94107,37.783525,-122.434389,Uptown,2024-02-02,1270.27,4,2,3,1962,0,15382.11,0,0,8.4,57.9,1.96,349009.81,4503.75,0.0
624,6636 Oak Ave,94108,37.77995,-122.436263,Riverside,2024-02-03,1807.37,2,3,2,1949,1,3076.66,2,0,7.9,34.8,1.8,456926.14,6642.31,0.0
625,8207 Washington St,94111,37.740779,-122.404992,SuburbB,2022-08-13,1649.82,2,2,3,1923,1,8207.59,0,0,8.0,65.5,3.5,194902.32,2601.77,0.0
626,9695 Elm Ave,94111,37.763127,-122.40186,Downtown,2021-05-03,2311.75,4,4,2,1938,0,12726.21,1,0,10.0,43.3,1.77,935371.86,12873.43,0.0
627,6420 River Ln,94092,37.722697,-122.42255,SuburbB,2021-08-04,300,5,3,1,1910,1,10077.0,1,0,6.5,52.5,5.26,44615.59,495.5,0.0
628,5130 Cedar Ave,94089,37.754073,-122.455949,SuburbB,2026-02-22,2891.73,2,2,3,1955,1,8210.31,1,0,4.2,48.4,3.62,451146.4,5156.32,0.0
629,7738 River St,94102,37.762478,-122.445937,SuburbB,2021-08-12,2899.6,3,2,2,1997,0,9165.35,0,0,6.6,57.6,2.42,647950.72,4125.05,0.0
630,3733 Maple Rd,94102,37.748256,-122.403389,Riverside,2021-12-24,2425.41,4,2,3,1995,0,7920.3,1,0,6.8,49.7,2.82,672761.07,9083.01,0.0
631,7640 Hill Rd,94109,37.742307,-122.434636,SuburbB,2026-04-26,2462.38,2,4,1,1979,0,3473.06,1,0,6.0,63.8,3.33,497489.88,6879.73,0.0
632,3286 Sunset Ln,94110,37.76322,-122.369869,SuburbB,2025-06-21,1619.27,3,1,1,1908,0,9899.91,1,0,6.9,63.3,4.46,140603.52,1561.1,0.0
633,9390 Oak Ln,94085,37.76324,-122.41981,SuburbA,2023-05-24,1052.15,2,1,2,1925,0,4832.26,1,0,6.7,60.0,0.75,110086.7,1367.36,0.0
634,5151 Elm St,94118,37.764812,-122.411037,Uptown,2026-04-20,1956.68,3,2,1,1993,1,20697.38,0,0,6.8,50.7,0.97,622177.86,6320.48,0.0
635,7161 Oak Ave,94101,37.801347,-122.459852,SuburbB,2021-12-25,2224.85,2,3,3,1908,0,16678.71,0,0,5.9,47.3,4.93,384815.92,5258.95,0.0
636,851 Lake Ln,94125,37.803277,-122.403079,OldTown,2024-03-08,2815.6,4,3,1,1997,1,5213.61,1,0,5.0,68.8,3.98,681852.28,5124.9,0.0
637,5244 Lake Ave,94091,37.782341,-122.414864,Uptown,2025-03-31,2471.68,2,1,1,1950,0,8761.24,1,0,8.3,47.9,1.44,745067.65,3975.31,0.0
638,4531 Cedar Ln,94108,37.784345,-122.482495,SuburbA,2022-09-05,663.76,1,5,3,1901,1,11538.67,2,0,8.9,41.4,5.71,96751.09,975.75,0.0
639,4619 Lake St,94117,37.778951,-122.423163,Riverside,2022-07-19,1693.84,2,2,1,2008,0,5636.07,1,1,9.3,34.8,1.03,797802.95,6036.65,0.0
640,1091 Hill Blvd,94109,37.783003,-122.454767,Uptown,2025-10-15,1731.85,4,3,3,1980,0,1794.58,1,0,8.8,44.9,3.37,251335.52,3395.86,0.0
641,7280 Sunset St,94116,37.749653,-122.427477,Riverside,2021-09-29,2193.95,1,2,3,1985,0,14135.19,2,0,6.1,55.4,2.35,492681.86,3843.2,0.0
642,2482 Elm Dr,94109,37.751656,-122.446454,SuburbA,2022-04-18,982.72,5,1,3,1964,0,4769.91,2,0,7.1,39.3,3.09,173209.31,895.57,0.0
643,6646 Elm St,94095,37.74689,-122.373472,SuburbB,2026-01-30,3226.12,3,1,1,1944,0,8313.94,1,1,6.1,35.1,4.82,548268.04,6632.77,0.0
644,2502 Maple Ave,94117,37.78562,-122.403511,Riverside,2026-03-29,1497.96,1,3,2,1935,0,5616.75,0,0,9.6,44.5,2.26,242875.06,1528.68,0.0
645,4496 Sunset Blvd,94093,37.76736,-122.478134,OldTown,2026-03-20,1476.64,4,4,3,1942,0,4935.73,1,0,6.3,63.2,5.11,264836.1,2891.07,0.0
646,5541 Sunset St,94095,37.731812,-122.445644,Uptown,2026-04-17,300,2,2,2,2005,0,6418.9,0,0,6.8,57.7,4.8,55914.62,509.31,0.0
647,6116 Hill Ln,94113,37.795182,-122.381244,SuburbB,2023-11-14,2138.33,3,1,2,2005,1,10361.28,0,0,7.0,48.7,4.4,354542.76,3647.59,0.0
648,8859 Oak Rd,94109,37.80064,-122.40801,Downtown,2026-02-03,1666.78,3,1,3,1971,0,6028.87,1,0,7.3,52.3,3.56,563711.31,4330.73,300.0
649,8568 Sunset Rd,94117,37.786694,-122.491435,OldTown,2021-08-15,1905.98,4,3,2,1942,1,650.02,0,0,6.0,68.8,6.54,277319.46,3687.26,0.0
650,4255 River Ln,94122,37.789464,-122.417616,OldTown,2023-03-10,2454.56,3,3,1,1931,0,3169.38,1,0,6.1,53.2,2.17,260122.44,2535.78,0.0
651,6696 Oak Rd,94123,37.795041,-122.381794,Downtown,2021-05-18,1355.29,3,1,1,1905,0,7315.56,1,0,9.8,39.9,4.35,151281.71,758.53,0.0
652,7610 Sunset Dr,94107,37.756089,-122.389035,SuburbA,2022-10-01,2176.37,3,1,3,1912,0,15936.69,0,0,4.9,46.5,3.13,345830.9,4309.46,0.0
653,5285 Hill Blvd,94111,37.729917,-122.345563,SuburbB,2021-08-28,1918.52,3,1,2,1935,0,2725.91,1,0,7.4,50.8,7.9,244723.82,3469.54,0.0
654,7127 Maple Dr,94108,37.744396,-122.382185,Riverside,2024-08-30,2796.41,1,2,2,1983,0,10932.76,1,0,9.5,54.6,4.37,474449.35,4353.15,0.0
655,5989 Elm Dr,94118,37.766161,-122.410201,Riverside,2026-04-10,2532.22,4,1,3,1915,0,7561.65,1,0,5.9,29.6,0.96,272814.95,2514.83,0.0
656,3228 Lake Rd,94088,37.782354,-122.431249,Riverside,2022-03-13,2528.51,1,2,3,1987,0,12099.16,0,0,7.3,44.4,1.69,1101057.45,5914.65,0.0
657,8958 Sunset Dr,94116,37.773449,-122.419849,Downtown,2023-06-11,2885.85,1,2,2,2017,1,7744.91,0,0,9.2,48.0,0.38,1157981.07,7553.3,0.0
658,8328 Washington Ave,94089,37.758378,-122.382033,OldTown,2021-05-21,2611.75,3,2,3,1947,0,5202.32,1,0,4.8,54.3,3.57,327149.11,2593.81,0.0
659,6518 Pine Blvd,94104,37.771356,-122.443558,Riverside,2024-12-23,1518.83,3,2,3,1982,0,8724.13,1,0,9.6,58.5,2.07,504745.67,2998.11,0.0
660,8597 Hill St,94116,37.74245,-122.421615,SuburbA,2026-03-06,2714.33,3,2,1,1924,0,3206.56,1,0,6.3,56.0,3.06,231366.26,2428.99,0.0
661,7517 Elm Ln,94097,37.699927,-122.478577,Downtown,2025-09-16,1610.59,3,1,1,1907,0,928.14,0,0,9.0,14.6,9.32,217965.55,1710.62,0.0
662,6771 Elm St,94097,37.744346,-122.443632,OldTown,2023-04-23,590.04,3,3,3,1937,0,6803.4,1,0,7.7,46.2,3.52,91426.97,463.09,0.0
663,2375 Maple St,94121,37.772041,-122.464958,OldTown,2024-03-09,2612.03,3,3,3,1905,0,6348.35,1,1,6.0,57.3,3.95,430690.24,5815.11,0.0
664,1511 Hill Ave,94093,37.752387,-122.404197,SuburbA,2024-08-27,1466.97,3,1,1,2002,0,3646.89,2,0,7.7,44.7,2.4,332162.08,3614.54,0.0
665,995 Cedar Blvd,94114,37.778237,-122.403725,Downtown,2022-04-10,1172.58,2,2,2,1967,0,9397.91,1,0,8.1,41.0,1.7,156979.42,1605.79,0.0
666,5682 Maple Blvd,94118,37.759706,-122.527216,Uptown,2025-04-17,1619.46,4,2,1,1916,0,8012.83,2,0,6.8,37.7,9.48,205509.07,1545.11,300.0
667,795 Hill Rd,94114,37.78304,-122.429818,Riverside,2023-06-09,1548.62,4,1,2,1925,0,7009.9,1,0,8.2,30.9,1.68,237389.48,2396.17,0.0
668,8401 Washington Dr,94104,37.785004,-122.396246,Downtown,2021-10-13,2553.36,2,1,2,1919,0,6682.96,1,0,10.0,42.2,2.67,532346.19,2835.84,0.0
669,5877 Hill Ln,94090,37.771491,-122.446341,Riverside,2021-07-19,2138.36,3,1,3,1982,0,10935.72,1,0,9.0,49.6,2.32,587370.35,7992.79,0.0
670,580 Oak Rd,94122,37.778564,-122.425308,SuburbB,2025-02-27,1172.63,4,3,2,1998,0,14190.31,0,0,4.3,51.4,1.06,131605.53,1395.81,0.0
671,9536 Pine Ln,94098,37.777239,-122.414428,Riverside,2022-07-01,2046.98,5,3,1,2008,0,6933.58,1,0,8.9,50.3,0.94,840838.45,4287.31,0.0
672,8797 Cedar Ave,94113,37.768725,-122.418425,OldTown,2024-11-12,1892.03,4,2,1,1941,0,611.73,0,0,5.2,52.9,0.2,112189.79,885.66,0.0
673,1557 Hill Blvd,94105,37.780278,-122.444917,SuburbA,2024-03-27,1119.27,3,2,1,1912,0,11030.49,0,0,6.2,37.9,2.47,195182.86,2045.09,0.0
674,2130 Elm Ave,94105,37.778214,-122.430389,OldTown,2023-06-24,2259.93,4,1,2,1963,1,2062.07,1,1,5.1,54.4,1.29,292308.37,3296.83,0.0
675,2055 Oak Blvd,94121,37.779373,-122.433986,Downtown,2021-12-07,492.89,4,2,1,2011,0,9054.26,2,0,7.6,19.2,1.61,196871.95,2203.86,150.0
676,3511 Hill Dr,94117,37.750622,-122.501513,Riverside,2024-08-22,1082.46,2,2,1,1917,0,9440.85,1,0,8.6,34.5,7.47,229854.46,2874.5,0.0
677,7522 Cedar Rd,94110,37.764399,-122.379533,SuburbA,2025-12-09,1808.12,3,1,1,1927,0,6224.82,0,0,9.2,24.2,3.6,205927.29,1608.63,0.0
678,7973 Elm Rd,94089,37.772783,-122.413756,Riverside,2024-05-17,1637.96,5,1,2,2021,0,6634.51,2,1,8.3,31.0,0.63,598533.74,5461.55,0.0
679,5127 Hill Ave,94093,37.80504,-122.458515,OldTown,2025-06-26,2480.95,3,1,3,1908,1,9931.72,1,0,3.2,61.4,5.15,489458.36,3276.81,0.0
680,3770 Oak Ave,94102,37.762186,-122.442465,SuburbA,2021-06-26,2649.71,3,1,2,1904,0,4959.94,1,0,5.0,39.7,2.15,231086.79,1531.39,0.0
681,6167 Pine Ln,94116,37.781451,-122.388865,SuburbA,2022-01-05,2149.39,5,2,2,1996,0,5097.95,1,0,4.1,52.8,3.01,449300.0,2665.25,0.0
682,7942 Oak Ave,94096,37.765928,-122.422406,SuburbB,2025-09-28,1419.02,1,2,1,1910,0,2060.24,1,0,6.0,63.3,0.5,188186.65,2406.44,0.0
683,7434 Elm Blvd,94085,37.785377,-122.434376,SuburbB,2026-01-08,1807.97,3,1,1,1943,0,10165.71,2,1,7.7,55.4,2.12,469379.39,7036.1,0.0
684,4945 Cedar St,94121,37.769753,-122.42446,SuburbA,2025-01-06,1843.77,5,3,2,1982,0,6788.57,1,0,7.4,44.0,0.39,415730.37,3420.09,0.0
685,6913 Elm Ave,94118,37.785595,-122.448405,Riverside,2022-04-11,1698.18,3,2,1,2013,1,13110.8,1,0,9.6,56.0,3.03,732350.93,8727.48,0.0
686,2718 Elm Ave,94092,37.751146,-122.459248,SuburbB,2021-09-30,2788.3,2,3,2,2008,0,12049.63,1,0,5.2,49.5,4.03,578756.8,7645.57,0.0
687,5012 Cedar Ave,94106,37.760589,-122.387079,Riverside,2022-05-06,2128.06,2,5,2,1915,0,8440.68,1,0,8.4,40.3,3.07,315889.62,3929.5,0.0
688,9544 Oak Ln,94098,37.787794,-122.413684,SuburbB,2021-05-11,1272.98,2,2,1,1993,1,9238.98,1,0,6.5,68.1,2.05,291486.6,2230.52,0.0
689,8448 Oak Dr,94103,37.767596,-122.370033,Riverside,2023-07-05,1401.79,1,4,2,1936,1,6436.78,1,0,7.8,55.3,4.39,387350.48,3108.56,0.0
690,5571 Hill Blvd,94103,37.799347,-122.376498,OldTown,2022-06-29,2855.0,2,3,3,1904,0,10767.17,1,0,6.9,37.5,5.02,229509.81,1643.94,0.0
691,1300 Washington Ln,94109,37.736503,-122.421924,Uptown,2025-08-17,1901.07,4,2,2,1933,0,6576.92,0,0,7.3,33.1,3.72,338973.2,4225.31,0.0
692,6566 Pine Dr,94115,37.73073,-122.446203,OldTown,2022-06-13,1889.56,4,3,3,1984,0,6332.43,2,0,6.7,53.7,4.93,439859.87,3510.57,0.0
693,1322 Pine Blvd,94094,37.795437,-122.360245,Riverside,2026-01-24,2558.78,3,2,3,1990,0,7683.9,0,0,9.9,31.2,5.96,944301.62,13977.39,0.0
694,489 Elm Dr,94094,37.787212,-122.399801,OldTown,2025-08-10,2265.12,2,2,3,2002,0,2425.15,1,0,5.0,64.4,2.61,469826.9,2494.56,0.0
695,6578 Washington St,94090,37.754668,-122.409554,OldTown,2022-10-28,1866.71,3,1,1,1997,0,14925.07,1,0,4.1,72.5,1.93,358934.91,4642.99,0.0
696,6453 Pine Rd,94124,37.787503,-122.412373,Downtown,2024-04-03,1688.61,4,1,1,1923,0,1333.65,1,0,8.5,19.5,2.05,375830.89,3247.14,150.0
697,5659 Sunset Ave,94107,37.75876,-122.360572,SuburbA,2025-08-25,1901.87,4,2,2,1991,0,12682.36,1,1,7.2,46.5,5.36,464501.53,2532.49,0.0
698,1071 Pine Rd,94089,37.777804,-122.384688,SuburbB,2023-08-17,2091.77,3,1,1,1956,0,4082.51,1,1,6.2,53.8,3.22,270214.67,2509.79,0.0
699,894 Washington Ave,94119,37.749377,-122.456115,Downtown,2025-07-24,2148.95,4,1,3,1977,0,8073.55,0,0,10.0,25.3,3.91,571215.44,2916.89,150.0
700,6619 Washington Dr,94122,37.761411,-122.397774,Riverside,2026-02-06,2811.89,2,1,1,2002,1,7013.28,2,0,7.1,49.9,2.17,844859.33,7401.77,0.0
701,5093 Lake St,94105,37.75007,-122.374214,SuburbA,2025-10-13,2418.1,3,2,1,2020,0,11879.22,2,0,6.9,38.1,4.59,1439933.99,14353.54,0.0
702,5765 Oak Dr,94117,37.753277,-122.454206,Uptown,2023-02-04,2873.69,3,3,2,1992,0,14714.64,2,0,9.6,38.2,3.53,807836.75,10859.84,0.0
703,3745 Maple St,94125,37.7931,-122.435949,OldTown,2025-12-01,1122.39,3,2,1,1965,0,10223.18,1,0,7.3,74.7,2.92,92876.47,997.06,0.0
704,692 Hill St,94104,37.793936,-122.447488,SuburbA,2022-08-17,1401.45,4,3,3,1971,0,14081.33,0,0,8.3,51.6,3.59,299834.51,4340.1,0.0
705,6406 Washington Blvd,94106,37.752255,-122.40929,SuburbB,2023-05-13,2616.06,3,2,3,1962,1,6537.1,1,1,5.1,35.3,2.18,643238.52,5346.89,0.0
706,7464 Pine Dr,94095,37.785322,-122.48311,SuburbB,2024-06-25,2306.17,2,1,1,1934,1,6774.19,1,1,5.9,60.6,5.79,584814.57,5445.59,0.0
707,3467 Elm Ln,94119,37.816862,-122.401538,OldTown,2021-11-27,1718.43,2,1,1,1920,0,4413.68,1,0,4.7,80.4,5.45,281751.32,1775.84,0.0
708,8661 Cedar St,94095,37.771498,-122.405843,OldTown,2022-05-25,1503.46,2,3,3,1997,0,14815.28,1,1,6.8,48.6,1.25,339401.46,4030.34,0.0
709,2544 Lake Dr,94106,37.774748,-122.423045,Riverside,2026-04-23,1528.16,3,1,2,2006,0,7117.45,1,0,6.7,39.0,0.59,724247.6,6250.67,0.0
710,4293 River St,94118,37.7739,-122.421101,Uptown,2024-06-27,1942.62,2,1,2,1983,1,568.95,1,1,10.0,46.4,0.44,569669.32,4758.51,500.0
711,9740 Sunset Ave,94099,37.791889,-122.388749,Downtown,2021-10-10,1205.0,3,3,2,2008,1,7341.52,1,0,9.4,50.7,3.66,259780.04,1552.21,300.0
712,3964 Sunset Blvd,94098,37.754932,-122.450003,Uptown,2023-07-03,2646.25,3,2,3,1921,0,7947.12,1,0,6.5,25.2,3.12,515942.93,6814.1,0.0
713,107 Washington Ln,94085,37.746395,-122.353212,Uptown,2026-02-09,934.38,3,1,1,1969,0,12084.47,1,1,5.2,52.0,6.42,181898.95,1077.14,150.0
714,7058 Oak Ln,94093,37.797799,-122.447668,OldTown,2024-02-01,1153.89,2,2,1,1900,0,4410.06,0,0,3.9,53.8,3.93,106266.19,589.58,0.0
715,2440 Hill Blvd,94105,37.759439,-122.418186,Downtown,2025-09-30,1350.28,2,2,2,1937,0,21.46,1,0,10.0,42.3,1.18,198255.16,1611.41,0.0
716,3923 Washington Blvd,94120,37.78402,-122.437645,OldTown,2024-12-08,300,4,1,3,1957,1,10799.01,2,0,6.9,54.6,2.2,48397.78,482.34,0.0
717,4005 Elm Blvd,94116,37.767225,-122.407708,SuburbB,2021-12-08,1424.66,3,2,3,1956,0,4904.58,2,0,5.5,70.1,1.12,197748.87,1064.62,0.0
718,4504 Elm Dr,94107,37.735532,-122.438828,SuburbB,2021-07-21,1721.94,3,2,2,1924,0,16895.12,1,0,5.4,47.9,4.17,242718.73,2366.41,0.0
719,1406 River Ln,94105,37.754427,-122.385787,Riverside,2021-05-05,2740.44,3,1,3,2014,1,6974.22,0,0,7.8,52.9,3.46,1213339.66,10432.11,0.0
720,6008 River Dr,94097,37.768931,-122.445661,SuburbA,2025-05-01,1171.21,1,2,2,1942,0,12668.42,1,0,5.5,47.9,2.25,190642.78,2367.25,0.0
721,2817 River Ln,94090,37.763724,-122.446429,Downtown,2022-02-26,3121.48,3,3,2,1966,0,177.14,2,0,7.8,32.8,2.42,737106.61,7439.96,0.0
722,7701 Maple Dr,94097,37.767576,-122.387797,Uptown,2024-11-17,2294.5,4,2,1,1918,0,4814.51,1,0,10.0,30.0,2.84,351827.51,4957.76,0.0
723,6765 Oak Dr,94097,37.817497,-122.402122,Uptown,2024-02-29,1512.98,2,1,3,1999,1,8862.59,1,0,6.6,43.4,5.5,427335.99,3401.5,0.0
724,9205 Hill Ave,94085,37.759648,-122.40812,SuburbB,2023-06-30,1413.69,1,4,1,1974,0,8496.4,0,0,5.7,49.9,1.55,308556.21,2108.87,0.0
725,4135 Hill Blvd,94094,37.766737,-122.395552,SuburbB,2022-06-07,3269.73,2,1,3,1919,1,7918.35,2,0,5.8,60.1,2.18,743379.93,9603.13,0.0
726,6868 Sunset St,94105,37.781115,-122.441225,SuburbB,2021-10-29,1226.62,4,4,1,1954,1,4369.16,1,0,7.1,44.9,2.23,113423.06,676.44,0.0
727,8194 Sunset Rd,94088,37.781821,-122.45395,SuburbA,2023-02-16,1222.0,2,3,3,2014,0,4603.54,0,0,6.3,51.1,3.26,290689.29,4326.68,0.0
728,5473 Oak Dr,94120,37.769428,-122.452497,SuburbA,2023-11-02,1923.56,2,1,2,1903,0,1830.67,1,0,8.3,59.6,2.85,149446.71,1936.28,0.0
729,3667 Hill Rd,94092,37.771531,-122.437,Riverside,2021-08-24,1674.93,2,1,3,1970,0,8604.96,1,0,6.9,51.2,1.5,303139.38,3350.33,0.0
730,2481 Washington Ave,94122,37.785823,-122.384512,Downtown,2024-08-16,915.68,4,1,3,1991,0,4787.57,0,0,9.8,51.6,3.57,256778.05,2827.74,0.0
731,9234 Pine Blvd,94115,37.774053,-122.428315,OldTown,2021-05-27,1863.25,2,2,3,1983,0,4499.07,2,0,4.2,71.7,0.86,140087.16,1928.22,0.0
732,5441 Cedar Rd,94087,37.791162,-122.456735,SuburbA,2021-10-24,3466.56,3,1,2,1963,0,1874.32,0,0,5.9,54.1,3.99,815394.51,5030.9,0.0
733,7812 Cedar St,94117,37.779434,-122.422471,SuburbA,2024-04-07,1765.9,2,3,1,1990,0,11517.82,2,0,8.7,51.5,1.07,388482.57,4266.47,0.0
734,231 River St,94119,37.773456,-122.396597,OldTown,2024-05-08,981.89,2,5,1,1963,0,11327.86,0,0,4.0,63.0,2.09,236983.67,3512.47,0.0
735,6392 Pine Rd,94114,37.788502,-122.416162,Riverside,2022-04-28,2038.51,4,3,2,1959,0,11903.42,0,0,9.2,56.3,2.08,470523.66,6555.95,0.0
736,3806 Pine Rd,94102,37.769851,-122.423652,OldTown,2023-11-11,1578.64,5,1,3,1958,0,4731.79,1,0,6.0,56.5,0.32,440766.25,3945.92,0.0
737,4650 Washington Ave,94116,37.76443,-122.492104,Riverside,2025-10-25,1246.15,3,4,2,1941,0,9001.62,0,0,7.0,51.0,6.36,262353.26,1793.9,0.0
738,4930 Cedar Rd,94125,37.794144,-122.384635,SuburbA,2023-08-29,2960.0,2,2,1,1964,0,5265.71,1,0,5.7,77.3,4.1,817180.31,9149.37,0.0
739,9135 Maple Blvd,94098,37.768453,-122.415465,Riverside,2025-01-15,2475.32,4,3,2,1978,0,2802.82,1,0,10.0,51.8,0.43,851004.44,6628.31,0.0
740,2056 Maple Blvd,94091,37.750274,-122.458138,SuburbB,2021-11-02,1023.06,4,4,2,1965,0,2782.42,2,1,6.0,67.9,4.0,131481.73,1371.31,0.0
741,8124 Pine Rd,94090,37.766112,-122.409865,Uptown,2023-01-10,1467.43,4,1,1,1919,0,8912.07,1,0,8.5,43.4,0.99,207434.31,3106.81,300.0
742,4614 Pine Ave,94106,37.772888,-122.375907,Riverside,2026-04-05,804.7,4,1,2,1906,1,8404.58,1,0,10.0,42.0,3.88,171143.54,1032.1,0.0
743,1778 Washington Ave,94089,37.788459,-122.412578,Uptown,2024-09-21,807.5,3,2,1,1970,0,3310.56,1,0,8.0,53.7,2.15,152079.72,2082.49,0.0
744,6589 Washington Rd,94110,37.762231,-122.397481,Uptown,2022-06-22,1591.34,3,2,3,1905,0,7039.17,1,1,7.3,51.5,2.16,233996.04,2570.34,0.0
745,7425 Washington Dr,94094,37.775345,-122.379849,Riverside,2025-02-18,2079.27,4,1,3,1903,1,7497.45,0,0,8.1,45.3,3.57,600905.94,6757.92,0.0
746,6766 Maple Blvd,94120,37.754125,-122.400301,Riverside,2025-07-06,2174.78,5,1,2,1916,1,12921.91,1,0,8.6,53.5,2.47,512071.65,2589.17,0.0
747,1538 Sunset Ln,94107,37.791836,-122.386467,Riverside,2023-09-19,1944.46,4,3,3,1957,0,4412.76,1,0,9.4,37.7,3.81,480970.95,3377.24,0.0
748,8938 River Ave,94118,37.759998,-122.446352,Downtown,2022-02-27,794.16,1,1,3,1913,0,7962.06,1,0,8.9,42.0,2.56,251883.94,2840.11,0.0
749,3692 Pine Ln,94123,37.753982,-122.455444,Uptown,2021-10-20,1768.77,3,2,1,1912,1,8099.5,2,0,8.2,44.0,3.58,536102.38,7943.2,500.0
750,579 Hill Rd,94087,37.750195,-122.376343,Downtown,2023-12-23,1269.83,2,3,1,1922,1,13210.39,2,0,9.2,54.4,4.42,331285.19,2613.77,300.0
751,9976 Oak Ave,94090,37.800507,-122.445566,Uptown,2024-10-12,1363.56,3,4,2,1934,1,6619.25,2,0,6.3,32.8,4.06,252825.6,1803.82,150.0
752,7444 Washington Rd,94086,37.822266,-122.392814,SuburbB,2026-01-04,2809.74,2,1,1,2021,0,2826.43,2,1,5.1,61.9,6.27,631454.24,7193.0,0.0
753,6469 Maple St,94110,37.784047,-122.405882,Downtown,2024-05-25,494.3,4,3,2,1990,0,4071.31,1,0,9.9,30.2,1.99,151374.1,1843.46,0.0
754,9858 Lake Rd,94109,37.816491,-122.400776,Downtown,2025-08-20,1039.26,4,2,1,2013,0,183.82,1,0,9.4,37.8,5.43,260599.49,1680.86,0.0
755,5087 Elm Rd,94123,37.763409,-122.42365,SuburbA,2023-07-14,2716.62,4,2,3,1977,0,10487.29,1,1,6.9,51.2,0.8,461900.99,3017.93,0.0
756,7523 Sunset Ave,94116,37.767942,-122.419735,Uptown,2025-12-10,1048.05,4,1,1,2002,0,8229.11,1,0,10.0,42.9,0.23,269789.09,2118.9,300.0
757,7162 Sunset Ln,94092,37.780134,-122.430531,Riverside,2024-06-25,2420.7,2,1,3,1908,1,3915.75,1,0,10.0,36.5,1.46,382871.75,4114.05,0.0
758,7738 Hill Dr,94112,37.750621,-122.453686,SuburbA,2021-09-07,1636.18,3,1,3,2008,1,13666.35,2,0,8.3,45.7,3.66,233233.95,1896.89,0.0
759,1123 Cedar Blvd,94093,37.770964,-122.41659,OldTown,2026-04-29,1654.0,2,4,2,1986,0,5984.96,1,0,4.7,60.9,0.32,202210.48,2957.49,0.0
760,3232 Lake Blvd,94121,37.748394,-122.412323,Uptown,2026-04-09,557.13,3,1,2,1901,1,12449.22,0,0,7.1,66.9,2.49,125800.99,1312.07,0.0
761,6954 Lake St,94096,37.794137,-122.388568,Downtown,2025-07-25,3070.05,3,1,1,1916,0,4700.26,2,0,10.0,28.2,3.85,593695.21,4667.84,0.0
762,7240 Sunset Ave,94113,37.772738,-122.353947,SuburbB,2025-02-05,1835.66,3,2,1,1988,0,8051.92,1,1,6.9,39.4,5.8,394204.66,2856.5,0.0
763,5575 Elm Dr,94114,37.727628,-122.429997,Downtown,2025-07-13,1617.94,5,1,2,1960,0,13320.13,1,0,10.0,32.6,4.78,348140.12,2609.92,0.0
764,4652 Oak Blvd,94103,37.762313,-122.35998,Uptown,2026-04-05,2537.55,1,2,3,1913,0,78.32,0,0,6.1,49.1,5.33,505436.78,2585.16,0.0
765,8169 Hill Dr,94097,37.765173,-122.450098,Downtown,2023-06-15,1661.31,2,1,3,1905,0,12510.55,1,0,10.0,47.0,2.69,467866.26,3703.18,0.0
766,3669 Cedar Rd,94103,37.728363,-122.405181,OldTown,2023-01-20,1348.01,3,3,2,1933,0,2473.63,0,0,3.8,67.0,4.8,209930.03,1616.57,0.0
767,3919 Lake Dr,94109,37.789513,-122.374939,SuburbB,2025-06-08,2491.01,2,1,3,2001,0,4622.88,1,0,7.6,68.2,4.51,538097.01,4377.36,0.0
768,3198 Maple Blvd,94101,37.757818,-122.425902,Downtown,2022-02-26,755.58,2,1,1,1930,0,16101.52,1,0,10.0,23.9,1.45,182948.79,1727.31,0.0
769,6562 Oak Ln,94090,37.770846,-122.460315,Downtown,2026-04-27,548.97,3,4,2,1958,0,2073.95,0,0,10.0,30.3,3.54,125338.6,1005.45,0.0
770,2074 Sunset Ave,94098,37.800146,-122.396724,SuburbA,2021-09-20,884.16,5,1,2,1988,1,5706.3,0,0,4.4,49.0,3.92,320486.45,4688.2,0.0
771,1713 Hill Ln,94096,37.771831,-122.41375,SuburbA,2023-03-08,2614.57,3,1,3,1923,0,4614.71,1,0,6.3,44.0,0.58,436617.93,3894.09,0.0
772,956 Washington Blvd,94085,37.819141,-122.388883,Uptown,2023-01-07,1197.83,2,3,3,1931,0,12879.28,1,0,7.5,38.3,6.1,147661.16,2077.97,0.0
773,5177 River St,94108,37.758746,-122.442874,Riverside,2023-04-25,2067.84,2,3,3,1961,0,11315.14,1,0,9.3,56.7,2.36,644719.42,5588.07,0.0
774,3653 Pine St,94111,37.778564,-122.411801,SuburbA,2023-09-07,2883.2,2,3,3,1925,0,5063.72,1,0,8.3,51.2,1.19,525075.48,6747.52,0.0
775,8356 Hill St,94114,37.744153,-122.406334,Riverside,2023-05-26,1415.59,4,2,1,1972,0,9361.46,0,0,10.0,33.5,3.11,453497.73,3840.42,0.0
776,8325 Elm Blvd,94097,37.750093,-122.409907,SuburbB,2024-09-06,1858.21,4,3,2,2015,0,1452.21,1,0,5.7,58.4,2.38,374625.82,4980.35,0.0
777,1478 Hill Ave,94111,37.747638,-122.36703,SuburbA,2022-05-27,2131.35,5,1,2,2021,0,11698.15,1,0,4.1,55.1,5.27,736720.63,9310.77,0.0
778,7964 Washington St,94096,37.760386,-122.4392,OldTown,2024-10-05,936.77,4,2,3,1959,0,3867.6,0,0,7.7,67.7,1.99,122514.21,990.98,0.0
779,8234 Pine Blvd,94107,37.801279,-122.458372,Uptown,2021-11-10,2220.11,2,1,2,1924,1,1270.8,1,0,5.0,37.1,4.84,315886.52,4599.23,150.0
780,5386 Lake Blvd,94092,37.749245,-122.40309,OldTown,2024-02-18,1280.21,4,1,2,1947,1,3931.9,2,0,4.8,54.5,2.74,236516.45,1639.46,0.0
781,7304 Elm Rd,94093,37.800814,-122.4614,OldTown,2024-05-23,1858.66,2,1,3,1963,0,10855.97,0,0,7.9,46.8,4.99,409424.05,2559.46,0.0
782,6904 Maple St,94090,37.759539,-122.391387,Riverside,2024-06-25,1671.45,2,2,2,1948,1,10017.51,1,0,9.5,25.0,2.77,383002.49,2740.79,0.0
783,2385 Maple Dr,94096,37.732617,-122.406853,Uptown,2024-10-20,1455.09,4,2,1,1982,0,8729.89,2,1,9.5,66.8,4.31,358583.7,1950.53,0.0
784,6471 Lake Ave,94113,37.744287,-122.358766,OldTown,2021-09-28,2558.39,4,3,2,1972,1,8667.09,1,0,5.5,46.9,6.08,508566.22,5640.72,0.0
785,9880 Hill Ave,94111,37.76526,-122.450823,Uptown,2024-09-22,679.8,2,2,1,1983,0,6941.24,1,0,10.0,48.3,2.76,216619.72,2492.32,0.0
786,7419 Lake Rd,94112,37.785055,-122.425065,SuburbB,2024-07-28,1995.46,3,1,1,1906,0,9821.15,1,0,5.0,58.6,1.73,152885.8,1963.95,0.0
787,7985 Oak Rd,94122,37.775001,-122.449028,Uptown,2022-08-04,2477.17,3,2,1,1993,0,8370.86,0,0,9.4,36.1,2.61,583574.48,7850.66,500.0
788,8020 Cedar St,94112,37.731863,-122.399649,Downtown,2022-01-28,1181.04,3,1,3,2020,1,1854.72,1,0,10.0,22.8,4.59,510237.55,5893.95,300.0
789,4561 Sunset Ln,94091,37.770443,-122.384099,Riverside,2022-10-11,2382.91,4,4,2,1941,0,3859.07,0,0,10.0,30.4,3.15,572690.51,6129.28,0.0
790,9392 Sunset Dr,94102,37.776358,-122.440683,Riverside,2023-04-11,1708.88,5,1,3,1979,0,2824.0,1,0,7.5,47.9,1.95,436913.98,4679.78,0.0
791,611 River Ln,94098,37.719851,-122.424298,Downtown,2025-04-26,2521.54,3,3,2,2021,0,11886.34,1,0,8.1,43.6,5.58,560518.69,2906.95,0.0
792,7813 River Dr,94114,37.774818,-122.381001,SuburbA,2024-04-17,1896.42,3,1,2,2018,1,2436.64,1,0,6.3,38.5,3.46,346895.17,2742.07,0.0
793,4842 River Rd,94095,37.781547,-122.455496,SuburbA,2024-02-10,1744.76,3,1,1,1933,0,10379.09,1,0,9.5,49.0,3.37,235568.61,2147.6,0.0
794,2330 Elm Blvd,94124,37.774256,-122.373042,Downtown,2021-11-26,1090.49,2,1,1,1936,0,5030.48,1,1,9.1,46.6,4.15,222936.85,1633.06,0.0
795,271 Maple Blvd,94113,37.76361,-122.433224,Uptown,2025-03-28,946.28,3,2,2,1969,0,9026.83,1,1,9.2,47.7,1.36,222048.37,3310.33,0.0
796,1968 Sunset Blvd,94120,37.75868,-122.451822,SuburbB,2024-05-07,1774.38,5,2,2,1985,0,4037.74,0,0,5.7,49.8,3.06,231462.19,1360.74,0.0
797,593 Hill Ln,94095,37.779896,-122.484888,Downtown,2022-12-23,2759.6,3,2,2,1961,0,9109.5,1,0,8.5,57.2,5.8,832310.86,5101.97,300.0
798,6838 River Blvd,94107,37.757744,-122.456373,Downtown,2024-03-15,1267.64,4,2,1,1959,1,5821.21,0,0,8.5,51.2,3.47,317966.78,4284.51,0.0
799,686 Elm Ave,94123,37.787955,-122.406085,Riverside,2021-06-27,2071.41,2,3,3,1934,1,5645.08,2,0,5.4,31.4,2.34,311996.39,2265.19,0.0
800,8217 Elm Blvd,94085,37.774264,-122.399638,Uptown,2021-06-17,3197.11,3,3,1,1989,1,1818.79,1,0,8.3,35.9,1.85,799165.16,6719.94,0.0
801,2540 Washington Ave,94091,37.759221,-122.417267,OldTown,2025-09-15,2518.16,3,3,3,2015,0,6263.72,0,1,5.8,53.6,1.22,552542.52,7527.89,0.0
802,9424 Lake St,94115,37.750149,-122.471637,Riverside,2022-07-20,1873.66,3,1,3,1932,1,926.2,2,0,7.2,45.6,5.04,272131.64,1848.06,0.0
803,7247 Cedar Ln,94112,37.784555,-122.384006,Uptown,2025-09-17,2078.04,3,3,2,1932,1,8983.18,0,0,8.0,40.5,3.55,761675.63,3956.76,0.0
804,5244 Cedar Blvd,94092,37.778991,-122.40203,Uptown,2022-10-02,1589.38,4,2,1,1945,0,2110.15,1,0,9.0,45.7,1.87,284199.59,4067.78,0.0
805,9837 Maple Blvd,94115,37.746439,-122.409999,Riverside,2023-09-02,1649.41,2,2,3,2009,0,11067.36,2,0,6.5,29.0,2.76,599632.16,8702.2,0.0
806,878 Sunset Rd,94111,37.772868,-122.434127,OldTown,2025-08-23,1725.28,4,2,2,1964,0,3554.08,1,0,6.3,85.4,1.28,299973.99,3168.27,0.0
807,1514 Cedar Rd,94106,37.787419,-122.378799,Riverside,2021-06-22,1760.23,3,2,1,1935,1,8603.14,1,0,10.0,46.4,4.1,485677.25,3381.43,0.0
808,825 Elm Ln,94121,37.735237,-122.420239,SuburbA,2022-07-06,1957.97,3,2,1,1988,0,14975.34,0,0,9.5,44.0,3.86,636113.12,3205.51,0.0
809,8094 River St,94110,37.765926,-122.410993,OldTown,2022-06-12,1387.19,4,1,2,2017,1,8508.97,0,0,5.5,55.1,0.91,254183.89,2397.21,0.0
810,2859 Pine Rd,94096,37.768846,-122.399418,Uptown,2022-09-26,1177.87,2,1,3,1906,0,106.8,1,0,7.4,54.7,1.81,284873.8,2014.39,150.0
811,4808 River Ave,94092,37.782726,-122.40176,Riverside,2023-03-03,1054.16,3,2,1,1974,1,1301.42,1,0,7.9,47.2,2.13,310625.79,4229.27,0.0
812,7419 Maple Rd,94120,37.754626,-122.40232,Downtown,2023-05-07,300,3,2,2,1977,1,9980.27,1,0,8.3,30.3,2.31,129382.72,1871.48,150.0
813,8378 Hill Blvd,94106,37.771449,-122.430254,Downtown,2025-09-14,3013.14,3,1,1,1990,0,9883.63,0,0,10.0,44.8,0.91,1123426.09,8870.07,0.0
814,4418 River Dr,94093,37.72364,-122.408548,SuburbA,2025-04-05,1557.58,2,1,2,1946,1,8628.26,1,0,8.4,44.9,5.24,405084.97,2686.48,0.0
815,9060 Elm Dr,94105,37.78555,-122.416242,Downtown,2024-02-09,2353.42,3,2,1,1976,0,7242.59,1,0,8.3,47.9,1.76,905966.21,12821.79,150.0
816,2191 Pine Ave,94106,37.777206,-122.37201,Downtown,2024-11-10,676.57,3,3,1,1922,1,8643.7,0,0,10.0,40.5,4.29,137505.12,982.26,0.0
817,515 Elm Ave,94105,37.746158,-122.457398,SuburbB,2025-11-07,2278.36,3,4,2,1955,0,5520.09,1,0,6.6,51.4,4.22,356971.99,2448.03,0.0
818,1482 River Rd,94112,37.778792,-122.39316,SuburbA,2025-07-29,885.59,3,4,3,1943,0,5765.35,1,0,6.7,58.1,2.55,180752.66,1338.59,0.0
819,816 Elm Ave,94103,37.786543,-122.404645,OldTown,2021-10-11,2209.88,4,2,1,1935,1,10980.24,1,0,3.8,50.8,2.28,291027.03,4031.11,0.0
820,3502 Sunset St,94113,37.738043,-122.461019,Riverside,2023-09-10,3115.82,4,2,3,1955,0,5378.13,0,0,7.3,51.5,5.05,970912.79,12015.07,0.0
821,2656 Oak Rd,94119,37.757304,-122.450324,OldTown,2026-01-26,1018.0,3,4,3,1975,1,2877.99,0,0,5.5,57.5,3.01,168681.11,2413.77,0.0
822,3252 River Ln,94106,37.744028,-122.429179,SuburbB,2022-07-10,1713.37,2,4,3,1966,0,8496.66,0,0,4.6,53.1,2.99,215250.66,2603.89,0.0
823,6411 Sunset St,94112,37.782491,-122.44946,SuburbB,2024-08-29,1682.32,2,2,3,2008,0,6063.27,2,1,5.7,51.6,2.93,361569.91,2867.95,0.0
824,3004 Oak St,94101,37.806798,-122.410654,Uptown,2025-07-03,1522.19,3,2,1,2006,0,2219.48,1,0,9.7,43.9,4.17,545501.58,6178.32,0.0
825,8398 Oak St,94100,37.796105,-122.390126,SuburbB,2024-10-09,1619.12,2,3,1,1910,0,3511.38,2,0,3.9,80.5,3.91,179194.87,2651.14,0.0
826,5427 Pine Blvd,94115,37.792216,-122.411091,Riverside,2025-05-11,1709.52,2,2,1,1977,0,169.0,1,0,6.8,37.7,2.59,828012.91,7701.42,0.0
827,8508 Hill Blvd,94097,37.768055,-122.406747,SuburbB,2025-03-19,717.54,5,1,2,1934,0,2959.08,1,1,4.7,48.0,1.18,61681.84,852.48,0.0
828,710 Maple Blvd,94087,37.773224,-122.365359,SuburbA,2022-10-08,1023.57,3,1,3,1922,0,12250.85,1,0,5.1,37.7,4.81,139255.82,2003.06,0.0
829,3085 River Rd,94125,37.784049,-122.431607,Riverside,2022-02-02,2960.5,3,3,1,1984,0,7516.46,1,0,5.1,43.3,1.86,786267.68,8929.42,0.0
830,7535 Washington Rd,94104,37.778563,-122.455994,Riverside,2024-04-10,2678.51,3,4,3,1978,1,7393.7,1,0,7.3,50.4,3.3,844600.91,6532.7,0.0
831,8401 Sunset Rd,94119,37.768354,-122.371754,Downtown,2024-11-06,2056.92,3,2,3,2020,1,15041.94,2,0,9.8,29.5,4.24,1153284.02,17098.59,0.0
832,1451 Maple Dr,94089,37.803445,-122.428845,SuburbB,2021-06-03,1063.09,2,4,3,1974,1,12830.42,1,0,7.5,63.6,3.79,119493.2,794.14,0.0
833,309 Sunset St,94087,37.759894,-122.436478,OldTown,2026-02-25,2844.25,4,1,2,1916,0,7030.68,2,0,7.3,58.6,1.83,239686.83,2950.22,0.0
834,2303 Cedar Ave,94087,37.7608,-122.403121,Riverside,2024-08-26,1508.14,4,1,1,1976,0,7749.97,0,0,10.0,19.5,1.8,375392.74,5388.16,0.0
835,3463 Maple Rd,94108,37.772652,-122.389234,Downtown,2022-04-10,2056.31,3,3,3,1982,0,8123.73,1,0,8.9,29.1,2.72,383951.47,3800.77,150.0
836,4486 Hill Rd,94090,37.753144,-122.411196,SuburbB,2021-06-08,1669.84,3,2,3,1911,1,7160.96,1,0,7.2,77.6,2.02,158862.03,2243.4,0.0
837,2171 Cedar Rd,94112,37.750211,-122.361592,SuburbA,2023-08-21,2305.24,4,2,1,1916,0,11130.51,1,0,7.7,56.2,5.58,199423.07,2446.7,0.0
838,2718 Sunset Dr,94116,37.768899,-122.441689,Uptown,2024-11-17,2120.17,4,2,3,1992,0,7804.74,1,0,8.7,39.9,1.91,678063.64,7931.81,0.0
839,2920 Maple Dr,94102,37.748495,-122.451785,Uptown,2023-02-16,1817.82,2,2,1,1940,0,10989.0,1,1,7.5,44.4,3.67,499832.65,6445.22,0.0
840,5858 Cedar Ave,94089,37.74917,-122.425521,Uptown,2025-03-16,2650.84,4,1,2,1905,0,6235.29,1,0,8.6,48.6,2.36,270643.46,1367.77,150.0
841,6671 Oak Ln,94120,37.817801,-122.398072,Riverside,2021-09-07,1635.75,2,1,2,2021,0,9996.89,2,0,8.9,34.4,5.64,613811.09,8892.09,0.0
842,1665 Elm Blvd,94097,37.749446,-122.398877,SuburbA,2021-09-10,1229.91,1,4,3,2012,0,9532.12,0,0,9.0,41.3,2.94,282682.94,3897.98,0.0
843,3194 Hill Rd,94086,37.764848,-122.433944,Riverside,2023-06-27,3395.6,3,2,2,1968,1,7449.44,2,0,9.1,47.3,1.35,701537.69,8685.85,0.0
844,623 Oak Ave,94090,37.796644,-122.398715,Riverside,2024-03-07,686.98,4,2,2,1943,0,6043.36,1,0,7.2,34.7,3.5,160019.45,2238.48,0.0
845,3099 Maple Dr,94109,37.777841,-122.466316,SuburbB,2024-02-25,1774.75,3,1,1,1940,1,10654.68,1,0,8.4,63.4,4.16,324860.26,2377.57,0.0
846,6383 Lake St,94094,37.747252,-122.405712,Downtown,2023-02-20,1607.44,5,2,3,1946,0,8450.27,1,0,9.9,45.6,2.82,308419.39,1941.09,0.0
847,267 Washington Blvd,94121,37.787305,-122.462837,SuburbA,2025-03-09,2849.32,3,1,2,1955,0,8906.62,1,0,6.2,45.4,4.22,378663.36,4433.42,0.0
848,3934 Pine Ln,94093,37.775447,-122.472939,SuburbA,2022-11-01,1531.89,2,2,3,1974,0,6374.18,1,1,7.1,54.3,4.68,291723.77,2502.06,0.0
849,5518 Maple Rd,94088,37.748733,-122.414259,OldTown,2025-06-22,451.03,4,1,1,1924,0,12467.9,1,0,5.2,47.5,2.41,65187.16,574.92,0.0
850,1566 Elm Rd,94108,37.752925,-122.383744,Uptown,2022-08-08,2036.47,2,2,2,1944,0,6847.75,2,1,10.0,21.1,3.7,335581.07,2695.5,0.0
851,7406 Lake St,94093,37.766735,-122.437989,Downtown,2023-04-26,1262.1,4,2,3,2002,1,8569.25,0,1,10.0,47.1,1.62,667570.45,3341.46,150.0
852,7070 Washington Dr,94093,37.802131,-122.417641,SuburbB,2023-05-10,1876.91,1,3,1,1911,0,434.55,2,1,7.4,37.5,3.57,226458.07,1785.19,0.0
853,4201 River St,94097,37.781415,-122.437935,SuburbA,2023-01-13,316.64,2,2,1,2009,1,11006.62,1,0,6.7,61.6,2.02,73008.46,839.82,0.0
854,9150 Oak St,94102,37.786895,-122.413376,Uptown,2024-09-05,2433.02,4,3,3,1914,1,11881.36,2,0,6.4,41.7,1.96,406779.62,3444.09,0.0
855,6372 Pine St,94098,37.760687,-122.438595,Riverside,2021-11-14,1706.12,2,3,3,1982,0,7668.75,1,0,8.4,63.2,1.93,303466.91,3283.27,0.0
856,2857 Washington Dr,94117,37.769558,-122.396307,Downtown,2023-07-11,1628.84,2,4,1,1909,0,9258.27,2,1,10.0,48.4,2.08,368117.97,3496.3,0.0
857,8947 Cedar Dr,94093,37.761276,-122.411763,SuburbA,2021-11-18,1258.73,4,2,1,1982,0,8413.16,1,0,7.0,50.4,1.21,141051.24,1891.64,0.0
858,7881 Oak Rd,94097,37.745194,-122.388223,SuburbA,2025-11-02,2969.13,2,1,1,2007,1,7917.92,1,1,8.8,44.2,3.92,1060920.08,10734.11,0.0
859,3437 River Ave,94119,37.784387,-122.384372,Downtown,2026-04-13,2944.5,2,3,2,1960,1,1611.45,1,1,8.7,25.5,3.51,593040.36,4183.78,0.0
860,5482 Oak St,94088,37.766661,-122.399787,OldTown,2022-06-18,907.94,2,2,2,1921,1,3631.16,2,0,7.5,79.2,1.81,156615.54,1840.68,0.0
861,2878 River Blvd,94124,37.750637,-122.410077,SuburbB,2023-03-15,1476.74,4,1,1,1957,0,8533.99,1,0,6.6,45.6,2.32,263054.25,3571.46,0.0
862,3137 Elm Blvd,94095,37.739428,-122.460835,OldTown,2024-08-26,300,3,3,2,1965,0,2619.06,0,0,6.4,61.5,4.93,33429.67,410.01,0.0
863,2105 Elm Ave,94092,37.770125,-122.470323,Riverside,2024-10-06,2966.88,5,2,3,1966,0,9191.55,1,0,8.4,48.1,4.42,559551.78,4634.32,0.0
864,3857 Washington Rd,94115,37.800469,-122.405903,OldTown,2023-09-10,2193.78,3,3,2,2013,0,13586.2,0,0,6.4,61.3,3.6,656492.64,4582.5,0.0
865,2605 Oak St,94120,37.773247,-122.424477,SuburbB,2021-09-09,1699.47,3,2,1,1940,0,10811.58,1,0,5.7,48.6,0.53,270871.23,2137.32,0.0
866,4094 Washington Rd,94121,37.73232,-122.382936,Riverside,2023-10-02,1639.24,2,1,1,1996,0,8741.14,1,0,8.0,44.0,5.3,414244.19,2341.43,0.0
867,9528 River Rd,94092,37.76955,-122.378632,OldTown,2025-11-17,1942.88,5,1,1,1922,0,7291.66,0,0,5.5,68.1,3.63,254021.15,2132.71,0.0
868,5412 Cedar St,94123,37.740794,-122.443713,SuburbA,2024-10-10,1759.18,2,2,1,1907,0,5474.94,1,0,6.5,50.9,3.85,199871.62,1750.03,0.0
869,5667 Washington Ave,94092,37.744871,-122.388616,SuburbA,2024-12-17,2614.59,3,4,3,1928,0,5941.87,1,0,9.1,44.4,3.92,577167.85,5660.53,0.0
870,1768 Oak St,94111,37.773276,-122.45713,Downtown,2024-11-23,1460.25,2,1,2,1918,0,7567.28,1,1,10.0,24.9,3.28,348890.7,1789.2,0.0
871,8451 Hill Dr,94093,37.78552,-122.44654,SuburbB,2023-02-04,3070.08,2,1,3,2002,0,8292.88,0,0,4.0,55.2,2.9,471915.3,5725.38,0.0
872,9138 Washington Blvd,94087,37.756595,-122.408773,Uptown,2023-08-26,786.08,3,2,2,1992,1,2779.66,0,0,7.3,26.0,1.78,428368.41,3051.06,300.0
873,1851 Washington Rd,94114,37.76729,-122.386053,SuburbA,2022-03-11,2125.85,4,2,3,1920,1,1181.94,1,0,7.5,58.2,2.99,340117.11,2439.41,0.0
874,3105 Oak Rd,94092,37.775123,-122.413559,Uptown,2024-11-21,2469.53,2,3,3,1985,0,6880.88,1,0,9.5,33.5,0.8,573252.23,4221.65,0.0
875,1299 Pine Dr,94091,37.751257,-122.435034,OldTown,2021-12-03,2740.13,5,2,2,1923,0,2950.28,1,0,7.2,59.4,2.46,259341.87,2824.89,0.0
876,1991 Lake Ln,94101,37.73533,-122.384624,Uptown,2022-05-06,2621.55,2,2,2,1924,0,2835.61,1,0,9.2,58.7,4.94,425141.1,5665.97,0.0
877,4748 Washington Blvd,94120,37.797981,-122.476587,OldTown,2026-02-20,855.51,3,2,2,1941,1,774.88,1,0,5.6,61.0,5.86,205781.5,2688.05,0.0
878,4282 Oak Ln,94106,37.781118,-122.430876,OldTown,2025-11-20,1085.66,3,3,3,1937,1,13053.6,1,0,3.8,43.8,1.56,161460.65,880.31,0.0
879,8103 Maple Ln,94097,37.775824,-122.383999,SuburbA,2023-05-17,2772.27,4,2,2,1915,0,9235.84,0,0,6.3,40.2,3.22,581768.46,4854.55,0.0
880,4595 Maple Ln,94119,37.736356,-122.430852,SuburbA,2026-02-23,1122.09,4,2,1,1951,0,8605.97,1,0,7.2,46.5,3.85,168623.6,1073.26,0.0
881,3698 River Blvd,94099,37.796424,-122.429945,Uptown,2024-03-23,311.26,2,2,2,1929,0,9784.84,1,0,8.3,48.2,3.06,66504.69,430.76,300.0
882,9765 Elm Ln,94089,37.762378,-122.392802,Uptown,2023-08-03,1846.07,2,2,3,1934,0,6819.04,0,0,4.8,45.3,2.53,198879.94,2170.46,0.0
883,1773 River St,94116,37.73933,-122.415173,Riverside,2024-09-24,849.65,2,1,1,2001,0,639.1,1,1,5.3,30.3,3.43,206342.42,2577.25,0.0
884,503 Oak Blvd,94115,37.750496,-122.415556,SuburbB,2023-07-12,858.34,4,1,1,1900,0,1710.43,2,0,6.7,45.5,2.2,143353.5,1385.87,0.0
885,9040 Elm Ln,94122,37.792305,-122.444046,SuburbB,2025-07-18,1421.75,4,2,2,1967,0,10986.57,2,1,8.0,53.2,3.25,355784.36,4629.8,0.0
886,2188 Maple Blvd,94086,37.80364,-122.371922,Riverside,2025-10-06,2227.51,2,1,1,2013,0,5123.6,1,0,10.0,57.8,5.63,600061.39,7514.31,0.0
887,4752 River St,94118,37.774033,-122.436859,Uptown,2024-02-18,1875.35,2,2,2,1986,0,4490.94,1,0,7.7,30.9,1.55,657097.2,7322.08,0.0
888,475 Washington Dr,94099,37.771741,-122.404946,SuburbA,2021-12-23,2554.97,4,3,3,1996,0,9889.99,1,0,6.4,47.2,1.33,729040.95,7210.07,0.0
889,5642 Maple St,94121,37.767693,-122.406771,SuburbB,2023-10-31,2772.47,4,1,3,2002,1,7989.05,1,0,7.9,61.6,1.19,488208.52,7228.17,0.0
890,1803 River Rd,94105,37.791279,-122.397216,Uptown,2022-06-25,1345.17,2,4,1,1987,1,6611.82,1,0,9.2,28.9,3.09,487587.54,6158.57,0.0
891,2454 Maple St,94100,37.750312,-122.461952,OldTown,2024-12-15,2204.43,2,3,3,1976,1,7959.58,0,0,8.4,44.1,4.28,472931.6,2620.87,0.0
892,4925 Lake Ln,94102,37.786019,-122.449138,SuburbA,2024-10-24,1937.64,3,4,2,1904,0,8953.39,1,0,7.0,65.7,3.11,391354.09,4895.78,0.0
893,2636 Maple Ave,94104,37.792694,-122.394792,Downtown,2025-05-11,2489.19,4,4,1,1935,0,1262.03,2,0,7.6,48.1,3.35,585205.77,7500.61,0.0
894,634 Hill Rd,94103,37.783525,-122.483897,Riverside,2022-02-20,900.91,4,1,3,2001,1,2884.77,1,0,9.9,45.0,5.8,278979.47,3704.57,0.0
895,1728 Washington Ave,94104,37.757924,-122.386803,Uptown,2022-06-16,1680.3,2,3,3,1943,0,7104.05,2,1,6.7,22.1,3.21,272857.33,2656.23,0.0
896,9603 Hill Rd,94086,37.763997,-122.409646,OldTown,2025-07-21,2734.0,3,2,2,1911,0,8375.42,0,0,4.2,54.6,1.13,260881.58,3354.69,0.0
897,5594 Cedar Ave,94109,37.729175,-122.40213,Riverside,2023-04-21,1767.84,2,4,3,1923,0,8523.15,1,0,9.5,45.0,4.8,262153.76,3187.69,0.0
898,5498 Lake Ave,94088,37.755183,-122.411952,OldTown,2021-05-28,2969.63,4,2,1,1982,1,2768.62,1,0,6.3,62.9,1.79,414304.68,3579.33,0.0
899,1079 Oak St,94086,37.761987,-122.452597,OldTown,2022-07-26,1223.76,2,3,2,1906,0,11392.14,0,0,7.2,74.4,3.0,136742.38,747.37,0.0
900,9164 Hill Blvd,94099,37.758714,-122.389609,SuburbB,2023-05-08,2083.45,4,2,3,1981,0,4928.92,1,0,3.9,74.1,2.95,546429.58,8019.3,0.0
901,809 Hill St,94085,37.753551,-122.366929,OldTown,2025-06-24,1558.21,3,1,2,1954,0,5395.16,0,0,9.2,43.6,5.0,368628.48,4869.73,0.0
902,1960 Washington Dr,94098,37.759365,-122.434152,OldTown,2025-08-26,2616.67,2,2,1,1927,0,9202.52,1,0,8.3,56.9,1.71,469434.27,6789.09,0.0
903,8244 River St,94085,37.776784,-122.429564,Downtown,2022-09-06,1379.07,2,1,3,1944,1,7474.23,0,0,7.2,36.0,1.13,273115.02,2482.41,0.0
904,1677 Hill Ave,94115,37.760373,-122.448344,SuburbA,2024-07-12,1909.15,3,1,3,1910,0,10013.95,1,0,6.9,69.0,2.71,297540.31,4335.68,0.0
905,2129 Hill Ave,94093,37.799798,-122.418587,SuburbB,2024-06-02,1188.47,3,1,3,1970,0,4589.7,1,1,8.9,54.0,3.31,325262.48,1695.64,0.0
906,5057 Washington Ln,94121,37.791062,-122.442603,SuburbB,2022-03-19,2121.8,2,5,2,1937,0,10245.0,1,0,5.3,54.3,3.07,191273.4,2565.95,0.0
907,4744 River St,94102,37.746649,-122.415485,Riverside,2022-03-28,2324.43,4,1,2,1986,0,12731.75,2,0,7.3,32.1,2.62,815718.69,7482.89,0.0
908,6229 Pine Ln,94100,37.780343,-122.454534,OldTown,2024-11-01,2405.15,5,4,3,1999,0,711.76,1,0,5.6,61.1,3.24,285392.4,2970.82,0.0
909,1543 Cedar St,94097,37.761016,-122.392322,Riverside,2023-06-11,1290.51,3,2,1,1976,0,1492.65,0,0,6.6,52.8,2.63,269249.15,3788.64,0.0
910,9514 Maple St,94094,37.775538,-122.425047,SuburbB,2021-10-05,1504.53,4,3,2,1941,0,9081.55,2,0,9.8,39.6,0.76,344739.08,3112.63,0.0
911,7100 Elm Dr,94102,37.762731,-122.405085,SuburbA,2024-10-30,1742.28,2,3,1,1992,0,10670.18,1,0,6.1,50.5,1.54,517216.17,4538.88,0.0
912,714 Sunset St,94118,37.786694,-122.426979,Riverside,2023-10-12,1952.94,1,3,1,1950,0,2584.32,0,0,7.0,49.9,1.95,359570.75,4639.61,0.0
913,7040 River Blvd,94125,37.798345,-122.416297,Uptown,2025-06-28,747.53,2,2,2,2011,1,1198.04,1,0,10.0,61.4,3.16,303536.75,2161.12,300.0
914,3481 Lake St,94109,37.757903,-122.435096,SuburbA,2026-04-19,1922.18,4,3,3,1987,0,11226.55,0,1,6.7,37.5,1.89,271074.96,1364.36,0.0
915,6536 Oak Ave,94096,37.766136,-122.401727,SuburbB,2023-03-28,1623.49,1,2,1,1984,0,11860.74,1,0,5.0,58.7,1.66,319323.21,4451.32,0.0
916,4457 River Dr,94109,37.776713,-122.422276,Downtown,2024-07-10,2636.09,3,2,3,1937,1,7203.88,1,0,8.4,30.6,0.77,451771.04,5036.48,0.0
917,5945 Lake Dr,94116,37.780669,-122.383518,Uptown,2022-01-31,1785.76,2,2,1,1944,0,7784.55,0,1,10.0,42.9,3.41,546237.49,5535.79,0.0
918,9498 River Blvd,94125,37.769959,-122.462686,Riverside,2021-11-14,2717.26,4,1,1,1988,1,5069.5,2,0,5.7,49.4,3.75,1066403.22,12489.61,0.0
919,1722 Hill Ln,94102,37.769798,-122.449101,SuburbB,2026-04-28,2535.12,2,1,2,1900,0,988.98,1,1,9.0,64.2,2.55,347356.66,4480.45,0.0
920,7032 Elm Ave,94093,37.758333,-122.397425,Downtown,2023-10-11,821.01,3,4,3,1903,0,10725.29,1,0,8.6,41.3,2.37,190218.92,2513.06,0.0
921,1917 Maple Rd,94114,37.795307,-122.453267,SuburbB,2025-04-21,1806.38,3,3,3,1976,0,7745.09,1,0,6.0,56.2,4.05,258487.36,3084.42,0.0
922,2201 Washington Rd,94105,37.76573,-122.411552,Uptown,2021-11-16,1732.15,3,1,2,1932,0,5523.61,2,1,4.8,37.3,0.88,237783.29,2517.43,0.0
923,6086 Maple Ln,94088,37.801482,-122.439495,SuburbA,2022-08-08,2051.94,2,3,3,1939,1,12701.3,1,0,4.3,36.6,3.89,603314.98,3176.97,0.0
924,627 Sunset Ave,94087,37.764878,-122.38803,SuburbB,2022-01-09,2294.86,4,2,3,1922,0,11106.84,0,0,4.5,64.4,2.86,219005.96,3256.45,0.0
925,3619 Elm Blvd,94102,37.750027,-122.407125,SuburbA,2024-09-01,2749.45,2,2,1,1948,0,6490.28,1,0,8.1,47.3,2.49,441453.93,3787.32,0.0
926,9522 Cedar Blvd,94094,37.759345,-122.385989,Downtown,2021-07-14,2238.2,2,3,3,1961,0,8118.16,0,1,10.0,35.0,3.21,377531.14,3220.34,0.0
927,7427 Washington St,94116,37.738908,-122.449109,Downtown,2024-10-17,1909.98,3,2,3,1916,0,8049.03,2,0,10.0,34.8,4.29,381024.57,4330.41,0.0
928,7770 Hill Ave,94122,37.797222,-122.381986,Riverside,2025-05-18,1834.25,4,2,1,1937,0,7467.2,0,1,7.4,34.9,4.5,244903.42,1312.01,0.0
929,4538 Elm St,94108,37.782582,-122.419388,Uptown,2024-07-24,434.63,3,3,2,1935,0,7953.34,1,0,8.0,22.0,1.4,86332.36,1025.26,0.0
930,2113 Elm Dr,94098,37.774323,-122.433224,SuburbA,2022-10-18,1337.81,3,2,2,1926,0,7456.98,1,1,6.2,45.8,1.26,250701.59,2234.66,0.0
931,8501 Oak Blvd,94121,37.791101,-122.39598,SuburbA,2025-11-23,2011.62,3,1,1,1922,1,8595.2,0,1,7.9,48.8,3.15,339189.84,3428.35,0.0
932,6720 Elm Dr,94089,37.773839,-122.397874,SuburbB,2025-02-15,300,3,3,3,1935,1,8122.31,1,0,9.0,46.0,1.99,47563.91,432.21,0.0
933,676 Cedar Dr,94102,37.74466,-122.477647,SuburbA,2025-01-10,2828.62,4,3,3,1960,1,1408.1,1,0,5.7,45.9,5.79,827242.01,8833.65,0.0
934,683 Hill Blvd,94091,37.783778,-122.471261,Riverside,2021-11-22,2054.93,3,2,3,1953,0,4063.78,0,0,9.1,39.7,4.75,317218.06,4101.04,0.0
935,2813 Pine Ln,94086,37.784432,-122.409852,Riverside,2025-03-09,1720.08,2,2,3,1986,1,3628.17,2,0,8.5,53.3,1.83,448406.73,4803.21,0.0
936,8755 Washington Rd,94125,37.785728,-122.363341,Downtown,2025-09-05,454.81,4,1,3,1947,0,7109.27,1,0,6.9,41.7,5.27,113010.69,1144.18,0.0
937,1101 Cedar Rd,94100,37.782417,-122.375364,Riverside,2025-10-10,1325.73,3,3,1,1927,0,13076.18,1,0,10.0,47.0,4.15,133974.26,1097.01,0.0
938,4806 Washington Blvd,94112,37.742361,-122.423988,Riverside,2023-06-17,1724.92,1,3,2,1980,0,15408.65,1,0,9.3,52.4,3.09,399337.39,5062.87,0.0
939,2564 Lake Ln,94106,37.788432,-122.397458,SuburbA,2025-01-25,2095.83,4,1,1,1960,0,7543.36,1,0,8.1,53.9,2.85,375768.54,4019.77,0.0
940,7607 Pine St,94098,37.767597,-122.463145,Downtown,2022-11-20,2187.3,1,3,1,1916,0,5577.98,1,1,10.0,38.4,3.8,242612.62,2881.22,150.0
941,959 Washington St,94112,37.734328,-122.40421,Uptown,2022-12-24,1638.36,2,1,2,1954,0,4236.2,2,1,8.8,27.7,4.2,319160.89,4244.22,150.0
942,1953 Lake Rd,94109,37.759097,-122.44046,SuburbA,2021-07-30,2171.02,2,1,1,2000,0,14349.17,1,0,5.8,51.9,2.17,667399.21,3339.93,0.0
943,5656 Maple Blvd,94094,37.77244,-122.404152,OldTown,2021-10-05,746.33,3,3,2,1972,0,7708.98,1,1,4.4,67.7,1.42,139370.95,1650.36,0.0
944,6783 Washington St,94113,37.77269,-122.393428,SuburbB,2023-03-22,1595.66,2,3,2,1961,0,8102.59,1,0,6.1,53.6,2.35,466710.53,3352.49,0.0
945,995 Cedar Ave,94125,37.759838,-122.4414,Riverside,2025-07-02,2421.42,3,1,3,1952,0,14538.75,1,0,6.0,54.0,2.19,667331.88,9188.26,0.0
946,7084 River Dr,94123,37.777416,-122.453034,OldTown,2023-07-26,3179.2,3,3,3,1914,0,1619.77,1,0,6.5,48.4,3.01,347659.32,2388.81,0.0
947,6526 Washington Ave,94118,37.763607,-122.408725,OldTown,2022-03-14,1004.88,4,2,1,1916,0,9560.3,1,0,4.7,57.0,1.22,122602.65,1194.01,0.0
948,6602 Elm Ln,94093,37.782734,-122.416101,SuburbB,2023-12-19,2193.34,2,1,1,1973,0,10267.06,0,0,8.4,47.2,1.45,368444.18,4703.65,0.0
949,3232 Hill Rd,94118,37.81481,-122.377954,OldTown,2025-02-17,1787.68,4,2,2,1990,0,7790.28,2,1,6.5,36.1,6.19,318432.96,1936.67,0.0
950,5517 Sunset Dr,94098,37.723781,-122.400257,OldTown,2026-04-09,2432.4,4,1,3,1988,0,8420.79,1,0,7.7,57.9,5.41,656424.9,6384.24,0.0
951,4776 Pine Rd,94106,37.771806,-122.473578,Downtown,2024-11-01,308.13,2,4,1,1945,1,5332.93,0,0,9.3,42.9,4.71,77700.4,866.93,150.0
952,6045 Lake St,94098,37.764334,-122.383026,SuburbA,2022-11-24,1786.58,2,2,1,1904,1,3610.21,1,0,7.8,51.0,3.3,242796.8,1691.75,0.0
953,4253 River Rd,94087,37.748208,-122.4172,Uptown,2026-02-18,1096.08,2,5,3,1945,0,13252.12,1,0,7.7,50.3,2.43,155706.23,2143.86,0.0
954,2708 Cedar Rd,94094,37.761511,-122.403309,Downtown,2023-11-18,1415.34,3,1,2,1968,1,9188.97,2,0,8.5,37.9,1.74,475599.72,3749.93,0.0
955,6391 Oak Ave,94091,37.764282,-122.468773,Uptown,2024-02-21,1970.88,4,2,2,1965,0,15345.33,1,0,10.0,44.0,4.33,350362.51,2987.05,0.0
956,8013 Sunset Blvd,94125,37.762036,-122.421897,SuburbB,2021-12-03,812.53,4,2,2,1928,0,7976.76,1,0,9.2,63.3,0.9,66471.79,806.93,0.0
957,8060 Oak St,94101,37.750409,-122.433699,SuburbB,2021-10-11,1393.09,4,2,3,2017,0,58.97,0,0,5.3,50.6,2.48,266396.84,3617.4,0.0
958,2855 Elm Ln,94092,37.745096,-122.426345,Uptown,2023-01-31,2435.6,4,2,3,1965,1,5040.61,1,0,10.0,44.1,2.82,464215.51,3527.77,150.0
959,9059 Sunset Blvd,94116,37.771359,-122.409749,SuburbA,2024-12-11,2580.53,2,2,1,1974,0,7641.82,2,1,2.7,34.7,0.91,569081.67,4947.07,0.0
960,8768 Washington Blvd,94095,37.758229,-122.395981,SuburbB,2025-11-25,300,2,1,2,1969,0,11196.78,1,0,6.5,54.9,2.48,43268.64,277.96,0.0
961,2343 Sunset Blvd,94097,37.754739,-122.381144,Downtown,2023-05-30,1048.61,2,4,2,1956,0,9287.93,2,0,5.8,27.8,3.81,266912.2,2342.11,0.0
962,5551 River Ln,94124,37.749268,-122.409035,SuburbA,2026-04-12,2174.72,4,1,2,1951,0,5828.66,0,0,5.6,50.1,2.49,167376.21,1878.83,0.0
963,3312 Pine Ave,94109,37.761645,-122.42237,OldTown,2023-04-20,1360.96,2,3,3,1968,0,11054.02,1,0,3.4,45.9,0.95,194422.13,2529.63,0.0
964,3616 Oak St,94124,37.784289,-122.437812,Riverside,2023-05-31,1714.69,4,1,1,1949,1,6491.34,1,0,9.4,50.3,2.23,449503.94,6036.93,0.0
965,5680 Oak Dr,94089,37.782466,-122.431689,OldTown,2021-09-21,1445.52,3,3,3,1905,0,3936.3,0,0,7.2,59.9,1.72,160777.24,2198.07,0.0
966,7370 River St,94093,37.817764,-122.410972,SuburbB,2025-04-16,946.89,4,2,1,1977,1,16192.79,1,0,5.0,68.5,5.36,193345.02,2112.91,0.0
967,7552 Hill Blvd,94094,37.750403,-122.410553,SuburbA,2026-02-26,2163.09,5,2,2,1924,0,4314.6,0,0,5.8,60.1,2.33,535923.47,5358.97,0.0
968,1460 Lake Ave,94090,37.778056,-122.423842,Downtown,2024-04-06,2152.72,3,3,2,1964,0,7439.43,0,0,10.0,35.2,0.96,906985.89,4784.15,0.0
969,4526 Elm Dr,94111,37.782851,-122.431722,SuburbB,2024-01-11,2125.39,2,4,1,1906,0,5295.48,1,0,5.1,35.1,1.76,270182.32,3916.02,0.0
970,1700 Cedar Blvd,94098,37.782701,-122.444891,Riverside,2026-01-01,2646.37,3,3,2,1937,0,3187.68,2,1,5.5,60.1,2.6,372735.85,3415.29,0.0
971,9618 River Dr,94124,37.767858,-122.430241,SuburbA,2024-12-12,2774.12,3,3,2,1985,0,8989.28,1,0,4.0,33.2,0.93,472386.42,2769.97,0.0
972,5302 River Rd,94106,37.759659,-122.387548,Uptown,2025-07-28,2971.28,3,2,1,1963,0,7875.26,2,0,7.8,60.1,3.07,1020418.48,10587.32,0.0
973,4295 Lake Ave,94087,37.774157,-122.460132,Uptown,2023-08-07,2425.55,1,1,1,1972,1,8339.38,2,0,6.5,33.3,3.55,629142.16,5080.4,0.0
974,5997 Washington Blvd,94120,37.754006,-122.45107,Uptown,2024-05-04,1686.8,2,1,3,1904,0,7676.44,1,0,7.8,56.1,3.25,349111.55,4888.92,0.0
975,9783 Washington Ln,94111,37.811645,-122.390153,SuburbA,2022-10-03,2330.35,2,4,3,1985,0,3971.22,0,0,9.1,45.0,5.31,975220.82,12865.55,0.0
976,4473 Pine Ave,94099,37.791365,-122.41841,Riverside,2024-02-13,2409.25,5,3,2,1993,0,15151.02,1,0,10.0,40.1,2.38,867616.2,9377.88,0.0
977,9230 Lake St,94111,37.800931,-122.442382,Downtown,2021-11-14,1387.18,2,4,3,1927,1,8302.97,1,0,6.6,38.4,3.96,181755.43,1895.99,150.0
978,3104 Washington Ln,94121,37.73903,-122.433585,Riverside,2021-12-17,383.68,2,2,3,2001,0,9287.97,1,0,9.8,58.6,3.64,205297.2,1976.91,0.0
979,6325 Lake Blvd,94122,37.772881,-122.376321,Downtown,2026-02-08,1430.43,2,3,2,2006,0,9148.69,1,0,9.4,48.2,3.85,454449.48,4356.36,0.0
980,5258 Maple Rd,94089,37.748152,-122.410575,SuburbA,2021-10-19,2727.08,1,2,2,2016,0,5086.31,0,0,7.5,48.4,2.56,770483.56,6186.2,0.0
981,3455 Washington Ave,94104,37.787183,-122.458283,Downtown,2021-09-30,1557.02,5,2,1,2012,0,6022.04,2,0,10.0,24.5,3.86,483663.83,5752.88,0.0
982,9317 Cedar Rd,94119,37.79227,-122.395308,OldTown,2024-05-13,1265.37,4,3,1,1953,0,9567.61,0,0,4.9,63.1,3.29,179928.01,2247.98,0.0
983,6730 Cedar Rd,94114,37.744822,-122.40201,SuburbB,2023-06-26,2065.21,2,1,1,1970,0,12075.91,0,1,5.2,59.5,3.21,470047.21,2871.25,0.0
984,9014 Maple St,94112,37.777507,-122.436336,SuburbB,2025-09-03,1578.8,2,2,1,2017,0,3998.45,1,0,7.1,61.2,1.66,644735.65,3739.78,0.0
985,5195 Oak Rd,94100,37.737383,-122.367901,OldTown,2021-08-08,935.3,3,1,2,2014,1,11308.33,1,0,6.1,74.2,5.83,221681.05,2699.76,0.0
986,5865 River Rd,94104,37.776338,-122.463402,Downtown,2022-02-19,1240.04,1,2,2,1952,0,8150.4,0,0,8.3,57.6,3.87,395827.08,5777.53,0.0
987,8477 Washington Ave,94109,37.743115,-122.453956,SuburbB,2024-06-13,3730.06,4,2,2,1910,0,10439.32,1,0,3.6,50.3,4.22,431687.6,3731.13,0.0
988,8752 Oak Dr,94117,37.728315,-122.392221,Downtown,2023-08-08,1143.35,3,1,2,1983,1,6809.68,1,0,10.0,35.3,5.23,299270.17,3840.47,0.0
989,9124 Oak Ave,94086,37.749947,-122.434368,Downtown,2021-09-10,1598.04,3,1,3,1960,0,5883.59,0,0,9.9,35.7,2.56,732397.69,4948.74,300.0
990,7115 Elm St,94124,37.796481,-122.433831,Riverside,2023-11-30,2611.89,2,2,3,1973,0,8332.5,1,0,8.7,49.1,3.18,852204.41,9099.2,0.0
991,7934 Oak St,94086,37.783158,-122.406913,Downtown,2023-10-27,1229.11,3,3,2,1919,0,2154.94,0,0,10.0,34.0,1.86,258658.5,2282.28,0.0
992,309 Washington Dr,94094,37.786773,-122.431831,Riverside,2025-10-12,2322.84,3,1,3,1905,0,6472.42,1,1,9.9,65.9,2.13,421437.35,3556.64,0.0
993,4543 River St,94087,37.755262,-122.41815,SuburbA,2024-11-27,1933.02,1,2,3,1927,1,8423.64,1,0,6.6,60.4,1.64,327247.79,3822.49,0.0
994,7774 Washington St,94101,37.801534,-122.409183,Uptown,2022-09-23,2798.06,4,3,3,1971,0,2903.21,1,0,6.2,48.7,3.63,818771.72,6577.83,500.0
995,2644 River Ave,94086,37.771221,-122.385026,SuburbB,2021-06-29,2726.77,3,3,2,2017,1,3588.99,0,0,4.9,68.9,3.07,578221.34,3895.36,0.0
996,9371 Pine Blvd,94090,37.756599,-122.401528,SuburbA,2023-11-07,1707.68,4,1,2,1927,0,9534.44,1,0,6.8,56.0,2.2,425227.02,5582.72,0.0
997,289 Sunset St,94104,37.780746,-122.466488,Downtown,2023-07-11,3384.18,1,3,1,1963,0,15085.54,1,0,10.0,49.0,4.25,1389746.3,15846.46,0.0
998,899 Washington Rd,94103,37.768313,-122.414025,Uptown,2026-02-27,845.14,3,2,2,1957,0,13245.98,2,0,7.6,45.1,0.56,85455.41,546.98,150.0
999,4937 Elm Dr,94118,37.75168,-122.434053,SuburbA,2022-07-05,3019.31,3,2,1,1904,0,6919.88,2,0,4.9,55.8,2.38,441628.36,3302.34,0.0
1000,6432 Maple Rd,94090,37.748581,-122.424645,OldTown,2022-07-29,1091.85,2,1,3,1987,0,9850.25,1,1,2.7,60.6,2.41,129700.69,1279.83,0.0
