Student_Name,Address,Parent_Education,Internet_Access,Extracurriculars,Weekly_Study_Hours,Sleep_Hours,Attendance_Percentage,Math_Score,Science_Score,English_Score,Final_Score,Status,Grade
Emma Smith,"4606 Oak Ave, Columbus, OH",High School,Yes,None,9.4,8.5,91.5,60.3,62.0,71.5,64.26,Pass,D
Emma Moore,"9774 Parkway Blvd, Los Angeles, CA",None,Yes,Sports,6.1,6.5,90.4,55.5,61.8,51.6,56.55,Pass,D
James Davis,"9963 Main St, Atlanta, GA",Master's,Yes,None,12.8,7.3,74.9,45.2,42.6,59.3,48.52,Fail,F
Luna Wilson,"7459 Highland Terrace, Chicago, IL",Associate,Yes,Music,11.3,6.5,70.8,56.3,50.1,57.9,54.58,Pass,D
Evelyn Hernandez,"2647 Oak Ave, Miami, FL",Associate,Yes,Sports,9.8,8.9,79.0,52.9,48.7,59.4,53.37,Pass,D
Henry Brown,"5735 Highland Terrace, Denver, CO",Associate,Yes,None,11.8,5.7,65.4,50.5,52.9,51.3,51.59,Pass,D
Lucas Moore,"6301 Main St, Los Angeles, CA",Master's,No,None,13.8,6.3,70.2,57.7,64.7,55.6,59.52,Pass,D
Camila Lopez,"3250 Main St, Phoenix, AZ",None,Yes,Drama,9.3,6.3,81.1,48.7,52.0,54.9,51.7,Pass,D
Noah Davis,"6327 Lakeview Dr, Los Angeles, CA",Bachelor's,No,Music,11.8,8.0,88.3,53.9,56.2,48.4,53.07,Pass,D
Mia Lopez,"4474 Main St, Chicago, IL",Master's,Yes,Volunteer,18.3,6.9,98.6,70.9,67.2,63.7,67.45,Pass,D
Amelia Garcia,"6316 Lakeview Dr, Boston, MA",PhD,Yes,None,22.2,8.6,84.6,65.2,80.0,74.1,73.07,Pass,C
William Johnson,"625 Lakeview Dr, Chicago, IL",Bachelor's,No,Sports,13.4,6.8,65.1,59.1,63.9,48.5,57.58,Pass,D
James Jackson,"5255 Oak Ave, Columbus, OH",PhD,No,Debate,14.0,7.3,94.2,58.3,64.0,58.6,60.4,Pass,D
Lucas Jones,"2387 Oak Ave, Miami, FL",PhD,No,None,13.2,6.6,81.7,60.6,69.6,62.9,64.42,Pass,D
Theodore Wilson,"6643 Lakeview Dr, Phoenix, AZ",High School,Yes,Volunteer,9.1,6.6,70.8,52.1,50.6,54.0,52.15,Pass,D
Harper Williams,"1896 Oak Ave, Austin, TX",PhD,Yes,None,23.5,7.3,86.7,80.7,68.8,75.8,75.05,Pass,C
Evelyn Martin,"6404 Parkway Blvd, Los Angeles, CA",Master's,No,Volunteer,24.9,7.3,83.1,80.1,71.1,75.3,75.5,Pass,C
Elijah Moore,"1976 Highland Terrace, Austin, TX",Associate,No,Sports,14.2,8.4,75.9,59.9,69.4,70.8,66.5,Pass,D
Sophia Wilson,"7533 Main St, Seattle, WA",PhD,No,Volunteer,13.7,6.5,86.0,50.1,58.4,49.3,52.75,Pass,D
Charlotte Taylor,"4989 Highland Terrace, Los Angeles, CA",Master's,Yes,Music,11.3,6.2,100.0,64.2,71.5,61.8,66.04,Pass,D
Mia Garcia,"8789 Main St, Atlanta, GA",Master's,No,Debate,20.2,7.2,68.9,72.8,72.8,55.2,67.52,Pass,D
Liam Brown,"5138 Oak Ave, Denver, CO",None,Yes,Volunteer,10.1,7.3,88.0,52.5,48.8,56.2,52.32,Pass,D
Noah Williams,"8062 Main St, Columbus, OH",Master's,Yes,Music,12.1,7.5,100.0,60.0,70.6,63.1,64.65,Pass,D
Harper Moore,"4442 Highland Terrace, Seattle, WA",Master's,No,Music,19.6,8.0,76.8,77.6,77.6,75.2,76.88,Pass,C
Luna Miller,"5207 Parkway Blvd, Columbus, OH",PhD,No,Debate,13.0,6.2,76.1,58.8,60.8,55.6,58.57,Pass,D
Benjamin Anderson,"4161 Oak Ave, Los Angeles, CA",None,No,Sports,8.1,6.7,99.5,76.5,68.6,56.8,67.87,Pass,D
Theodore Moore,"9741 Oak Ave, Chicago, IL",None,Yes,None,9.9,7.7,82.8,53.4,51.8,50.2,51.88,Pass,D
Olivia Davis,"614 Lakeview Dr, Los Angeles, CA",None,Yes,Drama,6.2,7.2,93.6,38.7,48.6,53.9,46.74,Fail,F
Harper Miller,"2267 Highland Terrace, Atlanta, GA",Master's,No,Music,15.6,5.9,85.6,63.0,63.6,62.2,63.0,Pass,D
Harper Wilson,"1645 Main St, Chicago, IL",PhD,No,Drama,10.5,7.5,75.6,65.8,66.4,76.7,69.25,Pass,D
Evelyn Wilson,"987 Main St, Boston, MA",None,No,None,12.5,7.7,94.5,65.6,71.9,59.1,65.85,Pass,D
William Brown,"3239 Oak Ave, Chicago, IL",Master's,No,Music,13.1,9.3,85.8,52.0,65.1,49.2,55.75,Pass,D
Evelyn Garcia,"7679 Oak Ave, Miami, FL",None,No,Volunteer,12.4,5.9,85.6,55.3,62.8,51.8,56.85,Pass,D
Emma Johnson,"8956 Main St, Portland, OR",None,Yes,Music,8.2,9.1,78.5,58.4,46.6,58.1,54.21,Pass,D
Evelyn Thomas,"3602 Parkway Blvd, Boston, MA",None,Yes,Debate,11.4,6.9,77.1,57.1,59.3,50.1,55.76,Pass,D
Liam Gonzalez,"7554 Lakeview Dr, Miami, FL",Bachelor's,No,Music,11.1,8.8,78.5,58.4,50.6,57.2,55.31,Pass,D
James Martinez,"1058 Highland Terrace, Chicago, IL",PhD,Yes,None,20.1,6.5,69.8,89.2,76.8,77.3,81.31,Pass,B
William Johnson,"9671 Parkway Blvd, Austin, TX",Master's,Yes,Sports,11.3,4.0,84.4,59.3,64.0,58.4,60.69,Pass,D
Benjamin Williams,"1222 Highland Terrace, Seattle, WA",None,Yes,Debate,2.3,7.1,80.6,62.5,51.5,64.1,59.15,Pass,D
Emma Jackson,"9585 Highland Terrace, Chicago, IL",None,Yes,Debate,4.1,7.2,89.6,47.1,53.7,53.6,51.35,Pass,D
Theodore Jackson,"5283 Lakeview Dr, Atlanta, GA",High School,No,Music,12.6,5.8,100.0,76.3,57.1,61.9,65.27,Pass,D
Elijah Gonzalez,"5015 Parkway Blvd, Seattle, WA",Associate,Yes,Sports,12.1,6.8,78.8,61.0,60.8,67.2,62.79,Pass,D
Lucas Martin,"1738 Main St, Phoenix, AZ",Master's,Yes,Volunteer,12.2,7.3,94.0,69.3,69.5,62.4,67.3,Pass,D
Elijah Jones,"1227 Oak Ave, Denver, CO",Associate,No,Music,14.0,7.0,91.1,62.4,68.6,55.3,62.46,Pass,D
Lucas Moore,"5056 Highland Terrace, Columbus, OH",PhD,Yes,None,15.2,8.1,82.8,72.8,72.3,73.5,72.82,Pass,C
Luna Martinez,"1797 Oak Ave, Portland, OR",Associate,Yes,Sports,13.7,7.3,81.9,62.4,63.6,65.9,63.86,Pass,D
Luna Jones,"4716 Highland Terrace, Miami, FL",High School,No,Music,18.4,5.8,74.9,69.4,65.8,59.8,65.27,Pass,D
Elijah Taylor,"4214 Main St, Boston, MA",None,No,Drama,8.0,7.1,76.0,53.5,63.2,52.4,56.55,Pass,D
Olivia Smith,"2243 Lakeview Dr, Denver, CO",High School,No,Volunteer,8.7,6.4,89.1,47.8,55.0,52.5,51.73,Pass,D
Evelyn Moore,"1932 Main St, Austin, TX",PhD,Yes,Volunteer,14.1,5.6,87.3,54.6,58.1,61.5,57.88,Pass,D
Olivia Lopez,"9152 Oak Ave, Phoenix, AZ",Bachelor's,Yes,Sports,18.9,6.8,93.6,74.8,68.9,72.8,72.15,Pass,C
Sophia Lopez,"5962 Oak Ave, Austin, TX",PhD,Yes,None,17.3,7.5,76.7,73.2,63.7,65.5,67.56,Pass,D
Emma Lopez,"6758 Highland Terrace, Atlanta, GA",PhD,Yes,Music,14.4,7.0,87.2,69.7,65.4,68.3,67.75,Pass,D
Charlotte Garcia,"506 Oak Ave, New York, NY",PhD,No,Debate,21.8,9.2,94.6,76.8,83.2,72.8,77.83,Pass,C
Amelia Rodriguez,"1871 Parkway Blvd, Seattle, WA",None,No,Music,4.8,6.4,76.6,51.0,61.4,53.3,55.32,Pass,D
James Anderson,"5100 Oak Ave, Denver, CO",High School,Yes,None,11.4,8.0,100.0,61.1,61.1,69.0,63.44,Pass,D
James Gonzalez,"4664 Main St, Denver, CO",Associate,No,None,18.3,6.5,96.8,56.4,71.0,60.4,62.69,Pass,D
Benjamin Gonzalez,"8885 Lakeview Dr, Portland, OR",None,Yes,Drama,1.6,7.0,79.0,51.9,52.9,58.5,54.22,Pass,D
Charlotte Jackson,"726 Main St, Miami, FL",Master's,No,Drama,14.4,7.5,86.2,62.0,52.8,47.3,54.4,Pass,D
William Wilson,"8479 Main St, Phoenix, AZ",Bachelor's,Yes,Drama,14.3,8.6,77.5,71.2,76.1,68.2,72.03,Pass,C
Olivia Wilson,"8618 Highland Terrace, Austin, TX",PhD,Yes,Drama,23.0,8.0,82.5,92.6,93.5,76.7,88.15,Pass,B
Evelyn Williams,"5509 Highland Terrace, Portland, OR",Associate,Yes,None,15.2,5.8,67.4,56.3,63.9,66.6,62.04,Pass,D
Sophia Taylor,"6791 Lakeview Dr, Miami, FL",Bachelor's,No,Volunteer,13.3,5.6,100.0,66.4,75.7,71.5,71.19,Pass,C
Oliver Miller,"6311 Oak Ave, New York, NY",Master's,No,Debate,6.7,5.7,84.1,56.1,56.7,46.6,53.47,Pass,D
Luna Smith,"4800 Oak Ave, Miami, FL",Bachelor's,No,Debate,8.8,8.0,84.4,48.0,57.0,48.6,51.35,Pass,D
Lucas Anderson,"3601 Highland Terrace, Portland, OR",Bachelor's,Yes,None,12.6,6.4,74.6,49.0,64.8,56.1,56.67,Pass,D
Noah Martinez,"5591 Main St, Atlanta, GA",High School,No,Music,10.9,6.8,83.9,57.9,59.6,49.7,56.05,Pass,D
James Jones,"857 Oak Ave, Austin, TX",Bachelor's,Yes,Debate,11.9,5.5,62.0,59.6,60.5,51.2,57.41,Pass,D
Evelyn Jackson,"6391 Parkway Blvd, Chicago, IL",Bachelor's,Yes,Music,14.2,8.1,100.0,70.2,66.8,63.3,66.93,Pass,D
Liam Brown,"3685 Oak Ave, New York, NY",PhD,No,Sports,13.0,6.4,70.8,55.4,68.9,59.0,61.23,Pass,D
Luna Davis,"7578 Oak Ave, Los Angeles, CA",Bachelor's,No,Debate,18.9,6.1,85.8,79.1,72.8,58.9,70.84,Pass,C
Camila Taylor,"9076 Parkway Blvd, New York, NY",High School,No,Debate,6.5,7.9,71.2,58.4,43.5,49.3,50.44,Pass,D
Elijah Davis,"4643 Highland Terrace, Portland, OR",Bachelor's,Yes,Drama,11.1,6.1,79.1,54.7,51.0,57.7,54.31,Pass,D
Lucas Williams,"4781 Oak Ave, Columbus, OH",Associate,No,Drama,10.0,6.4,75.9,59.7,59.2,47.2,55.8,Pass,D
Luna Williams,"2571 Oak Ave, Seattle, WA",Bachelor's,Yes,None,16.0,7.5,68.3,61.0,65.7,57.6,61.63,Pass,D
James Williams,"6778 Lakeview Dr, New York, NY",Master's,No,Debate,8.5,7.3,85.5,40.5,49.9,37.2,42.8,Fail,F
Olivia Miller,"6481 Highland Terrace, New York, NY",PhD,Yes,Volunteer,11.2,7.0,78.5,53.7,56.7,63.9,57.83,Pass,D
Henry Thomas,"5863 Lakeview Dr, Austin, TX",Bachelor's,No,Volunteer,16.3,7.5,73.7,69.0,48.2,51.4,56.44,Pass,D
Luna Martin,"8099 Oak Ave, Chicago, IL",Associate,No,Debate,10.2,6.4,88.7,62.9,63.1,64.7,63.52,Pass,D
Liam Gonzalez,"6724 Oak Ave, Denver, CO",Bachelor's,Yes,Volunteer,14.4,6.5,80.9,63.1,66.9,62.2,64.15,Pass,D
Luna Smith,"9797 Highland Terrace, New York, NY",PhD,Yes,Sports,24.3,6.7,93.7,88.9,78.3,68.0,78.94,Pass,C
Evelyn Jones,"3077 Main St, Boston, MA",Associate,No,Drama,3.5,7.0,81.5,49.9,46.2,41.8,46.18,Fail,F
James Anderson,"5629 Parkway Blvd, Denver, CO",Associate,No,Drama,2.2,7.8,87.4,44.3,61.1,53.3,52.88,Pass,D
Noah Thomas,"8937 Main St, Austin, TX",Associate,Yes,None,13.5,7.2,100.0,65.0,62.4,61.9,63.2,Pass,D
Noah Johnson,"4151 Oak Ave, Austin, TX",None,Yes,Music,4.6,6.5,85.7,57.4,59.6,63.7,60.05,Pass,D
Oliver Thomas,"1974 Highland Terrace, Portland, OR",High School,No,None,8.9,6.6,75.2,53.2,56.2,44.1,51.54,Pass,D
Elijah Lopez,"1976 Oak Ave, Seattle, WA",Associate,Yes,Volunteer,16.4,8.9,89.1,69.8,67.0,62.7,66.68,Pass,D
Liam Martinez,"6249 Parkway Blvd, Phoenix, AZ",PhD,Yes,Sports,18.6,7.3,84.4,74.2,90.7,75.8,80.44,Pass,B
Theodore Davis,"5041 Highland Terrace, Los Angeles, CA",None,Yes,Drama,10.9,7.2,89.8,57.0,64.5,72.2,64.22,Pass,D
Luna Wilson,"6171 Main St, Portland, OR",Master's,No,Sports,21.4,6.0,79.9,81.5,80.0,76.4,79.42,Pass,C
Evelyn Thomas,"7202 Lakeview Dr, Los Angeles, CA",PhD,No,None,22.1,6.6,83.4,60.6,55.0,63.1,59.41,Pass,D
Oliver Wilson,"8648 Lakeview Dr, Seattle, WA",Master's,No,Debate,9.8,6.7,72.0,64.0,55.0,43.8,54.75,Pass,D
Evelyn Jackson,"5380 Oak Ave, Miami, FL",None,No,Debate,6.9,6.9,60.0,45.7,51.3,52.5,49.73,Fail,F
Amelia Anderson,"6309 Lakeview Dr, Phoenix, AZ",None,No,Drama,6.9,9.6,73.9,58.2,59.6,53.6,57.31,Pass,D
Charlotte Thomas,"5913 Lakeview Dr, Chicago, IL",Associate,No,Volunteer,10.4,6.5,79.3,58.5,56.8,51.0,55.67,Pass,D
Elijah Moore,"8564 Oak Ave, Austin, TX",None,Yes,None,7.0,4.3,100.0,62.6,66.2,51.6,60.56,Pass,D
Evelyn Thomas,"4037 Parkway Blvd, Atlanta, GA",PhD,No,Debate,14.5,6.2,70.9,54.3,67.9,58.4,60.3,Pass,D
Liam Williams,"3730 Parkway Blvd, Miami, FL",PhD,Yes,Drama,18.9,6.5,73.7,79.1,68.6,74.8,74.15,Pass,C
Theodore Lopez,"9168 Highland Terrace, Boston, MA",Associate,No,None,9.5,7.4,92.1,55.4,64.8,50.1,57.12,Pass,D
Luna Hernandez,"7534 Lakeview Dr, Denver, CO",Associate,No,Music,13.4,7.3,81.9,59.9,70.8,59.3,63.54,Pass,D
Emma Miller,"2058 Highland Terrace, Denver, CO",PhD,Yes,Music,20.2,5.6,78.0,61.0,69.6,59.3,63.5,Pass,D
James Thomas,"9759 Highland Terrace, Miami, FL",Master's,No,Sports,6.7,7.2,100.0,66.1,66.8,66.1,66.32,Pass,D
James Martinez,"6012 Oak Ave, Chicago, IL",Associate,Yes,None,15.4,7.2,86.1,64.3,65.5,67.1,65.58,Pass,D
Luna Jones,"845 Main St, Miami, FL",Master's,No,None,9.6,7.2,92.4,47.7,50.5,50.9,49.63,Fail,F
Oliver Thomas,"300 Highland Terrace, Los Angeles, CA",Associate,No,Debate,7.9,6.0,87.0,54.0,45.5,56.2,51.67,Pass,D
Lucas Hernandez,"941 Lakeview Dr, Seattle, WA",Bachelor's,Yes,Sports,14.0,8.7,94.8,73.9,60.2,62.7,65.74,Pass,D
Henry Thomas,"9553 Main St, Los Angeles, CA",High School,Yes,Volunteer,10.1,6.3,90.2,56.4,53.1,55.8,55.07,Pass,D
Sophia Williams,"2040 Highland Terrace, Chicago, IL",Bachelor's,Yes,Volunteer,9.3,6.0,71.5,51.1,41.9,62.1,51.15,Pass,D
Henry Anderson,"4971 Highland Terrace, Boston, MA",Bachelor's,No,Volunteer,13.7,7.7,76.4,62.0,65.2,71.2,65.85,Pass,D
Camila Johnson,"1725 Oak Ave, Phoenix, AZ",PhD,Yes,Drama,20.6,7.0,78.0,80.8,66.5,77.1,74.68,Pass,C
Noah Garcia,"2947 Highland Terrace, Chicago, IL",None,Yes,Sports,5.8,8.0,91.3,60.2,52.1,57.2,56.49,Pass,D
Evelyn Anderson,"9829 Parkway Blvd, Columbus, OH",Associate,Yes,Music,10.7,7.2,91.2,52.1,62.1,64.5,59.32,Pass,D
Sophia Martinez,"7538 Main St, Columbus, OH",PhD,Yes,Drama,20.3,7.5,93.3,78.2,68.8,77.5,74.68,Pass,C
Theodore Miller,"1980 Highland Terrace, New York, NY",High School,Yes,Drama,11.1,5.9,72.2,63.6,58.4,61.6,61.18,Pass,D
Oliver Williams,"2818 Lakeview Dr, Austin, TX",Master's,No,Debate,15.1,6.5,94.4,68.2,65.6,60.9,65.1,Pass,D
Emma Anderson,"5082 Parkway Blvd, Columbus, OH",Associate,No,Debate,11.9,8.3,80.2,53.5,57.5,51.9,54.44,Pass,D
Noah Martin,"7178 Lakeview Dr, Austin, TX",Master's,No,Sports,15.8,5.5,95.3,78.8,81.9,70.8,77.47,Pass,C
Noah Davis,"9524 Highland Terrace, Portland, OR",None,No,Volunteer,5.9,9.3,99.1,59.3,62.1,67.2,62.64,Pass,D
Olivia Garcia,"8602 Parkway Blvd, Boston, MA",Associate,Yes,Volunteer,8.9,6.7,80.8,58.3,61.8,59.7,59.94,Pass,D
Evelyn Thomas,"7800 Lakeview Dr, Los Angeles, CA",Bachelor's,No,Drama,12.9,8.6,87.3,53.2,63.6,54.0,57.07,Pass,D
Emma Garcia,"6844 Parkway Blvd, Denver, CO",Associate,No,Volunteer,13.7,7.4,73.8,61.8,63.0,56.6,60.68,Pass,D
Olivia Anderson,"5253 Lakeview Dr, Los Angeles, CA",Associate,Yes,Debate,8.4,6.4,79.7,66.6,67.6,73.8,69.12,Pass,D
Benjamin Smith,"8989 Parkway Blvd, Portland, OR",Bachelor's,Yes,Music,10.7,7.5,76.7,63.2,69.7,65.6,66.2,Pass,D
Benjamin Lopez,"8267 Parkway Blvd, Phoenix, AZ",None,Yes,Drama,14.2,6.4,100.0,56.3,60.4,63.5,59.88,Pass,D
Luna Jones,"7278 Parkway Blvd, Miami, FL",None,Yes,None,16.0,6.2,83.2,63.8,66.4,68.3,66.03,Pass,D
Camila Davis,"2694 Lakeview Dr, Columbus, OH",Master's,Yes,Volunteer,12.9,7.0,87.2,79.6,86.7,69.0,78.9,Pass,C
Evelyn Williams,"1958 Parkway Blvd, Chicago, IL",None,Yes,Debate,12.2,8.8,91.8,62.6,58.8,65.0,62.0,Pass,D
Sophia Taylor,"4579 Parkway Blvd, Columbus, OH",Bachelor's,No,Music,16.3,8.1,90.1,80.9,81.6,71.0,78.21,Pass,C
Lucas Moore,"6384 Oak Ave, Seattle, WA",Master's,Yes,Sports,15.6,6.2,97.1,69.6,66.0,68.6,68.05,Pass,D
Elijah Wilson,"8418 Lakeview Dr, Denver, CO",None,No,None,8.8,5.6,85.5,67.6,68.8,70.5,68.89,Pass,D
Sophia Jackson,"8122 Oak Ave, Phoenix, AZ",Bachelor's,No,Drama,13.9,8.6,87.5,62.0,64.1,61.3,62.51,Pass,D
William Moore,"6280 Parkway Blvd, Atlanta, GA",Associate,Yes,None,9.2,8.1,86.9,53.2,60.6,57.1,56.96,Pass,D
Amelia Jackson,"3926 Parkway Blvd, New York, NY",None,No,None,1.9,7.4,79.4,59.7,55.0,47.8,54.5,Pass,D
Harper Gonzalez,"2592 Parkway Blvd, New York, NY",None,Yes,Volunteer,2.2,7.4,63.0,50.7,50.6,57.6,52.73,Pass,D
Theodore Hernandez,"7313 Main St, Los Angeles, CA",Master's,No,Sports,12.7,7.9,72.2,64.3,60.3,64.2,62.87,Pass,D
Oliver Wilson,"2629 Main St, Portland, OR",Bachelor's,No,Drama,6.9,7.0,78.1,46.8,46.2,46.8,46.56,Fail,F
Camila Gonzalez,"1415 Lakeview Dr, Portland, OR",PhD,No,Drama,21.8,8.1,84.2,69.7,67.9,63.7,67.3,Pass,D
Harper Moore,"1221 Oak Ave, Austin, TX",PhD,No,Music,18.6,7.2,98.3,79.7,75.1,76.8,77.23,Pass,C
Noah Wilson,"1746 Parkway Blvd, Los Angeles, CA",High School,No,Sports,17.2,5.6,84.6,65.3,60.3,63.2,62.95,Pass,D
Olivia Hernandez,"4906 Lakeview Dr, Austin, TX",Associate,No,Music,9.2,6.5,66.1,37.0,41.7,49.4,42.39,Fail,F
Amelia Taylor,"9372 Oak Ave, New York, NY",High School,Yes,Sports,11.7,7.0,75.3,63.3,57.8,69.9,63.35,Pass,D
Camila Gonzalez,"4045 Parkway Blvd, Phoenix, AZ",Master's,Yes,Music,14.1,7.2,85.3,59.3,68.3,64.7,64.07,Pass,D
Lucas Rodriguez,"4283 Main St, Boston, MA",Bachelor's,No,None,11.9,7.6,100.0,54.9,62.1,63.9,60.13,Pass,D
Luna Garcia,"7337 Lakeview Dr, Los Angeles, CA",Master's,No,None,15.2,7.7,78.5,72.1,73.9,65.6,70.8,Pass,C
Evelyn Rodriguez,"5049 Oak Ave, Boston, MA",Bachelor's,No,Sports,10.9,7.2,98.2,78.6,66.4,73.2,72.72,Pass,C
Amelia Gonzalez,"5981 Highland Terrace, Phoenix, AZ",Associate,No,Sports,8.4,6.7,80.2,57.9,59.9,50.0,56.24,Pass,D
Henry Rodriguez,"9372 Main St, Austin, TX",Master's,No,Drama,23.6,7.4,100.0,81.4,79.7,76.0,79.21,Pass,C
Amelia Martin,"3688 Oak Ave, Denver, CO",Master's,No,None,14.0,7.4,68.3,57.7,51.3,57.2,55.32,Pass,D
Oliver Brown,"745 Lakeview Dr, Portland, OR",Bachelor's,Yes,Volunteer,7.1,8.0,87.2,55.2,46.7,57.7,52.99,Pass,D
Mia Jones,"4935 Lakeview Dr, Los Angeles, CA",PhD,No,Music,15.3,7.7,93.8,59.6,75.0,69.7,68.02,Pass,D
James Jones,"6094 Highland Terrace, Atlanta, GA",Master's,No,Music,16.6,7.3,89.9,62.4,61.3,60.1,61.31,Pass,D
Elijah Thomas,"5649 Main St, Miami, FL",Bachelor's,Yes,Music,15.2,7.8,81.3,57.8,77.3,60.6,65.49,Pass,D
Amelia Gonzalez,"6092 Main St, Atlanta, GA",Bachelor's,Yes,Drama,8.5,8.2,72.1,48.7,53.8,52.8,51.7,Pass,D
Luna Brown,"6138 Lakeview Dr, Boston, MA",Master's,No,None,15.3,8.0,72.2,63.8,57.5,56.5,59.39,Pass,D
Mia Brown,"3930 Parkway Blvd, Portland, OR",None,No,Volunteer,11.4,6.7,81.5,66.8,79.4,64.0,70.39,Pass,C
Amelia Williams,"7706 Lakeview Dr, Portland, OR",PhD,No,Sports,20.1,6.7,87.4,75.3,74.2,67.6,72.59,Pass,C
Oliver Johnson,"5086 Parkway Blvd, Austin, TX",None,Yes,Music,8.2,6.9,92.3,61.5,53.3,68.3,60.67,Pass,D
Luna Jones,"7532 Lakeview Dr, New York, NY",PhD,No,Volunteer,20.0,9.1,60.0,69.4,72.6,53.9,65.85,Pass,D
Oliver Wilson,"1722 Parkway Blvd, Portland, OR",Master's,No,Drama,10.8,8.9,78.8,60.7,63.4,61.0,61.73,Pass,D
Olivia Lopez,"7364 Parkway Blvd, Chicago, IL",High School,No,Sports,10.6,9.4,88.6,62.3,64.9,64.2,63.77,Pass,D
Mia Moore,"5976 Main St, Portland, OR",Bachelor's,No,Music,17.7,5.9,91.4,85.7,71.0,71.2,76.21,Pass,C
Emma Anderson,"3575 Highland Terrace, Los Angeles, CA",None,Yes,Drama,7.7,7.3,88.3,52.9,60.9,57.6,57.1,Pass,D
Amelia Jones,"3462 Main St, Phoenix, AZ",Master's,Yes,Volunteer,18.9,5.8,96.9,75.2,74.9,69.8,73.48,Pass,C
James Davis,"2517 Highland Terrace, Denver, CO",None,No,Music,7.4,6.8,86.3,62.7,59.2,51.8,58.19,Pass,D
Oliver Moore,"2958 Main St, Miami, FL",PhD,Yes,Music,12.6,4.8,75.1,66.3,62.9,75.0,67.71,Pass,D
Liam Lopez,"9747 Lakeview Dr, Chicago, IL",None,Yes,Drama,5.2,8.0,100.0,58.3,50.9,75.7,60.93,Pass,D
Olivia Jones,"6997 Highland Terrace, Columbus, OH",None,Yes,Debate,1.4,9.4,95.2,45.8,46.0,51.2,47.47,Fail,F
Lucas Lopez,"9826 Main St, Atlanta, GA",Bachelor's,Yes,Volunteer,16.0,7.1,87.8,72.4,68.5,69.3,70.13,Pass,C
Olivia Taylor,"7604 Main St, Miami, FL",None,No,Debate,7.6,5.9,75.1,43.2,50.7,46.6,46.84,Fail,F
Evelyn Brown,"7367 Main St, Boston, MA",None,No,Volunteer,4.0,6.0,94.4,40.4,47.8,40.0,42.85,Fail,F
Oliver Williams,"4605 Highland Terrace, Seattle, WA",PhD,No,Debate,10.7,7.3,79.0,50.5,61.4,54.2,55.41,Pass,D
Camila Taylor,"7533 Highland Terrace, Miami, FL",Master's,No,Sports,15.9,7.1,98.6,70.7,73.7,70.2,71.6,Pass,C
Emma Moore,"3622 Parkway Blvd, Columbus, OH",Bachelor's,Yes,Debate,13.2,6.3,78.0,54.6,70.3,55.1,60.25,Pass,D
William Anderson,"6915 Main St, New York, NY",Associate,No,Drama,8.1,6.7,93.9,59.1,51.7,54.1,55.0,Pass,D
Elijah Lopez,"7870 Main St, Seattle, WA",None,Yes,Sports,16.6,7.3,73.1,63.7,61.2,58.3,61.21,Pass,D
Evelyn Brown,"6205 Oak Ave, Columbus, OH",Master's,Yes,Volunteer,15.2,8.0,83.5,75.7,61.5,57.3,65.23,Pass,D
Luna Moore,"2102 Parkway Blvd, Denver, CO",Associate,No,None,21.3,8.6,77.0,81.2,67.5,66.4,71.97,Pass,C
Olivia Martinez,"5219 Lakeview Dr, Phoenix, AZ",None,Yes,Music,6.5,6.4,83.0,57.0,61.0,57.1,58.45,Pass,D
Harper Davis,"5836 Highland Terrace, Los Angeles, CA",Associate,Yes,Drama,7.9,5.4,87.3,57.2,61.7,48.8,56.26,Pass,D
Theodore Davis,"9290 Highland Terrace, New York, NY",Master's,Yes,Volunteer,19.9,8.7,72.9,74.8,66.8,67.7,69.87,Pass,D
Elijah Smith,"4577 Lakeview Dr, Seattle, WA",Associate,No,Sports,11.3,6.1,90.4,65.2,58.4,59.9,61.25,Pass,D
Charlotte Jones,"6666 Main St, Phoenix, AZ",High School,Yes,Sports,7.1,8.1,97.4,53.7,47.9,55.1,52.1,Pass,D
Benjamin Miller,"6978 Parkway Blvd, New York, NY",Associate,Yes,Drama,11.6,7.4,100.0,71.6,70.6,72.2,71.43,Pass,C
Sophia Hernandez,"9868 Main St, Phoenix, AZ",None,Yes,Music,10.8,6.2,94.6,53.6,52.5,65.6,56.81,Pass,D
Camila Johnson,"1436 Lakeview Dr, Portland, OR",Bachelor's,No,Debate,4.4,9.5,88.9,43.7,51.1,46.0,46.97,Fail,F
Camila Anderson,"4575 Oak Ave, New York, NY",Master's,Yes,Drama,18.7,7.3,82.1,71.4,65.0,72.3,69.45,Pass,D
Evelyn Brown,"9817 Parkway Blvd, Miami, FL",Master's,No,Sports,12.0,6.1,90.4,61.1,61.9,63.2,62.02,Pass,D
Amelia Gonzalez,"997 Main St, Phoenix, AZ",High School,No,Music,9.9,8.4,93.2,65.1,64.1,52.9,61.1,Pass,D
Oliver Rodriguez,"5475 Main St, Miami, FL",None,No,None,6.8,6.8,78.9,45.8,50.1,44.8,47.03,Fail,F
Evelyn Garcia,"6329 Highland Terrace, Seattle, WA",PhD,Yes,Volunteer,16.3,6.1,65.2,65.6,58.7,65.5,63.17,Pass,D
Luna Lopez,"6605 Main St, Los Angeles, CA",Bachelor's,Yes,Debate,17.9,8.5,82.9,79.3,75.7,71.1,75.56,Pass,C
Noah Hernandez,"7133 Highland Terrace, Phoenix, AZ",Bachelor's,No,Drama,11.4,7.2,86.7,58.7,61.8,61.6,60.64,Pass,D
Emma Gonzalez,"5421 Oak Ave, Austin, TX",Master's,No,None,9.1,7.9,60.0,50.5,56.4,45.0,50.91,Pass,D
Mia Williams,"1834 Oak Ave, New York, NY",Bachelor's,No,Volunteer,15.2,6.4,92.6,43.5,53.8,56.3,50.94,Pass,D
Noah Gonzalez,"5662 Oak Ave, Miami, FL",Associate,Yes,Sports,11.7,7.6,84.8,52.3,47.6,61.0,53.25,Pass,D
Benjamin Brown,"8455 Oak Ave, Atlanta, GA",Associate,No,None,10.9,6.6,75.7,52.1,56.2,60.9,56.17,Pass,D
Oliver Davis,"2499 Lakeview Dr, Los Angeles, CA",High School,Yes,Volunteer,3.5,6.8,99.7,39.7,52.2,48.8,46.77,Fail,F
Oliver Williams,"8195 Parkway Blvd, Seattle, WA",Master's,No,None,17.7,9.2,80.1,76.5,82.0,71.0,76.75,Pass,C
Theodore Martin,"5279 Oak Ave, Denver, CO",Bachelor's,Yes,Debate,19.2,6.2,85.3,82.0,74.8,85.3,80.49,Pass,B
Lucas Martinez,"9789 Main St, Miami, FL",Associate,Yes,Drama,9.5,5.7,86.8,53.6,66.0,57.4,59.09,Pass,D
Lucas Anderson,"1032 Lakeview Dr, Austin, TX",Associate,Yes,None,13.1,7.7,96.9,63.8,55.9,54.9,58.37,Pass,D
Noah Martin,"8407 Parkway Blvd, Phoenix, AZ",Bachelor's,Yes,Debate,11.7,8.3,82.5,71.9,72.0,78.5,73.9,Pass,C
Theodore Miller,"7892 Highland Terrace, Denver, CO",High School,Yes,Debate,13.7,7.3,85.6,67.5,62.5,63.7,64.6,Pass,D
Emma Hernandez,"1481 Highland Terrace, Columbus, OH",PhD,Yes,Sports,14.5,6.0,76.6,59.7,79.3,61.3,67.07,Pass,D
Amelia Anderson,"8686 Highland Terrace, Boston, MA",Master's,Yes,Drama,13.9,7.8,88.1,67.4,60.4,63.0,63.65,Pass,D
Mia Martinez,"6797 Lakeview Dr, New York, NY",PhD,Yes,None,15.0,7.5,100.0,73.9,74.0,76.6,74.76,Pass,C
William Williams,"1648 Highland Terrace, Denver, CO",PhD,No,Drama,10.8,6.3,89.0,58.5,65.2,64.0,62.5,Pass,D
Elijah Martin,"5561 Main St, Seattle, WA",Master's,Yes,Drama,16.2,7.2,100.0,83.5,73.4,62.0,73.53,Pass,C
Sophia Gonzalez,"9849 Main St, Seattle, WA",Associate,No,None,12.5,7.7,97.9,68.2,63.9,63.7,65.36,Pass,D
William Jones,"8724 Main St, Portland, OR",PhD,No,Volunteer,13.7,8.7,90.9,61.6,54.1,58.8,58.12,Pass,D
Mia Smith,"5160 Oak Ave, Denver, CO",High School,No,Debate,7.6,7.0,83.7,57.3,66.4,56.9,60.39,Pass,D
James Davis,"2638 Main St, Seattle, WA",Associate,Yes,Volunteer,7.5,7.7,80.6,54.0,66.2,56.0,58.88,Pass,D
Luna Taylor,"5617 Highland Terrace, Austin, TX",High School,No,Music,13.7,5.2,70.8,54.5,67.8,52.7,58.63,Pass,D
Charlotte Garcia,"2812 Parkway Blvd, Columbus, OH",None,No,Drama,5.7,8.5,86.8,77.4,80.3,68.9,75.82,Pass,C
Amelia Anderson,"4768 Parkway Blvd, Phoenix, AZ",High School,Yes,Drama,12.4,6.4,92.8,65.2,70.2,68.5,67.91,Pass,D
Harper Miller,"9445 Parkway Blvd, Denver, CO",Bachelor's,No,Debate,15.8,7.1,94.6,73.3,60.2,60.6,64.89,Pass,D
Benjamin Taylor,"2755 Oak Ave, New York, NY",Master's,Yes,Drama,7.5,6.9,84.2,57.4,54.9,48.9,54.0,Pass,D
Olivia Thomas,"9185 Main St, Denver, CO",PhD,Yes,Drama,20.9,6.8,90.8,81.8,83.0,86.4,83.62,Pass,B
Noah Garcia,"7461 Highland Terrace, Miami, FL",High School,No,Sports,16.2,5.9,80.1,78.3,67.9,69.8,72.11,Pass,C
Amelia Anderson,"536 Parkway Blvd, Denver, CO",None,No,Volunteer,6.1,7.5,69.1,45.5,43.9,31.3,40.67,Fail,F
Mia Davis,"1437 Lakeview Dr, New York, NY",High School,Yes,Drama,17.1,6.5,100.0,68.5,73.7,66.5,69.69,Pass,D
Emma Hernandez,"2354 Main St, Seattle, WA",Associate,No,None,14.1,6.9,97.3,67.3,64.6,60.0,64.18,Pass,D
Oliver Thomas,"186 Main St, Boston, MA",None,No,Music,9.5,6.2,94.1,65.1,58.2,56.1,59.99,Pass,D
Oliver Moore,"8747 Parkway Blvd, Columbus, OH",None,No,Music,1.0,7.7,93.8,40.4,46.5,47.9,44.77,Fail,F
Sophia Brown,"4006 Parkway Blvd, Austin, TX",PhD,No,Sports,13.9,5.7,92.9,57.5,49.7,56.6,54.51,Pass,D
Emma Thomas,"8882 Main St, Phoenix, AZ",PhD,Yes,None,9.5,6.3,96.6,55.4,62.4,68.6,61.81,Pass,D
Oliver Martinez,"125 Highland Terrace, New York, NY",Associate,Yes,Volunteer,11.2,7.7,89.3,55.5,53.9,53.8,54.44,Pass,D
Evelyn Garcia,"1502 Highland Terrace, Portland, OR",Associate,Yes,Volunteer,6.7,7.4,60.0,53.1,37.8,44.6,45.17,Fail,F
Luna Taylor,"9179 Main St, Atlanta, GA",Bachelor's,No,Sports,21.2,6.3,85.2,77.7,83.4,65.8,76.12,Pass,C
Henry Lopez,"366 Lakeview Dr, Miami, FL",None,No,Music,6.1,7.1,75.5,53.5,49.0,43.4,48.88,Fail,F
Emma Jackson,"5547 Oak Ave, Columbus, OH",None,No,Volunteer,1.7,6.9,93.8,44.7,65.8,49.6,53.55,Pass,D
William Garcia,"7712 Parkway Blvd, Portland, OR",PhD,Yes,Music,14.3,7.1,96.5,55.0,67.4,61.0,61.14,Pass,D
Noah Anderson,"4907 Oak Ave, Austin, TX",None,Yes,Sports,12.3,8.3,80.5,72.2,76.4,71.8,73.55,Pass,C
William Martinez,"6624 Highland Terrace, Atlanta, GA",Bachelor's,No,Sports,10.4,6.7,95.3,53.6,52.5,56.8,54.18,Pass,D
James Martinez,"883 Lakeview Dr, Denver, CO",Associate,Yes,Drama,6.7,8.4,85.2,65.1,70.0,60.8,65.53,Pass,D
Evelyn Gonzalez,"7304 Parkway Blvd, Columbus, OH",Associate,Yes,Debate,10.3,8.2,94.9,75.9,67.5,66.8,70.2,Pass,C
Harper Lopez,"4469 Main St, Atlanta, GA",PhD,No,Sports,14.6,6.7,88.4,67.6,73.4,56.4,66.26,Pass,D
Evelyn Martin,"9037 Lakeview Dr, Seattle, WA",Associate,Yes,Sports,16.3,4.9,83.8,71.0,79.8,70.9,74.05,Pass,C
William Martinez,"7405 Highland Terrace, Miami, FL",PhD,No,Music,14.0,7.5,93.4,58.5,58.3,55.0,57.38,Pass,D
Lucas Lopez,"793 Lakeview Dr, Boston, MA",Master's,No,Drama,21.5,8.2,81.8,76.6,71.7,59.2,69.65,Pass,D
Olivia Williams,"6755 Lakeview Dr, Portland, OR",Master's,Yes,Sports,14.9,7.3,76.0,60.1,71.2,61.7,64.46,Pass,D
Oliver Martin,"7279 Main St, Portland, OR",High School,Yes,Music,11.1,7.6,82.4,58.0,65.5,54.5,59.6,Pass,D
Mia Lopez,"9393 Main St, New York, NY",Master's,Yes,None,22.8,6.3,75.0,78.5,73.7,72.1,74.88,Pass,C
Lucas Lopez,"7373 Main St, Denver, CO",Master's,Yes,Volunteer,17.5,7.4,96.1,73.3,77.4,82.6,77.49,Pass,C
Mia Gonzalez,"4666 Oak Ave, Denver, CO",None,Yes,None,4.1,6.9,96.1,39.7,58.4,54.1,50.58,Pass,D
Charlotte Thomas,"6440 Highland Terrace, Atlanta, GA",None,No,Drama,9.3,7.7,86.9,54.7,60.9,53.2,56.42,Pass,D
Lucas Miller,"4778 Parkway Blvd, Phoenix, AZ",High School,Yes,Music,12.5,8.1,75.6,61.6,68.3,64.8,64.91,Pass,D
Noah Anderson,"7392 Main St, Seattle, WA",PhD,No,None,15.1,7.0,81.5,74.5,79.5,59.2,71.68,Pass,C
Mia Williams,"8982 Lakeview Dr, Atlanta, GA",Associate,Yes,None,6.7,8.7,94.5,48.1,50.5,55.2,51.1,Pass,D
Charlotte Lopez,"3773 Main St, Atlanta, GA",High School,Yes,Music,6.3,8.0,87.4,62.4,63.3,67.2,64.17,Pass,D
Harper Smith,"9177 Highland Terrace, Denver, CO",Associate,No,Volunteer,13.7,5.2,78.5,48.6,52.7,43.9,48.63,Fail,F
Oliver Martin,"1177 Lakeview Dr, Los Angeles, CA",Bachelor's,No,Volunteer,19.4,8.6,98.1,84.2,80.0,64.7,76.87,Pass,C
Evelyn Wilson,"1308 Oak Ave, Phoenix, AZ",Associate,Yes,Debate,7.6,6.8,100.0,56.6,61.4,61.2,59.68,Pass,D
Lucas Taylor,"2202 Highland Terrace, Denver, CO",PhD,Yes,Music,13.5,6.3,86.9,67.2,71.1,71.5,69.86,Pass,D
Evelyn Taylor,"2134 Highland Terrace, Austin, TX",High School,No,Music,7.2,6.9,70.9,40.9,53.6,46.5,47.05,Fail,F
Charlotte Hernandez,"3794 Lakeview Dr, Columbus, OH",Master's,No,Sports,13.8,7.3,77.5,60.1,43.8,50.5,51.51,Pass,D
Elijah Miller,"9124 Lakeview Dr, Portland, OR",High School,No,Volunteer,12.7,6.2,87.1,59.9,58.1,63.0,60.18,Pass,D
Luna Williams,"2862 Highland Terrace, Atlanta, GA",Master's,Yes,Music,22.6,6.3,84.4,69.3,65.3,64.6,66.52,Pass,D
Camila Martin,"9334 Main St, Denver, CO",None,Yes,Sports,10.0,7.9,69.2,54.1,57.7,64.6,58.48,Pass,D
Theodore Rodriguez,"3553 Highland Terrace, Portland, OR",Bachelor's,Yes,Debate,11.9,4.8,76.1,60.9,63.7,58.4,61.1,Pass,D
Luna Martinez,"5049 Parkway Blvd, Portland, OR",High School,No,Drama,10.3,6.3,82.8,58.1,60.5,48.6,56.07,Pass,D
Lucas Williams,"1081 Oak Ave, Columbus, OH",Bachelor's,No,Debate,12.6,7.7,85.2,71.6,75.7,65.4,71.17,Pass,C
Lucas Miller,"2453 Lakeview Dr, Denver, CO",PhD,No,None,17.4,7.1,73.6,63.0,60.6,55.6,59.96,Pass,D
Mia Gonzalez,"6170 Highland Terrace, Seattle, WA",Master's,Yes,Drama,12.8,7.2,85.9,46.0,57.9,50.3,51.43,Pass,D
Amelia Anderson,"4482 Parkway Blvd, Los Angeles, CA",High School,Yes,Sports,11.7,8.8,78.5,59.1,70.1,69.1,65.97,Pass,D
Olivia Martinez,"6950 Oak Ave, New York, NY",High School,No,Volunteer,15.6,7.3,82.5,63.1,60.6,60.9,61.57,Pass,D
William Miller,"8263 Highland Terrace, Seattle, WA",Bachelor's,No,Drama,6.0,5.3,98.0,64.5,68.1,53.0,62.34,Pass,D
Harper Smith,"6542 Highland Terrace, Los Angeles, CA",Bachelor's,Yes,Music,8.6,6.7,82.9,56.9,61.1,63.1,60.21,Pass,D
Theodore Lopez,"928 Lakeview Dr, Austin, TX",Bachelor's,No,Drama,12.2,6.2,68.2,59.3,62.3,43.4,55.61,Pass,D
Luna Smith,"7160 Oak Ave, Los Angeles, CA",Associate,No,Debate,10.9,6.2,87.8,58.5,55.1,54.0,55.95,Pass,D
Mia Johnson,"938 Highland Terrace, New York, NY",Master's,Yes,Drama,15.0,6.9,80.6,67.5,65.6,64.9,66.06,Pass,D
Luna Martinez,"6429 Highland Terrace, Los Angeles, CA",Bachelor's,No,Volunteer,15.2,7.7,82.0,73.2,80.3,68.4,74.23,Pass,C
Camila Brown,"1684 Parkway Blvd, Seattle, WA",Associate,No,Volunteer,12.8,5.9,69.3,52.4,58.7,61.3,57.29,Pass,D
Mia Jones,"9970 Highland Terrace, Chicago, IL",Bachelor's,Yes,Sports,15.6,5.2,90.0,78.0,76.6,74.0,76.31,Pass,C
Olivia Jones,"5556 Parkway Blvd, Columbus, OH",Master's,No,Music,13.1,7.7,65.2,52.3,58.2,61.8,57.23,Pass,D
Camila Taylor,"5473 Highland Terrace, Seattle, WA",Associate,Yes,Debate,1.0,8.1,82.1,48.2,36.1,48.5,44.04,Fail,F
Camila Martinez,"5611 Highland Terrace, Phoenix, AZ",Master's,No,None,14.6,5.5,100.0,66.3,68.0,67.4,67.26,Pass,D
Theodore Martinez,"372 Lakeview Dr, Boston, MA",Associate,Yes,Debate,12.2,7.3,81.1,59.4,64.6,59.7,61.32,Pass,D
Theodore Martinez,"536 Highland Terrace, Columbus, OH",Bachelor's,No,None,12.9,6.9,96.3,58.0,74.1,58.4,63.75,Pass,D
Theodore Jackson,"941 Highland Terrace, Chicago, IL",Bachelor's,Yes,Volunteer,10.6,4.9,98.7,73.4,64.8,62.9,67.25,Pass,D
Camila Gonzalez,"4068 Main St, Seattle, WA",Master's,Yes,Music,16.1,7.6,90.2,70.7,68.0,66.5,68.5,Pass,D
Liam Anderson,"6961 Oak Ave, Denver, CO",Bachelor's,Yes,Debate,12.2,7.6,96.3,48.0,67.1,65.9,60.06,Pass,D
Benjamin Martin,"1120 Oak Ave, Boston, MA",Master's,Yes,Volunteer,13.4,7.9,96.2,61.4,68.1,61.9,63.91,Pass,D
William Thomas,"6273 Lakeview Dr, Atlanta, GA",High School,No,Volunteer,7.5,8.0,93.6,50.3,53.7,51.5,51.84,Pass,D
William Moore,"4431 Highland Terrace, Denver, CO",Bachelor's,Yes,Music,14.7,7.8,93.0,68.8,66.6,66.0,67.19,Pass,D
Elijah Moore,"3784 Lakeview Dr, Miami, FL",Associate,Yes,None,10.9,6.8,76.2,60.3,61.2,62.3,61.21,Pass,D
Harper Hernandez,"5814 Highland Terrace, Boston, MA",PhD,No,Drama,14.8,7.2,66.1,56.6,51.4,53.8,53.95,Pass,D
Emma Jackson,"8999 Parkway Blvd, Portland, OR",Bachelor's,No,Music,6.6,6.2,77.4,52.3,63.0,52.5,56.1,Pass,D
Sophia Johnson,"1394 Lakeview Dr, Miami, FL",Bachelor's,No,None,5.0,5.8,91.4,50.5,54.6,57.5,54.03,Pass,D
Harper Miller,"8924 Lakeview Dr, Chicago, IL",Master's,No,Music,2.9,8.8,86.8,46.1,44.4,40.1,43.71,Fail,F
Emma Martin,"9714 Oak Ave, Columbus, OH",High School,Yes,None,6.1,7.5,89.8,63.3,74.4,63.1,67.12,Pass,D
Benjamin Davis,"3914 Main St, Portland, OR",None,No,Drama,7.9,6.3,67.3,46.2,46.6,46.1,46.31,Fail,F
Harper Brown,"2352 Main St, Portland, OR",Master's,Yes,Debate,19.5,7.0,85.0,65.7,66.5,69.9,67.22,Pass,D
Harper Thomas,"3367 Lakeview Dr, Portland, OR",Associate,No,None,8.4,5.7,82.0,45.6,48.9,52.9,48.99,Fail,F
Olivia Williams,"9506 Oak Ave, Portland, OR",Master's,Yes,Music,15.8,6.9,93.5,71.9,69.4,70.8,70.69,Pass,C
Evelyn Garcia,"6604 Parkway Blvd, Austin, TX",High School,No,Sports,1.0,8.4,83.7,45.4,49.4,49.2,47.93,Fail,F
Liam Martinez,"9975 Main St, Phoenix, AZ",Associate,No,Debate,11.8,6.7,78.8,63.1,66.4,54.6,61.7,Pass,D
Luna Taylor,"2298 Highland Terrace, Boston, MA",Bachelor's,No,Music,13.0,5.6,91.0,49.5,58.9,51.7,53.45,Pass,D
Emma Hernandez,"7618 Lakeview Dr, Seattle, WA",PhD,Yes,Sports,15.4,8.5,80.5,63.8,63.1,64.9,63.86,Pass,D
William Martinez,"3264 Oak Ave, Phoenix, AZ",Master's,No,Debate,19.2,7.7,84.2,59.4,55.4,62.9,59.06,Pass,D
Benjamin Hernandez,"6667 Main St, Los Angeles, CA",High School,Yes,Debate,6.4,8.1,76.3,47.2,63.2,51.0,53.92,Pass,D
William Davis,"4372 Parkway Blvd, Austin, TX",High School,No,Drama,8.7,6.5,91.0,60.3,63.2,53.4,59.22,Pass,D
William Martinez,"9486 Main St, Phoenix, AZ",Associate,No,None,8.9,6.0,82.7,47.6,60.9,68.7,58.57,Pass,D
Amelia Johnson,"2036 Parkway Blvd, Portland, OR",Associate,Yes,Debate,10.9,7.0,82.4,66.3,58.5,69.2,64.45,Pass,D
Benjamin Martinez,"2023 Lakeview Dr, Columbus, OH",Associate,Yes,Music,13.9,7.0,89.4,72.3,72.2,66.6,70.6,Pass,C
Oliver Thomas,"7554 Highland Terrace, Seattle, WA",Associate,No,None,11.4,5.8,100.0,52.3,62.1,58.6,57.62,Pass,D
Luna Thomas,"3678 Oak Ave, Atlanta, GA",PhD,Yes,Volunteer,17.0,8.5,82.8,61.1,64.0,66.6,63.73,Pass,D
Lucas Taylor,"6027 Main St, Columbus, OH",Master's,Yes,Sports,14.3,7.0,100.0,58.7,52.0,58.3,56.25,Pass,D
Luna Taylor,"9483 Highland Terrace, Chicago, IL",High School,Yes,Drama,8.7,7.6,97.8,50.8,59.9,63.4,57.78,Pass,D
Benjamin Anderson,"3465 Highland Terrace, Los Angeles, CA",Bachelor's,Yes,Volunteer,19.3,6.2,74.8,70.5,73.6,73.7,72.55,Pass,C
Lucas Johnson,"2261 Highland Terrace, Boston, MA",Bachelor's,No,Volunteer,12.7,7.2,81.8,63.2,78.1,53.1,65.37,Pass,D
Olivia Moore,"5149 Main St, Boston, MA",Bachelor's,No,Sports,21.1,6.8,85.1,74.0,72.8,73.8,73.51,Pass,C
James Jackson,"842 Parkway Blvd, Los Angeles, CA",Associate,Yes,Volunteer,17.1,6.7,70.8,50.4,53.9,44.9,50.0,Pass,D
Olivia Williams,"619 Lakeview Dr, Boston, MA",Bachelor's,Yes,Music,21.1,7.2,71.4,71.4,74.1,69.2,71.66,Pass,C
Evelyn Lopez,"7448 Parkway Blvd, New York, NY",Bachelor's,Yes,None,15.0,6.8,100.0,68.2,58.6,61.8,62.92,Pass,D
Luna Jones,"5797 Main St, Portland, OR",High School,No,Volunteer,15.9,6.7,88.6,70.4,63.8,67.2,67.15,Pass,D
Oliver Davis,"472 Lakeview Dr, Austin, TX",Bachelor's,No,Volunteer,11.2,7.3,80.3,62.0,64.5,69.3,65.02,Pass,D
Henry Davis,"7646 Lakeview Dr, Chicago, IL",High School,No,Music,8.6,7.7,78.5,52.2,51.2,57.1,53.31,Pass,D
Emma Johnson,"6968 Highland Terrace, Portland, OR",None,Yes,Music,5.6,8.0,66.3,52.8,61.8,46.5,54.05,Pass,D
Noah Brown,"650 Parkway Blvd, Phoenix, AZ",Master's,Yes,Music,10.2,7.0,92.3,60.3,64.6,69.8,64.64,Pass,D
Olivia Gonzalez,"3939 Highland Terrace, Boston, MA",High School,Yes,Music,12.3,5.4,100.0,73.2,67.0,62.8,67.91,Pass,D
Benjamin Martinez,"9538 Lakeview Dr, Chicago, IL",Master's,No,Music,14.2,6.9,94.2,65.8,51.4,56.0,57.81,Pass,D
Sophia Jones,"8640 Oak Ave, Portland, OR",Bachelor's,No,Drama,14.5,6.6,93.9,45.9,60.3,58.7,54.77,Pass,D
Olivia Moore,"2969 Parkway Blvd, Phoenix, AZ",Master's,No,Sports,19.9,7.7,74.3,79.2,62.0,65.1,68.96,Pass,D
Mia Gonzalez,"5322 Parkway Blvd, Atlanta, GA",Bachelor's,Yes,Drama,12.7,6.5,88.5,56.3,60.5,56.0,57.68,Pass,D
Henry Garcia,"7858 Oak Ave, Atlanta, GA",High School,No,None,12.7,7.7,73.5,55.6,44.5,46.0,48.82,Fail,F
Oliver Anderson,"9314 Parkway Blvd, Austin, TX",Bachelor's,Yes,Debate,9.1,7.5,80.4,66.8,62.9,60.1,63.4,Pass,D
Amelia Rodriguez,"5511 Main St, Chicago, IL",Bachelor's,No,Sports,20.0,7.1,94.8,79.4,78.0,76.9,78.17,Pass,C
Luna Miller,"4498 Parkway Blvd, Austin, TX",PhD,Yes,Sports,21.6,5.5,91.5,84.5,72.3,73.5,76.94,Pass,C
James Jackson,"9256 Oak Ave, Columbus, OH",Bachelor's,Yes,Drama,21.0,7.6,100.0,78.1,80.4,81.0,79.76,Pass,C
Sophia Smith,"3213 Main St, Chicago, IL",PhD,No,Music,23.2,7.5,87.3,79.6,75.8,71.6,75.9,Pass,C
Camila Miller,"4021 Highland Terrace, New York, NY",Associate,No,Debate,8.8,7.4,74.0,54.1,53.6,56.1,54.53,Pass,D
Lucas Moore,"5986 Lakeview Dr, Portland, OR",Associate,No,Volunteer,13.7,6.6,74.1,64.8,65.1,53.9,61.64,Pass,D
Harper Anderson,"7792 Lakeview Dr, Los Angeles, CA",High School,No,Drama,3.9,7.9,81.4,50.6,53.1,47.8,50.65,Pass,D
Evelyn Johnson,"3725 Oak Ave, Phoenix, AZ",None,No,Volunteer,5.4,7.4,92.0,54.9,52.8,41.7,50.24,Pass,D
Theodore Jackson,"6941 Lakeview Dr, Columbus, OH",High School,Yes,Drama,8.1,7.7,76.4,58.0,66.7,63.5,62.7,Pass,D
Amelia Gonzalez,"4126 Parkway Blvd, Phoenix, AZ",Master's,No,Drama,9.5,7.3,97.1,62.0,66.5,52.4,60.69,Pass,D
Harper Thomas,"2856 Lakeview Dr, Boston, MA",High School,Yes,None,5.9,5.5,71.5,57.1,50.2,61.3,55.98,Pass,D
Luna Thomas,"8982 Main St, Seattle, WA",Master's,Yes,Sports,8.2,8.2,73.8,49.0,48.3,53.2,50.03,Pass,D
Olivia Smith,"2352 Oak Ave, New York, NY",None,Yes,Sports,12.5,6.6,99.5,61.0,66.8,70.4,65.83,Pass,D
James Taylor,"6214 Main St, Boston, MA",Master's,No,None,11.2,7.0,88.4,54.8,51.9,51.7,52.88,Pass,D
Harper Smith,"8819 Highland Terrace, Austin, TX",Bachelor's,Yes,Sports,16.6,5.2,95.4,59.7,56.7,62.3,59.42,Pass,D
Benjamin Rodriguez,"4797 Main St, Atlanta, GA",Master's,No,Music,9.2,6.0,75.8,55.5,55.8,47.5,53.2,Pass,D
Emma Brown,"2539 Oak Ave, Atlanta, GA",High School,No,Drama,7.8,8.7,82.3,61.9,50.5,56.9,56.44,Pass,D
Elijah Gonzalez,"6212 Parkway Blvd, Los Angeles, CA",Bachelor's,Yes,None,8.4,8.5,93.2,56.5,59.7,69.6,61.54,Pass,D
Amelia Martinez,"1420 Main St, Portland, OR",None,No,Debate,10.2,7.4,88.4,54.0,67.2,63.3,61.41,Pass,D
Henry Moore,"1019 Main St, Boston, MA",PhD,Yes,Sports,15.8,7.5,69.7,65.2,60.7,65.8,63.81,Pass,D
Harper Wilson,"5527 Highland Terrace, Portland, OR",None,Yes,Music,10.3,7.0,74.8,53.5,56.1,53.8,54.52,Pass,D
James Jackson,"4541 Main St, Boston, MA",None,No,Volunteer,11.3,5.4,80.6,67.0,65.8,47.9,60.89,Pass,D
Theodore Johnson,"5252 Main St, Seattle, WA",High School,Yes,None,8.0,7.3,87.6,58.5,57.7,58.4,58.2,Pass,D
Henry Williams,"2761 Highland Terrace, Miami, FL",High School,No,None,6.7,6.3,84.3,50.8,57.0,44.4,51.07,Pass,D
Luna Hernandez,"2392 Main St, New York, NY",Master's,No,Sports,17.0,7.1,89.7,74.6,72.7,58.3,69.03,Pass,D
Emma Wilson,"1345 Lakeview Dr, Chicago, IL",Master's,No,Drama,18.5,7.0,77.4,77.9,71.8,70.5,73.55,Pass,C
Liam Rodriguez,"8138 Oak Ave, Boston, MA",Associate,No,Debate,7.9,7.3,71.2,69.8,66.3,66.6,67.61,Pass,D
Charlotte Jackson,"6327 Main St, Portland, OR",Master's,No,Music,17.8,8.7,78.9,70.4,55.2,52.2,59.61,Pass,D
Noah Williams,"2626 Parkway Blvd, Miami, FL",PhD,Yes,None,14.5,7.0,84.5,60.1,69.6,64.7,64.82,Pass,D
Henry Hernandez,"1845 Main St, Denver, CO",None,No,Debate,13.8,7.8,72.4,56.8,56.3,56.7,56.6,Pass,D
Mia Rodriguez,"2270 Main St, Los Angeles, CA",High School,No,Debate,12.3,6.7,94.7,62.3,61.0,57.6,60.45,Pass,D
Luna Moore,"6785 Main St, Atlanta, GA",None,Yes,Drama,13.0,5.7,71.5,79.9,79.9,74.9,78.39,Pass,C
Luna Williams,"9898 Lakeview Dr, Phoenix, AZ",Bachelor's,Yes,Drama,12.5,7.1,88.3,49.8,60.4,58.1,55.98,Pass,D
Evelyn Gonzalez,"9267 Oak Ave, Los Angeles, CA",Master's,Yes,None,25.0,6.7,88.7,86.9,81.6,79.0,82.68,Pass,B
Henry Garcia,"4505 Lakeview Dr, Seattle, WA",Associate,No,Music,19.2,7.5,73.7,68.6,73.9,59.0,67.57,Pass,D
Noah Garcia,"4621 Parkway Blvd, New York, NY",Associate,No,Sports,9.8,7.9,94.8,50.9,59.2,52.3,54.26,Pass,D
Mia Rodriguez,"8223 Highland Terrace, Chicago, IL",Master's,Yes,Debate,14.1,9.4,81.9,58.2,49.0,54.7,53.93,Pass,D
Emma Jones,"210 Parkway Blvd, Miami, FL",Associate,No,Drama,19.4,5.1,69.1,84.3,74.6,59.9,73.58,Pass,C
Lucas Hernandez,"9838 Oak Ave, New York, NY",Associate,No,Volunteer,1.0,7.3,85.0,52.3,46.6,48.8,49.28,Fail,F
James Thomas,"3010 Parkway Blvd, Denver, CO",Associate,No,None,12.0,6.6,76.0,48.7,57.1,54.5,53.39,Pass,D
Harper Jackson,"5439 Parkway Blvd, Chicago, IL",Associate,No,Drama,11.2,6.7,70.5,55.2,68.7,45.2,56.92,Pass,D
Emma Jackson,"9803 Highland Terrace, Chicago, IL",High School,Yes,None,14.0,8.8,87.8,75.2,75.5,71.2,74.08,Pass,C
Lucas Miller,"4873 Main St, Boston, MA",Bachelor's,No,Music,17.4,5.7,78.7,74.2,69.9,65.7,70.12,Pass,C
Sophia Davis,"2625 Parkway Blvd, Miami, FL",Bachelor's,Yes,Debate,11.2,7.1,84.6,71.3,56.7,63.6,63.9,Pass,D
Camila Thomas,"6666 Highland Terrace, Phoenix, AZ",Master's,No,Volunteer,19.8,5.1,80.1,76.1,67.9,58.3,67.88,Pass,D
Olivia Lopez,"8896 Highland Terrace, Columbus, OH",PhD,Yes,Sports,15.3,4.8,79.0,65.4,66.7,63.9,65.4,Pass,D
Amelia Lopez,"825 Highland Terrace, Seattle, WA",PhD,No,Drama,15.2,7.6,84.9,62.3,55.0,55.5,57.68,Pass,D
Evelyn Brown,"1715 Lakeview Dr, Austin, TX",High School,Yes,Debate,15.8,7.8,92.0,71.3,77.8,72.0,73.8,Pass,C
Mia Gonzalez,"9743 Highland Terrace, Boston, MA",High School,No,Sports,15.6,6.6,92.0,60.3,64.0,61.1,61.85,Pass,D
Harper Brown,"6915 Main St, Miami, FL",None,Yes,Drama,9.2,8.1,100.0,62.0,68.0,59.5,63.34,Pass,D
Sophia Hernandez,"3489 Highland Terrace, Boston, MA",Bachelor's,No,Debate,20.2,6.2,82.8,72.0,67.9,62.4,67.73,Pass,D
Emma Anderson,"7512 Lakeview Dr, Columbus, OH",None,No,Sports,2.4,7.9,85.2,39.8,55.5,48.3,47.87,Fail,F
Emma Smith,"1891 Oak Ave, Denver, CO",PhD,Yes,Volunteer,13.4,5.9,93.5,75.4,72.5,73.3,73.75,Pass,C
Charlotte Moore,"5522 Highland Terrace, Seattle, WA",Bachelor's,No,Music,9.4,6.1,91.0,53.6,46.2,55.2,51.46,Pass,D
Henry Garcia,"7180 Parkway Blvd, Seattle, WA",None,Yes,Debate,10.2,6.3,91.3,55.1,55.0,53.8,54.67,Pass,D
Theodore Wilson,"172 Oak Ave, New York, NY",High School,No,None,2.1,5.4,88.5,41.3,43.3,47.1,43.76,Fail,F
Noah Jackson,"8896 Oak Ave, Los Angeles, CA",Associate,No,Music,9.7,7.3,92.3,58.8,61.2,47.8,56.35,Pass,D
Lucas Brown,"8119 Highland Terrace, Miami, FL",PhD,No,Volunteer,18.4,6.8,74.8,73.0,70.7,65.5,69.94,Pass,D
Henry Martin,"9717 Main St, New York, NY",Associate,No,Debate,15.3,7.6,71.9,78.6,72.9,68.3,73.51,Pass,C
Camila Garcia,"4973 Highland Terrace, Portland, OR",Master's,Yes,None,19.1,8.0,87.5,84.9,83.0,77.1,81.91,Pass,B
Oliver Hernandez,"4008 Lakeview Dr, Los Angeles, CA",None,Yes,Drama,4.7,7.5,100.0,55.5,67.9,55.8,59.91,Pass,D
Oliver Taylor,"6952 Highland Terrace, New York, NY",High School,No,Debate,13.5,7.1,79.1,75.7,63.2,54.3,64.9,Pass,D
Charlotte Thomas,"8904 Oak Ave, Portland, OR",Master's,Yes,Debate,22.9,8.0,85.0,92.9,79.9,77.1,83.59,Pass,B
Sophia Jones,"5254 Parkway Blvd, Seattle, WA",Master's,Yes,Drama,21.7,6.1,90.6,94.1,79.5,77.3,83.92,Pass,B
Liam Thomas,"3296 Parkway Blvd, Seattle, WA",Master's,No,Debate,21.2,7.4,93.5,80.9,77.1,73.1,77.24,Pass,C
Harper Wilson,"7372 Parkway Blvd, Columbus, OH",High School,Yes,Volunteer,8.8,5.8,87.4,43.5,42.2,56.9,47.07,Fail,F
Liam Davis,"635 Lakeview Dr, Miami, FL",High School,No,Music,8.1,6.9,83.5,62.1,67.1,56.0,61.99,Pass,D
Lucas Jackson,"8215 Highland Terrace, Columbus, OH",Master's,Yes,Volunteer,17.5,6.2,91.3,68.2,59.9,65.6,64.49,Pass,D
Emma Rodriguez,"6110 Highland Terrace, Atlanta, GA",None,No,Volunteer,7.9,6.5,89.5,59.6,61.7,54.2,58.73,Pass,D
James Wilson,"4155 Lakeview Dr, Los Angeles, CA",None,No,Drama,1.8,6.7,80.1,42.4,45.9,44.2,44.18,Fail,F
Mia Williams,"2023 Oak Ave, Boston, MA",High School,No,None,13.5,5.8,78.5,59.6,62.3,56.9,59.74,Pass,D
Camila Wilson,"2381 Oak Ave, Seattle, WA",High School,Yes,Volunteer,4.8,7.2,80.4,47.7,44.5,47.9,46.63,Fail,F
Mia Moore,"9878 Highland Terrace, Miami, FL",High School,No,None,9.9,7.6,76.5,41.6,49.6,49.7,46.83,Fail,F
Sophia Martinez,"4480 Highland Terrace, Phoenix, AZ",PhD,Yes,Music,25.0,6.0,88.5,81.8,70.3,76.5,76.2,Pass,C
Evelyn Johnson,"2178 Oak Ave, Miami, FL",High School,Yes,None,13.7,6.9,79.5,54.2,66.0,56.7,59.06,Pass,D
William Davis,"6534 Parkway Blvd, Portland, OR",High School,No,None,13.3,7.4,89.8,76.8,65.7,66.6,69.85,Pass,D
Evelyn Gonzalez,"1337 Main St, Boston, MA",Bachelor's,No,None,12.8,6.9,70.9,73.0,70.4,57.1,67.31,Pass,D
Mia Anderson,"5462 Highland Terrace, Boston, MA",None,Yes,None,6.5,6.1,68.0,62.9,55.2,54.5,57.68,Pass,D
Lucas Lopez,"8856 Parkway Blvd, Los Angeles, CA",High School,No,Music,17.6,9.2,100.0,69.8,71.8,58.2,67.03,Pass,D
Harper Rodriguez,"4746 Lakeview Dr, Denver, CO",Master's,Yes,Volunteer,10.3,5.9,87.2,64.8,64.9,64.6,64.77,Pass,D
Harper Hernandez,"893 Main St, Portland, OR",None,No,Sports,5.8,5.9,93.3,51.2,59.2,48.3,53.14,Pass,D
Emma Garcia,"7579 Main St, Boston, MA",Bachelor's,Yes,None,12.1,7.2,96.8,56.5,62.8,56.9,58.82,Pass,D
Oliver Martinez,"4589 Main St, Seattle, WA",PhD,No,Drama,17.6,6.2,81.9,68.5,74.4,70.9,71.29,Pass,C
Noah Lopez,"2811 Main St, Portland, OR",Bachelor's,No,None,14.8,6.4,64.1,57.1,51.5,46.0,51.8,Pass,D
Amelia Wilson,"1594 Main St, Portland, OR",None,Yes,Debate,9.2,4.8,83.1,41.8,50.7,57.9,49.75,Fail,F
Noah Jones,"3805 Highland Terrace, Phoenix, AZ",PhD,No,Sports,14.0,8.4,79.7,44.5,48.2,45.8,46.18,Fail,F
Liam Hernandez,"7019 Oak Ave, Los Angeles, CA",Bachelor's,Yes,Music,16.1,7.5,87.2,74.4,43.9,65.8,61.12,Pass,D
Henry Williams,"1778 Main St, Columbus, OH",Associate,No,Drama,12.1,6.6,84.5,56.6,61.6,48.1,55.81,Pass,D
Oliver Gonzalez,"2440 Main St, Seattle, WA",Master's,Yes,Volunteer,13.3,6.5,73.7,71.5,62.3,65.1,66.36,Pass,D
Charlotte Anderson,"3590 Oak Ave, Denver, CO",Bachelor's,No,Music,16.0,8.8,91.9,63.2,67.2,60.3,63.7,Pass,D
Noah Brown,"2117 Highland Terrace, Seattle, WA",PhD,No,Drama,13.1,6.8,92.5,71.6,73.1,67.5,70.89,Pass,C
Evelyn Hernandez,"4159 Lakeview Dr, Seattle, WA",PhD,Yes,Music,16.9,8.0,100.0,74.9,68.3,66.4,70.03,Pass,C
Luna Martin,"4768 Main St, Phoenix, AZ",PhD,No,Music,19.5,6.4,99.7,79.8,71.9,71.3,74.46,Pass,C
Benjamin Martin,"3190 Parkway Blvd, Atlanta, GA",Associate,Yes,Music,9.1,6.8,91.4,65.6,60.1,66.0,63.76,Pass,D
Harper Gonzalez,"4049 Parkway Blvd, Los Angeles, CA",PhD,Yes,Volunteer,15.3,8.2,68.7,48.6,45.9,54.5,49.4,Fail,F
Liam Lopez,"2262 Parkway Blvd, Denver, CO",Master's,No,Drama,22.0,6.8,94.3,77.8,64.7,61.4,68.32,Pass,D
Luna Garcia,"1295 Main St, Boston, MA",Master's,Yes,Sports,12.9,8.2,74.4,55.3,58.2,54.1,55.94,Pass,D
Elijah Miller,"1090 Parkway Blvd, Austin, TX",Master's,No,None,16.1,6.9,65.9,45.5,60.8,51.7,52.72,Pass,D
Benjamin Wilson,"6690 Main St, New York, NY",PhD,Yes,Drama,21.1,7.5,76.5,74.5,72.4,75.4,74.01,Pass,C
Noah Martinez,"8477 Oak Ave, Los Angeles, CA",High School,No,Debate,11.2,6.0,68.5,60.2,61.4,48.8,57.2,Pass,D
Theodore Williams,"7267 Oak Ave, Miami, FL",None,Yes,Sports,14.1,7.1,91.0,78.7,75.3,77.1,77.05,Pass,C
Evelyn Brown,"1001 Lakeview Dr, Boston, MA",PhD,Yes,Sports,11.0,6.8,88.3,52.2,58.6,61.1,57.12,Pass,D
Liam Jones,"285 Oak Ave, Columbus, OH",Bachelor's,No,Volunteer,15.2,7.5,71.6,66.8,78.9,62.4,69.7,Pass,D
Benjamin Rodriguez,"6192 Oak Ave, Seattle, WA",PhD,No,None,21.3,5.6,72.1,68.9,74.2,54.4,66.42,Pass,D
Emma Smith,"7134 Lakeview Dr, Denver, CO",Master's,Yes,Drama,13.2,8.2,90.5,44.6,45.4,57.9,48.86,Fail,F
Theodore Williams,"7557 Highland Terrace, Boston, MA",Associate,Yes,Debate,9.4,7.4,86.9,43.8,48.0,39.2,43.88,Fail,F
Theodore Garcia,"2677 Lakeview Dr, Denver, CO",None,Yes,Music,9.8,7.1,75.2,54.0,50.9,54.8,53.16,Pass,D
Benjamin Smith,"301 Oak Ave, Austin, TX",None,No,Drama,7.2,7.2,91.1,46.3,52.7,53.2,50.62,Pass,D
Henry Jones,"679 Highland Terrace, Seattle, WA",PhD,No,Music,20.6,7.4,81.6,67.0,52.0,51.9,57.2,Pass,D
William Davis,"5341 Lakeview Dr, New York, NY",None,No,Sports,4.9,6.1,100.0,48.8,56.1,47.1,50.84,Pass,D
Benjamin Johnson,"3756 Highland Terrace, Seattle, WA",None,No,Sports,9.3,6.9,81.7,51.2,47.6,53.1,50.51,Pass,D
Lucas Martinez,"5462 Main St, Miami, FL",Master's,No,Sports,15.1,7.7,87.3,70.2,84.9,69.7,75.21,Pass,C
Mia Miller,"9337 Lakeview Dr, Miami, FL",PhD,Yes,Debate,13.1,7.8,100.0,78.2,77.6,73.7,76.63,Pass,C
Mia Jackson,"3301 Highland Terrace, Boston, MA",High School,Yes,Sports,10.6,5.9,65.3,61.2,63.8,59.8,61.66,Pass,D
Evelyn Smith,"8972 Lakeview Dr, Chicago, IL",PhD,Yes,Drama,8.2,5.2,86.4,66.7,64.3,66.2,65.71,Pass,D
Liam Gonzalez,"5138 Main St, Columbus, OH",High School,Yes,Debate,15.1,7.6,95.4,61.9,65.7,60.8,62.92,Pass,D
Harper Johnson,"4684 Main St, Seattle, WA",None,Yes,Volunteer,14.6,6.3,95.7,74.0,66.1,74.5,71.39,Pass,C
Evelyn Lopez,"1491 Highland Terrace, Boston, MA",None,Yes,None,1.0,6.7,73.4,43.4,42.2,51.5,45.4,Fail,F
Henry Williams,"9403 Main St, Phoenix, AZ",Bachelor's,Yes,Music,12.2,8.0,77.4,69.6,59.1,58.0,62.46,Pass,D
Sophia Rodriguez,"6538 Lakeview Dr, Denver, CO",Associate,No,Drama,9.6,7.7,83.6,50.5,67.9,56.7,58.46,Pass,D
Amelia Williams,"2330 Highland Terrace, Chicago, IL",None,Yes,Sports,7.6,5.3,84.6,59.4,54.1,57.9,57.08,Pass,D
Charlotte Anderson,"5245 Parkway Blvd, Boston, MA",None,No,Music,3.9,6.7,89.7,59.8,48.2,54.1,54.03,Pass,D
Lucas Martinez,"4441 Main St, Boston, MA",None,Yes,None,9.7,6.3,89.7,51.4,55.9,53.9,53.73,Pass,D
Sophia Martin,"3622 Lakeview Dr, Austin, TX",High School,Yes,None,8.5,6.6,60.0,50.6,48.1,48.6,49.16,Fail,F
Amelia Lopez,"8512 Main St, New York, NY",PhD,No,Drama,21.3,6.4,88.1,78.5,72.0,64.3,71.96,Pass,C
Charlotte Smith,"7508 Highland Terrace, New York, NY",PhD,Yes,Sports,9.0,7.2,81.1,48.3,48.1,47.9,48.1,Fail,F
Lucas Brown,"2089 Main St, Seattle, WA",None,Yes,Music,2.7,6.0,92.8,48.5,48.8,55.3,50.65,Pass,D
James Gonzalez,"1476 Highland Terrace, Denver, CO",Master's,No,Sports,17.1,7.5,94.8,70.9,74.4,65.5,70.48,Pass,C
Liam Williams,"7365 Oak Ave, Chicago, IL",None,No,Sports,3.2,7.9,93.9,66.7,59.3,60.4,62.24,Pass,D
Olivia Anderson,"2852 Highland Terrace, Austin, TX",Bachelor's,No,Debate,10.5,5.1,69.6,73.0,60.3,59.3,64.45,Pass,D
Liam Gonzalez,"7090 Oak Ave, Portland, OR",Associate,Yes,Music,11.7,7.2,89.3,70.5,60.3,61.6,64.24,Pass,D
Elijah Rodriguez,"2535 Main St, Boston, MA",Master's,Yes,None,18.3,7.5,94.0,73.6,61.0,75.9,69.85,Pass,D
Sophia Thomas,"9122 Parkway Blvd, New York, NY",None,Yes,Drama,10.9,5.3,100.0,68.9,69.6,75.9,71.26,Pass,C
Henry Jones,"3367 Highland Terrace, New York, NY",High School,Yes,Debate,13.0,7.7,98.7,60.4,55.1,58.2,57.87,Pass,D
Mia Thomas,"8040 Lakeview Dr, Atlanta, GA",Master's,No,Debate,18.1,6.6,84.6,67.5,71.0,78.2,71.93,Pass,C
Elijah Garcia,"5324 Highland Terrace, Austin, TX",High School,Yes,Drama,10.8,5.7,95.1,54.4,59.7,58.1,57.35,Pass,D
Olivia Thomas,"5956 Highland Terrace, Atlanta, GA",High School,Yes,Sports,3.3,6.8,95.6,71.2,73.3,65.7,70.29,Pass,C
Amelia Davis,"8843 Main St, Miami, FL",High School,No,Drama,2.6,7.3,91.0,52.6,58.5,52.2,54.57,Pass,D
Charlotte Garcia,"9807 Lakeview Dr, Chicago, IL",PhD,No,Volunteer,12.5,8.2,77.9,68.4,60.1,56.2,61.84,Pass,D
Liam Lopez,"9334 Oak Ave, Phoenix, AZ",Master's,Yes,Debate,19.7,8.9,91.7,64.0,65.2,68.8,65.88,Pass,D
Luna Martinez,"8135 Main St, Seattle, WA",None,Yes,Music,7.1,7.9,76.3,59.4,52.9,64.2,58.59,Pass,D
Camila Davis,"8725 Parkway Blvd, Austin, TX",None,No,Volunteer,8.5,7.6,85.8,58.7,64.9,48.3,57.72,Pass,D
James Jones,"3007 Lakeview Dr, Denver, CO",None,Yes,Music,1.8,6.7,100.0,52.8,55.2,58.8,55.45,Pass,D
Theodore Jones,"8722 Lakeview Dr, Los Angeles, CA",None,No,None,1.0,7.3,97.8,49.5,54.8,64.6,55.89,Pass,D
Henry Jackson,"5614 Lakeview Dr, Los Angeles, CA",Associate,Yes,Music,6.4,7.3,96.4,44.5,53.2,50.4,49.31,Fail,F
Evelyn Thomas,"5298 Oak Ave, Portland, OR",PhD,No,Music,20.2,7.4,90.3,89.8,79.5,65.9,79.03,Pass,C
Theodore Garcia,"5126 Lakeview Dr, New York, NY",High School,Yes,None,18.3,6.6,74.9,73.3,69.2,62.4,68.57,Pass,D
Liam Jackson,"9397 Main St, New York, NY",High School,No,Volunteer,19.3,6.1,87.0,71.3,78.9,75.4,75.2,Pass,C
Amelia Jackson,"8229 Oak Ave, Los Angeles, CA",Associate,Yes,Music,11.0,5.9,79.1,65.3,66.4,53.6,62.19,Pass,D
Mia Hernandez,"1553 Lakeview Dr, Seattle, WA",Bachelor's,Yes,Drama,15.3,5.7,99.0,71.5,77.9,79.2,76.02,Pass,C
James Davis,"1210 Lakeview Dr, Columbus, OH",Associate,Yes,None,13.8,6.0,82.6,80.2,69.2,79.3,76.07,Pass,C
Liam Johnson,"7279 Parkway Blvd, New York, NY",High School,No,Debate,16.4,6.9,91.8,64.6,65.2,64.3,64.7,Pass,D
Henry Lopez,"6249 Main St, Atlanta, GA",Bachelor's,Yes,Music,10.6,7.1,83.3,48.4,62.3,55.6,55.44,Pass,D
Lucas Williams,"4931 Main St, Austin, TX",Associate,No,Sports,4.3,5.6,67.1,35.3,50.7,36.0,40.93,Fail,F
Noah Hernandez,"6251 Oak Ave, Seattle, WA",PhD,Yes,Volunteer,17.6,6.9,86.3,64.8,77.0,77.8,72.97,Pass,C
Noah Hernandez,"8009 Main St, Phoenix, AZ",Bachelor's,Yes,Volunteer,8.9,6.0,82.2,48.2,43.5,61.3,50.5,Pass,D
Evelyn Garcia,"1759 Lakeview Dr, Austin, TX",High School,Yes,Debate,10.9,8.1,95.3,65.7,65.9,69.7,66.95,Pass,D
Luna Moore,"4712 Lakeview Dr, Miami, FL",High School,Yes,Sports,10.6,6.2,69.2,60.5,60.8,69.6,63.31,Pass,D
Henry Jackson,"8143 Oak Ave, Atlanta, GA",None,No,Sports,10.0,9.3,99.9,50.7,57.1,56.1,54.57,Pass,D
Evelyn Williams,"9933 Parkway Blvd, Miami, FL",High School,Yes,Sports,9.6,4.5,89.4,62.9,61.7,60.7,61.79,Pass,D
James Garcia,"4881 Main St, Portland, OR",Bachelor's,Yes,Drama,10.3,9.0,81.0,65.8,68.1,67.6,67.13,Pass,D
Henry Thomas,"4441 Main St, Boston, MA",PhD,No,Music,16.8,6.5,72.1,67.7,68.9,63.9,66.95,Pass,D
Mia Gonzalez,"3156 Parkway Blvd, Denver, CO",None,No,Debate,1.0,7.3,95.6,56.1,55.8,56.6,56.14,Pass,D
Lucas Rodriguez,"4500 Highland Terrace, Chicago, IL",None,Yes,None,13.4,6.9,90.2,78.3,71.9,69.9,73.53,Pass,C
Emma Williams,"5732 Highland Terrace, Portland, OR",Bachelor's,Yes,Volunteer,7.8,7.1,87.9,44.6,50.4,60.9,51.55,Pass,D
Olivia Gonzalez,"6958 Highland Terrace, Atlanta, GA",PhD,No,Volunteer,11.4,6.2,83.9,62.2,62.8,56.8,60.79,Pass,D
Amelia Thomas,"1393 Parkway Blvd, Miami, FL",PhD,Yes,Volunteer,15.5,4.1,79.4,67.8,62.3,56.3,62.45,Pass,D
Theodore Taylor,"2515 Main St, Phoenix, AZ",Bachelor's,Yes,Music,8.3,8.9,100.0,59.4,66.2,63.8,63.08,Pass,D
James Miller,"799 Parkway Blvd, Seattle, WA",None,No,Music,6.4,6.5,86.3,43.7,46.7,45.3,45.24,Fail,F
Oliver Martin,"5338 Main St, Miami, FL",None,No,Volunteer,3.8,5.7,77.8,52.4,39.8,52.6,48.04,Fail,F
Henry Moore,"4625 Highland Terrace, Denver, CO",Bachelor's,Yes,None,11.8,6.6,60.0,63.7,58.4,58.0,60.12,Pass,D
Camila Jackson,"6974 Main St, Atlanta, GA",Bachelor's,Yes,Music,15.7,5.4,75.8,72.2,71.8,72.3,72.09,Pass,C
Theodore Jackson,"1741 Main St, Phoenix, AZ",Master's,Yes,Drama,17.0,7.8,100.0,68.1,67.3,67.4,67.61,Pass,D
Luna Lopez,"4427 Parkway Blvd, New York, NY",PhD,No,Volunteer,13.5,7.1,85.5,67.9,63.8,65.6,65.75,Pass,D
Camila Thomas,"2921 Lakeview Dr, Austin, TX",Bachelor's,Yes,Volunteer,15.0,8.2,79.7,59.7,72.1,54.4,62.44,Pass,D
Camila Gonzalez,"6584 Lakeview Dr, Austin, TX",PhD,Yes,Sports,17.9,7.4,77.0,77.3,58.3,70.0,68.43,Pass,D
Harper Rodriguez,"431 Lakeview Dr, Denver, CO",Associate,No,Drama,7.1,6.4,100.0,35.9,43.6,55.8,44.55,Fail,F
Harper Brown,"2301 Lakeview Dr, Chicago, IL",PhD,No,Drama,11.8,8.9,100.0,52.2,48.0,63.5,54.11,Pass,D
Elijah Wilson,"1562 Oak Ave, Phoenix, AZ",Bachelor's,Yes,Debate,15.7,7.0,76.9,73.7,75.3,77.7,75.47,Pass,C
Harper Taylor,"1020 Highland Terrace, Denver, CO",High School,Yes,Drama,5.7,7.3,98.8,63.0,70.1,58.2,64.06,Pass,D
Benjamin Gonzalez,"8689 Highland Terrace, Seattle, WA",None,Yes,Music,5.9,7.3,69.3,61.0,41.0,50.8,50.95,Pass,D
James Johnson,"641 Parkway Blvd, Chicago, IL",None,No,None,8.5,5.7,83.9,60.5,57.2,45.1,54.73,Pass,D
James Rodriguez,"7705 Highland Terrace, Denver, CO",Bachelor's,Yes,None,16.8,7.2,85.5,80.9,75.9,76.9,77.93,Pass,C
Liam Davis,"8108 Highland Terrace, Denver, CO",Bachelor's,Yes,Debate,18.2,7.2,88.2,62.9,69.6,63.7,65.48,Pass,D
Theodore Moore,"5740 Oak Ave, Denver, CO",Associate,Yes,Drama,7.7,9.1,74.3,55.3,59.6,45.6,53.9,Pass,D
Liam Gonzalez,"2769 Highland Terrace, Austin, TX",High School,Yes,None,4.8,6.1,78.0,55.5,49.7,58.4,54.35,Pass,D
Amelia Miller,"6809 Highland Terrace, Miami, FL",None,Yes,Debate,17.2,8.3,70.2,75.2,63.0,70.5,69.52,Pass,D
Oliver Garcia,"238 Oak Ave, Phoenix, AZ",Associate,No,None,10.1,6.3,76.8,68.8,59.3,58.0,62.24,Pass,D
Elijah Wilson,"5813 Parkway Blvd, New York, NY",Associate,Yes,Debate,7.9,5.7,95.8,50.2,54.8,58.1,54.19,Pass,D
Sophia Taylor,"6606 Highland Terrace, Phoenix, AZ",None,Yes,Volunteer,9.6,7.7,91.9,52.8,58.0,66.8,58.81,Pass,D
Mia Moore,"9828 Highland Terrace, Portland, OR",Associate,No,None,5.5,5.0,88.5,57.6,69.6,50.8,59.76,Pass,D
Emma Thomas,"5609 Lakeview Dr, Los Angeles, CA",PhD,No,Drama,19.1,6.4,69.6,66.5,58.1,54.5,59.94,Pass,D
Elijah Martinez,"2556 Highland Terrace, Chicago, IL",High School,Yes,Volunteer,11.7,6.7,87.7,67.4,65.8,68.1,67.05,Pass,D
Henry Hernandez,"2392 Main St, Portland, OR",PhD,No,Drama,15.3,7.0,75.1,56.9,54.5,56.4,55.91,Pass,D
Elijah Wilson,"6461 Main St, New York, NY",Master's,Yes,Drama,18.1,7.4,80.7,73.4,71.4,63.7,69.78,Pass,D
Amelia Moore,"7894 Lakeview Dr, Portland, OR",Master's,No,Music,16.5,4.9,85.1,69.4,79.0,60.4,70.04,Pass,C
Luna Garcia,"1699 Parkway Blvd, Miami, FL",High School,No,None,11.5,8.2,88.1,50.2,61.1,57.1,56.09,Pass,D
Luna Garcia,"5599 Main St, Portland, OR",High School,No,Music,11.4,7.9,95.3,55.5,66.7,58.5,60.32,Pass,D
Sophia Wilson,"6189 Lakeview Dr, Denver, CO",Master's,No,Debate,15.3,8.2,83.5,65.7,60.1,58.2,61.46,Pass,D
Emma Thomas,"9661 Highland Terrace, Austin, TX",Master's,Yes,Debate,19.9,6.1,91.0,87.6,75.1,78.9,80.59,Pass,B
James Taylor,"6353 Highland Terrace, Los Angeles, CA",Associate,No,Sports,13.1,8.2,93.4,68.8,68.6,58.4,65.58,Pass,D
Oliver Jones,"5714 Parkway Blvd, Chicago, IL",Master's,No,Music,16.3,6.8,94.3,71.3,73.0,57.0,67.59,Pass,D
William Garcia,"8088 Lakeview Dr, Los Angeles, CA",PhD,Yes,Drama,15.4,6.5,88.1,68.5,63.6,62.8,65.09,Pass,D
Olivia Smith,"4581 Oak Ave, Boston, MA",High School,Yes,Debate,4.7,4.9,87.8,47.1,44.2,65.3,51.57,Pass,D
Noah Jones,"7205 Parkway Blvd, Phoenix, AZ",Bachelor's,No,Debate,12.3,8.0,83.9,83.6,67.4,58.4,70.35,Pass,C
Henry Smith,"8845 Oak Ave, Austin, TX",PhD,No,Sports,18.3,8.1,90.0,61.8,55.2,66.3,60.82,Pass,D
William Taylor,"393 Main St, Chicago, IL",PhD,Yes,Music,7.9,7.8,86.5,49.6,49.9,53.8,50.96,Pass,D
Mia Martinez,"1782 Parkway Blvd, Seattle, WA",Master's,No,Music,9.6,7.5,77.9,55.4,55.6,45.8,52.59,Pass,D
Noah Johnson,"4864 Parkway Blvd, Miami, FL",PhD,No,Debate,7.3,8.4,86.8,45.8,52.4,53.7,50.49,Pass,D
Oliver Hernandez,"5985 Oak Ave, Boston, MA",High School,No,Sports,8.2,5.0,78.1,62.0,73.1,58.2,64.72,Pass,D
Amelia Davis,"2249 Oak Ave, Columbus, OH",PhD,Yes,Volunteer,17.3,6.2,84.9,72.9,69.0,67.2,69.82,Pass,D
Benjamin Garcia,"6106 Main St, Los Angeles, CA",Bachelor's,No,Volunteer,18.2,6.4,91.6,70.8,62.4,56.9,63.71,Pass,D
Camila Johnson,"885 Main St, Phoenix, AZ",PhD,Yes,Sports,8.9,5.2,89.7,46.6,44.2,56.5,48.73,Fail,F
Emma Wilson,"6330 Main St, Boston, MA",Master's,No,Debate,13.7,5.8,74.6,62.9,57.4,56.5,59.04,Pass,D
Oliver Miller,"252 Lakeview Dr, Columbus, OH",Bachelor's,Yes,None,13.7,7.6,98.0,58.8,63.0,62.4,61.35,Pass,D
Benjamin Rodriguez,"2347 Parkway Blvd, Phoenix, AZ",None,Yes,Drama,6.7,7.2,83.4,47.8,49.8,49.3,48.96,Fail,F
Emma Brown,"3354 Highland Terrace, Boston, MA",High School,No,Volunteer,5.1,6.1,86.6,44.0,44.4,33.6,41.0,Fail,F
James Lopez,"6813 Lakeview Dr, Columbus, OH",High School,Yes,Volunteer,13.2,7.4,75.1,60.5,65.1,56.9,61.03,Pass,D
Harper Miller,"7975 Lakeview Dr, Columbus, OH",High School,Yes,Sports,8.5,6.6,83.8,38.8,44.3,51.4,44.51,Fail,F
Noah Brown,"8195 Oak Ave, Phoenix, AZ",None,Yes,None,8.7,8.2,78.3,48.6,58.2,62.4,56.12,Pass,D
Emma Rodriguez,"3887 Parkway Blvd, Portland, OR",Associate,No,Debate,10.2,8.0,79.7,53.0,56.2,53.8,54.35,Pass,D
Olivia Brown,"746 Lakeview Dr, Seattle, WA",Associate,No,Debate,12.5,6.7,75.3,64.2,63.7,65.1,64.3,Pass,D
Emma Brown,"258 Oak Ave, Austin, TX",PhD,Yes,Drama,22.4,8.1,93.3,67.8,67.3,61.6,65.73,Pass,D
Mia Anderson,"4495 Main St, Phoenix, AZ",Associate,No,Music,13.0,5.9,98.0,60.1,62.2,52.5,58.54,Pass,D
Emma Gonzalez,"7579 Lakeview Dr, New York, NY",Bachelor's,No,Debate,10.1,6.5,83.0,57.4,62.4,56.1,58.75,Pass,D
Charlotte Brown,"1060 Oak Ave, Seattle, WA",None,No,Volunteer,5.1,8.7,88.2,49.7,56.9,42.4,50.05,Pass,D
Harper Jackson,"7278 Oak Ave, Portland, OR",Master's,No,Drama,10.6,6.3,70.2,62.9,62.0,53.1,59.63,Pass,D
Camila Smith,"2240 Parkway Blvd, Portland, OR",Bachelor's,Yes,Debate,12.2,7.2,88.0,43.5,49.0,55.9,49.15,Fail,F
Lucas Johnson,"4386 Lakeview Dr, Los Angeles, CA",None,Yes,None,1.0,7.1,83.4,51.6,54.7,55.8,53.98,Pass,D
William Taylor,"1660 Parkway Blvd, Atlanta, GA",PhD,Yes,Debate,8.4,8.0,81.1,56.9,55.1,55.7,55.92,Pass,D
Mia Gonzalez,"9247 Highland Terrace, Seattle, WA",None,Yes,None,5.8,8.7,83.7,49.0,64.2,55.5,56.26,Pass,D
Charlotte Taylor,"8223 Oak Ave, Boston, MA",None,No,Drama,2.4,6.3,90.9,48.6,60.6,60.1,56.27,Pass,D
Amelia Hernandez,"924 Highland Terrace, Miami, FL",High School,No,Debate,4.0,6.9,84.1,46.5,51.5,44.6,47.69,Fail,F
Amelia Williams,"7377 Highland Terrace, Boston, MA",Bachelor's,Yes,Debate,13.9,5.4,81.5,73.0,72.5,76.0,73.72,Pass,C
Lucas Hernandez,"8248 Main St, Los Angeles, CA",None,No,Debate,3.3,7.7,86.7,58.7,58.8,54.7,57.54,Pass,D
Olivia Moore,"102 Main St, Atlanta, GA",Master's,No,Volunteer,16.6,5.7,97.5,68.9,66.7,67.5,67.73,Pass,D
Luna Miller,"7574 Lakeview Dr, Portland, OR",Associate,Yes,Music,8.6,6.6,61.1,63.1,61.7,59.1,61.4,Pass,D
Lucas Hernandez,"9929 Parkway Blvd, Atlanta, GA",PhD,No,None,10.9,6.2,90.2,69.6,62.8,53.3,62.31,Pass,D
Lucas Brown,"3733 Main St, Los Angeles, CA",Associate,No,None,10.6,8.1,82.6,55.7,52.1,61.6,56.22,Pass,D
Sophia Moore,"6225 Main St, Atlanta, GA",None,Yes,Debate,11.1,7.4,78.9,60.2,49.9,69.5,59.41,Pass,D
Oliver Wilson,"4266 Highland Terrace, Los Angeles, CA",High School,Yes,Sports,8.4,7.3,74.0,61.6,64.1,61.9,62.56,Pass,D
Henry Miller,"3222 Lakeview Dr, Boston, MA",None,No,Sports,13.8,6.0,90.7,74.7,76.5,78.5,76.45,Pass,C
Theodore Brown,"7593 Highland Terrace, Boston, MA",Master's,Yes,Debate,16.0,7.6,64.2,53.3,64.1,50.8,56.33,Pass,D
Liam Taylor,"895 Highland Terrace, Columbus, OH",Bachelor's,No,Volunteer,11.1,7.8,65.2,35.3,45.7,32.2,37.98,Fail,F
Charlotte Jackson,"2203 Main St, Seattle, WA",Bachelor's,No,Volunteer,19.6,6.1,88.6,71.0,69.8,66.6,69.26,Pass,D
Henry Wilson,"4167 Lakeview Dr, Phoenix, AZ",Bachelor's,No,Drama,15.4,6.4,60.0,50.4,54.4,46.8,50.74,Pass,D
Lucas Jones,"6862 Highland Terrace, Seattle, WA",PhD,No,None,12.1,6.9,87.0,50.2,51.4,54.8,51.98,Pass,D
Luna Hernandez,"9169 Oak Ave, Columbus, OH",High School,Yes,Volunteer,9.6,5.6,100.0,48.1,63.4,58.4,56.55,Pass,D
Sophia Lopez,"2273 Oak Ave, Portland, OR",Master's,No,None,11.9,8.6,82.4,62.4,63.3,47.6,58.25,Pass,D
Emma Lopez,"7970 Highland Terrace, Atlanta, GA",Master's,No,None,3.6,8.0,76.9,42.5,41.6,40.9,41.72,Fail,F
Luna Martinez,"309 Highland Terrace, New York, NY",None,Yes,Debate,8.8,5.4,92.7,55.1,60.3,55.9,57.17,Pass,D
Oliver Johnson,"1027 Oak Ave, Portland, OR",Associate,Yes,Drama,22.3,7.4,84.0,76.7,78.8,77.4,77.65,Pass,C
Elijah Jones,"4935 Oak Ave, Austin, TX",Master's,Yes,Drama,10.9,8.5,87.1,63.2,66.9,61.2,63.89,Pass,D
Lucas Brown,"9305 Oak Ave, Phoenix, AZ",PhD,No,Music,17.1,7.3,75.5,66.3,66.7,63.6,65.65,Pass,D
Benjamin Martinez,"869 Parkway Blvd, Columbus, OH",Bachelor's,No,None,8.2,7.6,95.5,55.7,53.9,57.0,55.47,Pass,D
William Moore,"312 Lakeview Dr, Austin, TX",High School,No,Music,10.5,5.0,81.4,53.3,54.7,55.5,54.46,Pass,D
Mia Jackson,"9985 Oak Ave, Atlanta, GA",PhD,Yes,Drama,22.7,8.3,65.9,67.9,69.8,64.2,67.49,Pass,D
Lucas Garcia,"1320 Oak Ave, Portland, OR",High School,Yes,Debate,8.5,8.4,74.0,59.7,62.6,66.5,62.76,Pass,D
Olivia Wilson,"9219 Lakeview Dr, Miami, FL",High School,Yes,Volunteer,12.4,6.9,79.1,54.6,46.9,52.1,51.15,Pass,D
Elijah Smith,"7740 Oak Ave, Denver, CO",None,Yes,Drama,11.5,7.2,84.4,66.8,75.8,66.4,69.86,Pass,D
Camila Johnson,"5034 Parkway Blvd, Portland, OR",Master's,No,Sports,19.6,8.6,77.2,64.6,78.3,61.4,68.45,Pass,D
William Taylor,"3112 Highland Terrace, Chicago, IL",None,Yes,Debate,1.0,6.0,80.5,39.1,45.2,53.3,45.49,Fail,F
Luna Moore,"1606 Lakeview Dr, New York, NY",High School,Yes,None,11.2,6.1,74.0,67.9,55.6,67.2,63.36,Pass,D
William Hernandez,"4909 Oak Ave, Denver, CO",Master's,No,Volunteer,15.0,8.3,95.7,65.6,64.5,61.8,64.12,Pass,D
Liam Brown,"5768 Parkway Blvd, Portland, OR",High School,Yes,Sports,13.6,7.6,85.0,73.6,67.5,66.7,69.36,Pass,D
William Gonzalez,"6422 Lakeview Dr, Los Angeles, CA",Master's,No,Sports,4.5,6.9,88.9,38.8,45.7,43.5,42.63,Fail,F
Benjamin Lopez,"8435 Parkway Blvd, Atlanta, GA",Bachelor's,Yes,Drama,13.3,8.0,77.5,67.2,70.8,63.8,67.44,Pass,D
James Hernandez,"1449 Main St, Atlanta, GA",High School,Yes,None,10.3,7.5,85.1,53.3,46.6,55.3,51.55,Pass,D
Noah Miller,"3592 Parkway Blvd, Portland, OR",None,Yes,Volunteer,6.8,8.0,82.5,53.9,51.9,58.8,54.68,Pass,D
Evelyn Williams,"2619 Main St, Columbus, OH",Bachelor's,No,Sports,9.1,7.5,83.2,53.4,56.4,60.5,56.58,Pass,D
Noah Williams,"3016 Lakeview Dr, Austin, TX",Master's,Yes,Volunteer,16.1,6.2,79.9,61.2,60.9,64.8,62.16,Pass,D
Amelia Rodriguez,"6457 Parkway Blvd, New York, NY",PhD,No,Debate,13.1,6.9,80.8,77.9,77.4,73.9,76.53,Pass,C
William Smith,"2038 Highland Terrace, New York, NY",None,Yes,None,1.0,8.1,80.0,21.1,17.6,41.4,25.99,Fail,F
Theodore Johnson,"1289 Lakeview Dr, Columbus, OH",Master's,Yes,Drama,10.6,6.0,75.1,59.0,55.9,61.2,58.58,Pass,D
Sophia Martin,"4712 Parkway Blvd, Los Angeles, CA",Bachelor's,No,None,9.6,6.7,73.7,35.3,42.8,29.1,36.04,Fail,F
Liam Thomas,"8840 Oak Ave, Seattle, WA",High School,No,Volunteer,12.2,6.5,100.0,66.2,56.9,50.0,58.11,Pass,D
Sophia Jones,"6213 Main St, Miami, FL",Master's,Yes,Sports,15.0,5.6,96.8,75.5,82.6,74.4,77.65,Pass,C
Olivia Smith,"9875 Parkway Blvd, Phoenix, AZ",Master's,Yes,Drama,15.0,8.4,69.3,61.0,65.5,53.8,60.42,Pass,D
James Lopez,"6860 Highland Terrace, Chicago, IL",High School,Yes,Music,15.7,8.5,81.5,58.4,49.0,63.9,56.76,Pass,D
Amelia Martin,"3283 Main St, Miami, FL",High School,Yes,Volunteer,12.8,5.5,85.3,59.5,70.1,62.7,64.18,Pass,D
Lucas Moore,"4862 Main St, Los Angeles, CA",Associate,Yes,Music,15.3,7.2,87.1,60.6,67.0,70.9,65.89,Pass,D
Theodore Thomas,"5951 Oak Ave, Denver, CO",PhD,Yes,Sports,21.7,6.1,84.1,75.3,66.6,71.5,71.12,Pass,C
Sophia Martin,"3270 Lakeview Dr, Los Angeles, CA",Bachelor's,No,Drama,12.8,7.3,89.9,51.4,56.4,62.6,56.52,Pass,D
Camila Martinez,"9671 Oak Ave, Columbus, OH",Master's,No,Drama,12.9,5.9,71.4,48.7,58.0,50.2,52.45,Pass,D
Evelyn Garcia,"5231 Oak Ave, Austin, TX",High School,No,Drama,9.7,9.1,88.6,45.0,59.8,56.3,53.58,Pass,D
Mia Jones,"5532 Parkway Blvd, Portland, OR",Bachelor's,No,Drama,13.8,7.2,80.4,65.7,61.0,56.5,61.29,Pass,D
Sophia Thomas,"1883 Oak Ave, Atlanta, GA",PhD,Yes,Drama,10.1,8.2,82.9,47.5,50.9,58.1,51.88,Pass,D
Oliver Moore,"4412 Main St, Chicago, IL",PhD,Yes,Sports,12.8,5.6,80.8,50.6,59.2,50.6,53.61,Pass,D
Benjamin Smith,"9584 Parkway Blvd, Phoenix, AZ",Master's,Yes,Sports,12.5,6.8,92.3,51.3,54.7,48.8,51.71,Pass,D
Luna Rodriguez,"8942 Parkway Blvd, Atlanta, GA",PhD,Yes,Drama,17.5,8.0,80.9,65.8,75.9,69.3,70.38,Pass,C
Henry Davis,"4867 Oak Ave, Phoenix, AZ",Bachelor's,Yes,Debate,12.9,8.2,83.9,54.8,56.7,66.3,58.88,Pass,D
Mia Taylor,"4013 Highland Terrace, Austin, TX",PhD,Yes,Volunteer,19.6,6.6,100.0,75.2,65.2,75.2,71.7,Pass,C
Oliver Anderson,"3035 Highland Terrace, Seattle, WA",Master's,Yes,None,16.9,5.3,78.5,70.8,56.8,64.3,63.92,Pass,D
Harper Lopez,"3685 Parkway Blvd, Austin, TX",High School,Yes,Drama,10.8,8.0,100.0,64.5,69.7,69.3,67.76,Pass,D
Mia Davis,"3487 Highland Terrace, Austin, TX",Associate,No,Debate,7.2,5.0,79.4,43.5,43.8,35.1,41.07,Fail,F
Lucas Johnson,"5409 Main St, Austin, TX",PhD,No,None,18.9,6.7,87.3,77.1,76.3,67.9,74.06,Pass,C
Elijah Jackson,"9441 Oak Ave, Atlanta, GA",Bachelor's,No,Drama,14.1,6.4,97.0,72.1,59.6,59.1,63.83,Pass,D
Theodore Williams,"4221 Parkway Blvd, Atlanta, GA",High School,No,Drama,10.9,6.5,67.6,46.4,52.6,52.6,50.42,Pass,D
Mia Thomas,"9999 Main St, Boston, MA",Master's,Yes,Debate,5.5,7.3,100.0,54.3,62.3,63.8,59.93,Pass,D
Charlotte Davis,"8530 Lakeview Dr, Los Angeles, CA",High School,Yes,Music,10.8,6.6,78.9,50.5,47.5,56.7,51.33,Pass,D
Charlotte Lopez,"2038 Oak Ave, Phoenix, AZ",Bachelor's,No,None,15.1,7.3,93.2,68.1,75.1,58.4,67.62,Pass,D
Emma Thomas,"7944 Parkway Blvd, Portland, OR",High School,Yes,None,6.1,7.9,95.8,51.4,57.3,50.9,53.32,Pass,D
Evelyn Smith,"806 Oak Ave, Chicago, IL",Master's,Yes,Music,14.5,6.9,93.5,66.6,71.6,73.0,70.26,Pass,C
Benjamin Johnson,"2506 Main St, Phoenix, AZ",High School,No,Music,9.8,4.5,74.4,52.5,55.3,49.9,52.71,Pass,D
Benjamin Gonzalez,"9334 Main St, Phoenix, AZ",PhD,No,Sports,14.6,8.4,62.8,43.3,53.8,48.9,48.66,Fail,F
James Anderson,"7823 Parkway Blvd, Phoenix, AZ",High School,Yes,Debate,5.5,6.2,88.5,47.0,46.9,43.6,45.93,Fail,F
Camila Jones,"3079 Highland Terrace, Phoenix, AZ",PhD,No,Music,16.9,6.4,79.4,57.3,58.6,48.8,55.23,Pass,D
William Anderson,"9776 Main St, Phoenix, AZ",High School,No,Debate,12.0,7.2,71.4,59.0,59.6,41.7,54.03,Pass,D
Oliver Brown,"3415 Highland Terrace, Austin, TX",Master's,No,Music,11.5,7.5,86.0,63.3,54.2,50.9,56.42,Pass,D
Camila Brown,"7896 Highland Terrace, Seattle, WA",Master's,Yes,Volunteer,16.2,7.3,97.7,70.9,70.1,67.4,69.57,Pass,D
Benjamin Brown,"8001 Oak Ave, Los Angeles, CA",Master's,Yes,None,19.8,7.8,100.0,85.4,75.8,71.5,77.85,Pass,C
Evelyn Taylor,"6168 Main St, New York, NY",PhD,No,Music,17.7,7.4,86.1,76.4,80.2,73.3,76.83,Pass,C
Harper Gonzalez,"9750 Highland Terrace, Denver, CO",None,No,Music,11.4,6.5,90.1,68.2,58.5,65.6,64.02,Pass,D
Elijah Thomas,"1473 Lakeview Dr, Chicago, IL",Master's,No,Drama,16.1,7.6,76.5,58.2,49.4,55.3,54.25,Pass,D
James Smith,"216 Highland Terrace, Columbus, OH",Master's,Yes,Volunteer,18.5,7.4,85.0,62.5,63.1,63.6,63.05,Pass,D
Liam Gonzalez,"3465 Lakeview Dr, Portland, OR",Bachelor's,No,Sports,19.7,8.1,76.9,65.2,68.1,61.4,65.06,Pass,D
Oliver Wilson,"9690 Lakeview Dr, Portland, OR",Associate,No,Volunteer,4.7,6.8,89.1,44.6,49.2,46.1,46.68,Fail,F
Mia Martin,"6611 Oak Ave, Miami, FL",Bachelor's,No,Music,12.7,8.1,73.1,60.7,58.8,56.2,58.7,Pass,D
Mia Moore,"8025 Lakeview Dr, Atlanta, GA",Associate,No,None,9.3,7.3,88.4,47.7,51.4,56.6,51.68,Pass,D
Henry Jones,"2051 Oak Ave, Portland, OR",Bachelor's,Yes,Sports,21.3,8.1,96.8,73.3,82.6,76.8,77.61,Pass,C
James Taylor,"5644 Highland Terrace, New York, NY",Master's,Yes,Music,15.7,7.5,94.5,60.7,68.8,62.8,64.19,Pass,D
Henry Smith,"2481 Parkway Blvd, Los Angeles, CA",Master's,No,Sports,13.8,7.8,82.8,59.3,74.3,50.0,61.76,Pass,D
Noah Rodriguez,"6175 Main St, Chicago, IL",Master's,Yes,None,16.5,6.9,90.8,65.0,67.0,64.4,65.51,Pass,D
Henry Gonzalez,"8636 Lakeview Dr, Phoenix, AZ",PhD,Yes,Music,19.4,6.0,93.7,81.7,79.5,73.2,78.41,Pass,C
Harper Anderson,"3404 Highland Terrace, Austin, TX",Associate,Yes,Sports,8.8,5.9,91.6,68.3,57.2,63.5,62.99,Pass,D
Camila Taylor,"3895 Highland Terrace, Atlanta, GA",High School,Yes,Drama,7.7,5.8,93.5,68.3,63.5,60.9,64.37,Pass,D
Amelia Smith,"1522 Lakeview Dr, Seattle, WA",Bachelor's,No,None,16.2,6.3,79.2,63.3,57.6,67.2,62.48,Pass,D
Henry Gonzalez,"3381 Highland Terrace, Phoenix, AZ",None,Yes,Sports,11.3,6.0,87.1,57.0,61.9,58.5,59.14,Pass,D
Luna Martinez,"9260 Highland Terrace, Columbus, OH",Associate,No,Drama,15.1,6.5,94.2,69.2,71.7,69.2,70.1,Pass,C
Amelia Martin,"7550 Parkway Blvd, Chicago, IL",Master's,Yes,Drama,6.3,7.2,84.9,54.3,64.5,60.9,59.86,Pass,D
Charlotte Wilson,"1844 Highland Terrace, Atlanta, GA",None,No,Drama,7.1,8.6,94.4,70.0,60.6,59.6,63.57,Pass,D
Emma Taylor,"8913 Highland Terrace, Miami, FL",Associate,No,Debate,13.0,6.2,91.9,62.1,52.3,65.7,59.75,Pass,D
Theodore Thomas,"5665 Parkway Blvd, Chicago, IL",PhD,No,Volunteer,16.2,8.1,81.9,49.5,62.8,57.5,56.52,Pass,D
Liam Thomas,"4324 Main St, Los Angeles, CA",Bachelor's,Yes,None,19.9,7.8,76.1,70.1,72.5,61.9,68.49,Pass,D
Amelia Hernandez,"5885 Highland Terrace, New York, NY",Master's,Yes,None,19.4,5.5,89.3,65.8,69.1,71.6,68.69,Pass,D
Elijah Davis,"1623 Parkway Blvd, Miami, FL",PhD,No,Sports,4.3,5.8,90.2,36.4,35.5,51.9,40.75,Fail,F
Luna Garcia,"5242 Lakeview Dr, Boston, MA",High School,No,Music,9.1,7.6,98.9,68.3,55.4,58.7,60.9,Pass,D
James Thomas,"3371 Oak Ave, Columbus, OH",PhD,Yes,Drama,15.1,7.6,82.5,55.7,58.1,60.6,58.0,Pass,D
James Davis,"4191 Highland Terrace, Chicago, IL",Associate,Yes,Sports,9.7,7.2,75.6,64.6,76.9,65.2,69.11,Pass,D
Emma Williams,"8171 Highland Terrace, Portland, OR",None,Yes,Debate,6.1,6.8,92.2,47.0,61.3,51.4,53.35,Pass,D
Mia Martin,"8166 Highland Terrace, Denver, CO",Associate,No,Music,13.6,7.5,68.7,55.1,63.8,49.1,56.34,Pass,D
Benjamin Rodriguez,"3738 Highland Terrace, New York, NY",High School,Yes,Volunteer,14.4,7.3,93.6,69.4,68.0,77.5,71.31,Pass,C
Evelyn Thomas,"633 Highland Terrace, Atlanta, GA",Associate,No,None,6.9,6.2,91.7,45.7,45.7,48.3,46.47,Fail,F
Charlotte Anderson,"8590 Parkway Blvd, Los Angeles, CA",Associate,Yes,Sports,12.0,7.5,94.5,61.4,62.5,67.0,63.47,Pass,D
James Gonzalez,"1750 Lakeview Dr, Phoenix, AZ",Associate,No,Music,11.5,6.0,80.3,59.7,70.9,63.7,64.82,Pass,D
Luna Rodriguez,"4513 Parkway Blvd, Chicago, IL",Master's,No,Drama,14.5,6.5,99.1,75.8,71.4,63.3,70.5,Pass,C
Charlotte Thomas,"3549 Parkway Blvd, New York, NY",PhD,No,Drama,17.6,7.1,88.6,73.5,84.8,72.3,77.11,Pass,C
Henry Rodriguez,"3047 Highland Terrace, Boston, MA",High School,Yes,Sports,10.4,7.5,95.1,65.2,65.1,66.3,65.49,Pass,D
Elijah Davis,"7181 Parkway Blvd, Atlanta, GA",High School,Yes,None,10.8,8.6,80.1,39.4,34.1,44.9,39.16,Fail,F
Oliver Thomas,"2993 Parkway Blvd, Austin, TX",Bachelor's,Yes,None,14.9,8.0,87.9,55.7,59.7,54.2,56.67,Pass,D
Benjamin Moore,"5272 Parkway Blvd, Columbus, OH",Associate,No,Volunteer,13.1,7.0,90.0,69.9,76.4,61.3,69.59,Pass,D
Theodore Johnson,"1721 Oak Ave, New York, NY",None,Yes,Drama,3.7,7.1,76.3,53.1,49.0,50.5,50.89,Pass,D
Harper Brown,"5583 Lakeview Dr, Boston, MA",Associate,No,Volunteer,8.9,5.5,87.9,60.8,52.9,56.5,56.75,Pass,D
Luna Rodriguez,"424 Parkway Blvd, Denver, CO",None,No,None,10.7,7.4,91.7,47.8,55.4,46.1,49.91,Fail,F
Camila Miller,"9535 Highland Terrace, Phoenix, AZ",High School,No,Drama,14.1,7.0,93.0,59.4,67.9,60.5,62.69,Pass,D
William Taylor,"7422 Main St, Boston, MA",Bachelor's,No,Debate,16.1,8.2,84.8,47.7,36.7,52.0,45.17,Fail,F
Oliver Garcia,"5627 Parkway Blvd, Portland, OR",PhD,No,Sports,9.2,9.8,75.2,55.1,61.3,49.4,55.55,Pass,D
Noah Garcia,"3839 Lakeview Dr, Denver, CO",Associate,No,None,10.3,6.6,82.3,44.8,47.7,44.4,45.71,Fail,F
Elijah Martin,"6579 Lakeview Dr, Portland, OR",Bachelor's,No,None,14.9,4.9,65.5,57.6,55.3,48.1,53.95,Pass,D
Theodore Taylor,"6882 Oak Ave, Boston, MA",High School,Yes,Music,7.2,5.4,82.4,41.2,50.1,57.2,49.11,Fail,F
Amelia Rodriguez,"1411 Oak Ave, Columbus, OH",High School,No,Sports,13.0,7.7,65.9,52.2,57.1,49.2,53.0,Pass,D
Emma Williams,"9085 Main St, Boston, MA",None,No,Volunteer,4.5,6.7,91.3,58.1,61.2,53.1,57.71,Pass,D
Noah Brown,"2644 Main St, Miami, FL",PhD,No,Drama,15.7,7.1,87.4,71.0,71.3,56.2,66.65,Pass,D
Amelia Davis,"4755 Parkway Blvd, Columbus, OH",PhD,Yes,Music,11.3,7.6,90.9,56.7,67.9,64.6,62.99,Pass,D
Benjamin Garcia,"675 Lakeview Dr, Austin, TX",Associate,No,Debate,16.4,6.2,78.5,62.1,64.2,55.3,60.8,Pass,D
Luna Rodriguez,"7388 Oak Ave, Atlanta, GA",PhD,Yes,Volunteer,18.1,6.5,63.2,70.0,72.9,53.7,66.15,Pass,D
Camila Anderson,"9340 Parkway Blvd, Portland, OR",Master's,No,Drama,17.1,8.2,86.5,96.0,87.8,78.8,87.97,Pass,B
Harper Moore,"1567 Parkway Blvd, Chicago, IL",Associate,No,Debate,10.4,6.2,80.2,55.0,52.6,54.2,53.95,Pass,D
Elijah Jones,"272 Main St, Miami, FL",Master's,Yes,Drama,15.8,7.1,84.6,53.9,71.4,64.9,63.28,Pass,D
Sophia Thomas,"236 Parkway Blvd, Atlanta, GA",Bachelor's,No,Sports,13.9,6.0,78.9,48.5,57.1,48.1,51.41,Pass,D
Evelyn Martinez,"3888 Main St, Phoenix, AZ",Master's,No,Music,19.0,6.1,98.7,82.4,82.4,70.1,78.71,Pass,C
Evelyn Moore,"6567 Oak Ave, New York, NY",High School,No,Debate,16.4,7.6,87.3,59.4,56.8,55.8,57.41,Pass,D
Amelia Rodriguez,"7017 Oak Ave, Los Angeles, CA",Master's,No,Drama,10.7,5.3,84.9,52.8,62.7,58.2,57.87,Pass,D
Luna Rodriguez,"3180 Main St, New York, NY",High School,Yes,Drama,5.9,6.6,74.7,50.7,54.1,48.6,51.26,Pass,D
Emma Anderson,"7518 Lakeview Dr, Phoenix, AZ",PhD,No,Music,17.1,6.5,76.8,66.7,62.9,55.2,61.9,Pass,D
William Smith,"913 Highland Terrace, Seattle, WA",None,Yes,Sports,8.8,6.6,95.6,57.5,59.4,64.6,60.29,Pass,D
Sophia Rodriguez,"7283 Main St, Seattle, WA",High School,Yes,Music,12.3,7.4,99.1,63.7,65.2,69.2,65.85,Pass,D
Liam Thomas,"5701 Parkway Blvd, Chicago, IL",Associate,No,Drama,10.4,4.8,96.0,60.8,60.4,50.6,57.58,Pass,D
Lucas Johnson,"1414 Oak Ave, Denver, CO",None,No,Debate,8.0,8.0,97.3,53.7,66.1,58.1,59.39,Pass,D
Noah Moore,"3075 Oak Ave, Boston, MA",Associate,No,Sports,8.1,8.0,100.0,54.9,54.5,56.0,55.12,Pass,D
Emma Davis,"7357 Oak Ave, New York, NY",PhD,Yes,Music,17.0,7.8,97.5,78.4,75.0,65.7,73.4,Pass,C
Lucas Brown,"3515 Parkway Blvd, Atlanta, GA",Bachelor's,No,Drama,17.2,7.5,84.5,66.0,61.5,60.6,62.79,Pass,D
Charlotte Johnson,"9104 Highland Terrace, Columbus, OH",None,No,Debate,5.4,6.1,82.6,58.0,53.5,58.3,56.54,Pass,D
Sophia Miller,"953 Oak Ave, Denver, CO",None,Yes,None,7.7,4.9,74.9,54.3,56.2,68.4,59.22,Pass,D
Evelyn Hernandez,"2842 Lakeview Dr, Austin, TX",Master's,Yes,Debate,16.6,5.8,62.8,68.5,63.7,59.7,64.18,Pass,D
Amelia Smith,"9620 Parkway Blvd, Austin, TX",PhD,Yes,Drama,22.5,7.1,82.8,80.7,89.1,63.9,78.62,Pass,C
Noah Davis,"8290 Main St, Seattle, WA",PhD,No,None,15.5,6.3,90.7,71.3,75.0,80.9,75.46,Pass,C
Olivia Johnson,"2621 Highland Terrace, Denver, CO",None,Yes,Debate,4.6,6.5,80.8,44.9,54.9,60.6,53.14,Pass,D
Amelia Hernandez,"5790 Parkway Blvd, Atlanta, GA",PhD,Yes,Sports,20.2,6.3,89.9,65.9,73.0,69.6,69.51,Pass,D
Henry Lopez,"2307 Lakeview Dr, Columbus, OH",None,No,None,7.0,6.5,85.8,43.3,66.2,53.1,54.23,Pass,D
Lucas Moore,"8992 Parkway Blvd, Miami, FL",High School,Yes,Volunteer,9.8,6.8,77.6,50.6,70.9,53.2,58.47,Pass,D
Mia Hernandez,"7774 Lakeview Dr, Columbus, OH",Master's,Yes,Sports,13.2,7.0,97.9,53.1,66.4,66.1,61.66,Pass,D
Benjamin Jones,"4944 Lakeview Dr, Boston, MA",Master's,No,Debate,17.9,9.2,100.0,72.6,83.8,71.7,76.24,Pass,C
Liam Taylor,"3139 Main St, New York, NY",Master's,No,Volunteer,8.2,6.2,83.3,62.1,65.1,44.6,57.9,Pass,D
Amelia Hernandez,"1137 Highland Terrace, Columbus, OH",Bachelor's,Yes,Volunteer,17.5,7.7,83.1,70.5,69.3,65.5,68.58,Pass,D
Harper Moore,"4738 Lakeview Dr, Seattle, WA",Bachelor's,No,Sports,8.5,7.0,92.1,49.2,49.8,48.6,49.25,Fail,F
Emma Taylor,"1192 Main St, Portland, OR",High School,Yes,Sports,8.7,7.7,71.6,58.6,60.7,67.4,61.97,Pass,D
James Brown,"3239 Main St, Boston, MA",None,No,None,9.2,6.8,73.2,57.3,47.4,51.5,52.1,Pass,D
Harper Taylor,"9771 Lakeview Dr, Phoenix, AZ",None,No,Music,8.2,7.3,95.4,65.3,55.3,57.4,59.43,Pass,D
Camila Williams,"3519 Parkway Blvd, Austin, TX",None,No,None,3.7,9.3,94.6,50.9,57.1,52.4,53.54,Pass,D
Olivia Lopez,"6914 Lakeview Dr, Atlanta, GA",PhD,Yes,Volunteer,8.7,5.6,77.9,58.9,51.1,51.7,53.99,Pass,D
Elijah Taylor,"1253 Lakeview Dr, Austin, TX",None,Yes,Volunteer,3.5,7.1,77.3,57.2,57.4,56.5,57.05,Pass,D
Emma Brown,"3884 Highland Terrace, Columbus, OH",Bachelor's,Yes,Music,14.6,6.0,87.0,66.0,60.4,66.0,64.02,Pass,D
Benjamin Davis,"3031 Highland Terrace, Phoenix, AZ",PhD,No,None,25.0,5.6,84.6,76.9,76.9,76.1,76.63,Pass,C
Emma Jackson,"7615 Parkway Blvd, Denver, CO",None,Yes,Music,1.7,5.6,93.2,41.4,46.5,51.1,46.1,Fail,F
Luna Gonzalez,"5629 Oak Ave, Atlanta, GA",Master's,No,Drama,12.3,7.0,82.3,65.7,65.9,61.7,64.59,Pass,D
William Moore,"6190 Parkway Blvd, Denver, CO",PhD,No,None,17.6,5.4,89.5,75.6,76.9,71.4,74.79,Pass,C
William Martin,"9326 Highland Terrace, Chicago, IL",High School,No,Volunteer,7.4,7.5,79.3,53.9,48.5,52.1,51.45,Pass,D
Elijah Lopez,"7431 Parkway Blvd, Boston, MA",None,Yes,Drama,7.5,7.7,82.9,56.2,67.8,53.2,59.36,Pass,D
Camila Smith,"2313 Lakeview Dr, Atlanta, GA",None,No,Music,5.9,7.0,76.3,53.9,69.8,49.7,58.21,Pass,D
James Hernandez,"4621 Highland Terrace, Austin, TX",Master's,Yes,Sports,16.1,6.9,64.3,56.3,58.6,59.7,58.09,Pass,D
Olivia Anderson,"2657 Oak Ave, Denver, CO",Associate,No,Volunteer,10.4,5.9,77.3,55.6,48.4,48.8,51.03,Pass,D
Amelia Davis,"5020 Main St, Miami, FL",Master's,No,Volunteer,17.2,5.7,100.0,56.6,65.0,62.3,61.25,Pass,D
James Williams,"5419 Parkway Blvd, Columbus, OH",High School,No,None,8.2,7.4,83.0,61.4,48.1,51.8,53.88,Pass,D
Theodore Brown,"5021 Main St, Phoenix, AZ",PhD,No,Sports,12.3,6.4,100.0,65.6,69.9,59.8,65.35,Pass,D
Olivia Hernandez,"7215 Parkway Blvd, Denver, CO",None,Yes,None,6.3,6.7,95.3,39.2,50.9,49.4,46.35,Fail,F
Camila Smith,"6366 Main St, Portland, OR",Associate,Yes,Drama,11.6,9.4,92.7,63.0,65.8,59.1,62.82,Pass,D
Luna Jackson,"5454 Highland Terrace, Seattle, WA",PhD,Yes,Music,16.2,5.9,86.1,60.6,62.9,63.8,62.32,Pass,D
Olivia Gonzalez,"9850 Highland Terrace, Boston, MA",Master's,Yes,Music,16.2,6.5,79.9,63.3,77.3,67.0,69.3,Pass,D
Evelyn Martinez,"2525 Oak Ave, New York, NY",Associate,Yes,Debate,7.3,5.9,100.0,53.4,60.5,63.8,59.0,Pass,D
Theodore Johnson,"6640 Lakeview Dr, Atlanta, GA",None,No,Volunteer,15.2,5.9,90.1,71.3,74.1,76.4,73.81,Pass,C
Evelyn Jones,"7979 Highland Terrace, Seattle, WA",High School,No,Debate,14.8,7.8,86.8,56.7,52.9,57.8,55.69,Pass,D
Theodore Miller,"8689 Oak Ave, Atlanta, GA",High School,Yes,Drama,13.9,6.4,84.9,59.9,71.9,68.9,66.82,Pass,D
Evelyn Hernandez,"9537 Main St, Portland, OR",None,No,Debate,5.8,5.5,80.3,41.0,41.6,43.0,41.82,Fail,F
Mia Lopez,"5354 Lakeview Dr, Chicago, IL",Master's,Yes,Drama,8.5,8.3,100.0,50.4,58.1,61.8,56.51,Pass,D
Charlotte Lopez,"7345 Highland Terrace, Phoenix, AZ",High School,No,Sports,6.7,6.5,95.9,55.7,68.8,66.8,63.64,Pass,D
Amelia Miller,"6224 Oak Ave, Portland, OR",PhD,Yes,Sports,11.2,6.6,92.0,80.6,70.6,68.6,73.53,Pass,C
Olivia Davis,"2519 Lakeview Dr, Phoenix, AZ",None,No,None,8.3,7.7,78.6,54.7,54.0,56.0,54.82,Pass,D
Emma Martinez,"7819 Main St, Boston, MA",Associate,Yes,None,6.1,6.4,98.6,62.0,68.4,64.4,64.94,Pass,D
Luna Miller,"9052 Highland Terrace, Chicago, IL",Associate,No,Volunteer,7.3,6.8,98.2,48.1,54.2,53.0,51.69,Pass,D
Oliver Smith,"9651 Highland Terrace, New York, NY",None,No,Music,7.2,7.9,81.9,57.6,55.5,57.9,56.92,Pass,D
Olivia Martinez,"4544 Main St, Chicago, IL",Bachelor's,Yes,Sports,9.6,6.0,77.4,53.7,62.3,52.7,56.41,Pass,D
Henry Rodriguez,"6001 Main St, Portland, OR",None,No,None,5.4,5.5,82.4,50.6,53.2,53.1,52.26,Pass,D
Henry Davis,"8431 Main St, New York, NY",Associate,No,Volunteer,6.2,7.2,95.8,56.8,58.7,52.9,56.29,Pass,D
Luna Williams,"3358 Highland Terrace, Seattle, WA",Bachelor's,Yes,Sports,14.9,6.5,67.5,61.9,63.4,66.6,63.82,Pass,D
Amelia Taylor,"5565 Parkway Blvd, Miami, FL",Bachelor's,Yes,Sports,11.0,6.2,79.9,52.1,58.4,50.7,53.9,Pass,D
Mia Lopez,"5053 Oak Ave, Denver, CO",Master's,No,Sports,8.2,6.7,79.4,65.1,56.9,42.4,55.42,Pass,D
Elijah Gonzalez,"9192 Lakeview Dr, Austin, TX",High School,Yes,Drama,10.1,7.4,91.1,48.3,54.8,50.3,51.15,Pass,D
Henry Jones,"6362 Highland Terrace, Los Angeles, CA",PhD,Yes,Debate,9.5,5.2,76.0,59.4,61.5,61.4,60.72,Pass,D
Amelia Jackson,"7087 Lakeview Dr, Seattle, WA",Master's,No,Debate,11.3,5.5,83.1,66.7,59.2,53.6,60.14,Pass,D
Luna Jones,"2370 Highland Terrace, Chicago, IL",Master's,Yes,Music,10.0,5.9,73.7,65.0,68.2,67.5,66.85,Pass,D
Sophia Taylor,"7146 Oak Ave, Seattle, WA",PhD,Yes,Drama,7.0,6.4,91.1,67.2,69.5,65.9,67.61,Pass,D
Noah Moore,"2039 Oak Ave, Atlanta, GA",Associate,Yes,None,14.4,8.4,85.2,67.1,68.0,61.1,65.64,Pass,D
Liam Hernandez,"6837 Lakeview Dr, New York, NY",Bachelor's,No,Music,13.6,7.1,86.0,52.4,63.7,57.0,57.75,Pass,D
James Brown,"3126 Main St, Seattle, WA",Master's,No,Volunteer,7.4,5.8,88.1,57.2,64.0,57.1,59.55,Pass,D
Theodore Martin,"9870 Oak Ave, Chicago, IL",High School,Yes,Drama,10.0,8.2,69.7,48.8,55.9,49.0,51.36,Pass,D
Noah Thomas,"8330 Highland Terrace, Seattle, WA",Bachelor's,No,Music,9.9,6.3,93.8,59.7,56.3,45.3,54.22,Pass,D
Henry Thomas,"2353 Oak Ave, Boston, MA",High School,Yes,Sports,5.3,5.8,85.3,52.2,49.8,51.9,51.28,Pass,D
Evelyn Smith,"6867 Oak Ave, Miami, FL",PhD,Yes,Music,19.9,6.2,84.8,67.8,71.5,69.7,69.67,Pass,D
Noah Garcia,"8127 Lakeview Dr, Boston, MA",Bachelor's,Yes,Debate,11.6,6.4,91.9,62.2,69.5,65.9,65.84,Pass,D
Henry Johnson,"6332 Lakeview Dr, Phoenix, AZ",Bachelor's,Yes,Volunteer,10.6,6.1,78.7,54.6,61.8,57.3,57.92,Pass,D
Emma Anderson,"794 Oak Ave, Boston, MA",Master's,No,None,22.1,5.6,88.2,66.4,67.0,70.5,67.85,Pass,D
Olivia Moore,"8556 Main St, New York, NY",High School,No,Debate,13.9,6.4,99.0,58.6,55.6,57.1,57.11,Pass,D
Henry Martinez,"7658 Oak Ave, Miami, FL",Bachelor's,No,Volunteer,15.6,6.3,95.9,58.6,68.4,65.2,64.01,Pass,D
Olivia Taylor,"7695 Parkway Blvd, Seattle, WA",None,Yes,Music,6.7,8.5,86.2,56.7,55.2,55.7,55.88,Pass,D
Theodore Moore,"6540 Parkway Blvd, Seattle, WA",Associate,No,Sports,17.5,7.0,83.2,65.5,72.3,71.0,69.56,Pass,D
Charlotte Anderson,"3408 Parkway Blvd, Phoenix, AZ",None,No,Drama,8.3,4.6,85.4,62.0,60.7,57.6,60.23,Pass,D
Charlotte Brown,"1970 Parkway Blvd, Los Angeles, CA",PhD,No,Sports,14.5,8.0,80.9,57.7,69.7,57.2,61.76,Pass,D
Benjamin Gonzalez,"8483 Highland Terrace, Columbus, OH",High School,No,Volunteer,9.5,4.8,78.5,56.3,52.9,49.5,53.03,Pass,D
Henry Johnson,"5591 Highland Terrace, Seattle, WA",PhD,Yes,Music,10.5,7.8,80.2,53.5,46.9,58.6,52.74,Pass,D
Oliver Garcia,"940 Parkway Blvd, Columbus, OH",Associate,No,None,11.5,7.6,92.3,62.2,68.0,50.5,60.74,Pass,D
Lucas Martinez,"3060 Main St, Portland, OR",High School,Yes,Sports,12.5,5.5,72.6,58.6,58.9,64.8,60.56,Pass,D
Camila Rodriguez,"7614 Parkway Blvd, Austin, TX",Bachelor's,Yes,Volunteer,9.6,8.1,78.9,52.5,52.6,54.4,53.13,Pass,D
Harper Davis,"9747 Parkway Blvd, Chicago, IL",Bachelor's,No,Debate,10.0,7.2,98.2,67.6,82.8,59.5,70.48,Pass,C
Noah Martin,"207 Oak Ave, Phoenix, AZ",Master's,No,Volunteer,10.1,8.7,94.5,66.2,65.7,55.3,62.79,Pass,D
Luna Miller,"3128 Oak Ave, Austin, TX",None,No,Sports,1.3,7.5,100.0,43.3,57.0,44.3,48.41,Fail,F
Oliver Johnson,"9571 Highland Terrace, Portland, OR",Associate,No,Sports,10.3,6.9,91.4,54.9,64.0,64.3,60.93,Pass,D
Olivia Brown,"3020 Oak Ave, New York, NY",PhD,No,Volunteer,19.1,7.0,74.5,66.3,71.1,61.0,66.38,Pass,D
Camila Jackson,"3006 Parkway Blvd, Atlanta, GA",PhD,No,Sports,20.4,7.3,91.9,74.1,77.5,67.9,73.41,Pass,C
Noah Martinez,"6138 Parkway Blvd, Denver, CO",None,No,Volunteer,6.5,5.0,75.2,45.4,51.5,40.3,45.99,Fail,F
Noah Martinez,"2304 Main St, Boston, MA",PhD,No,Drama,23.6,8.6,95.2,82.5,84.1,68.1,78.73,Pass,C
Benjamin Wilson,"3538 Oak Ave, Atlanta, GA",Master's,Yes,Sports,4.0,8.5,96.9,44.8,49.9,50.9,48.44,Fail,F
Theodore Taylor,"8024 Highland Terrace, Los Angeles, CA",PhD,No,Debate,20.5,7.4,67.6,71.2,70.4,64.3,68.82,Pass,D
Camila Hernandez,"8708 Highland Terrace, Miami, FL",Master's,No,Music,14.6,8.0,82.9,65.4,64.2,51.7,60.89,Pass,D
Camila Jackson,"8614 Parkway Blvd, Boston, MA",Bachelor's,Yes,Volunteer,16.6,7.7,85.4,74.5,70.2,65.5,70.29,Pass,C
Amelia Martinez,"125 Main St, Chicago, IL",None,No,None,1.0,6.7,83.3,43.0,44.2,41.6,43.01,Fail,F
Emma Miller,"6893 Parkway Blvd, Phoenix, AZ",None,No,Drama,4.2,8.7,89.8,39.1,44.5,47.4,43.5,Fail,F
Luna Miller,"3396 Lakeview Dr, Austin, TX",Associate,Yes,Drama,12.5,7.9,77.6,56.1,57.0,52.7,55.39,Pass,D
Sophia Taylor,"5407 Main St, Atlanta, GA",None,No,Drama,16.3,6.7,74.9,70.9,72.5,58.7,67.8,Pass,D
Henry Jackson,"577 Oak Ave, Phoenix, AZ",High School,No,Drama,15.4,5.3,92.6,47.6,58.5,57.2,54.32,Pass,D
Harper Thomas,"2324 Parkway Blvd, Austin, TX",High School,No,Volunteer,9.3,6.9,85.8,68.4,59.9,54.7,61.31,Pass,D
William Anderson,"1017 Highland Terrace, New York, NY",Associate,No,Volunteer,10.8,6.3,98.8,67.8,65.1,64.5,65.88,Pass,D
Luna Smith,"9560 Lakeview Dr, Chicago, IL",Associate,Yes,Music,9.0,7.7,70.6,48.4,37.0,54.8,46.32,Fail,F
Elijah Smith,"6247 Highland Terrace, Denver, CO",High School,No,Music,10.2,9.8,78.6,65.4,73.0,65.4,68.04,Pass,D
Camila Brown,"5252 Main St, Miami, FL",Associate,No,Sports,12.4,6.0,80.0,67.0,64.0,62.2,64.52,Pass,D
Harper Davis,"7504 Lakeview Dr, Denver, CO",High School,No,Music,4.0,6.5,97.6,41.8,51.0,50.6,47.66,Fail,F
Emma Lopez,"3411 Main St, Austin, TX",Bachelor's,Yes,Debate,14.3,8.7,74.5,54.5,49.3,49.6,51.24,Pass,D
Benjamin Jones,"5672 Parkway Blvd, Chicago, IL",PhD,No,Drama,18.5,6.8,84.7,70.3,65.7,61.2,65.94,Pass,D
Oliver Brown,"2274 Oak Ave, Atlanta, GA",PhD,Yes,Debate,19.9,6.2,88.0,70.4,59.8,56.2,62.44,Pass,D
Henry Taylor,"167 Lakeview Dr, Los Angeles, CA",None,Yes,Drama,9.6,6.6,88.9,65.6,63.6,67.4,65.43,Pass,D
Lucas Johnson,"8629 Lakeview Dr, Los Angeles, CA",None,No,None,6.3,6.2,100.0,40.9,44.8,41.1,42.36,Fail,F
James Hernandez,"3254 Lakeview Dr, Chicago, IL",Associate,No,Debate,10.1,6.9,86.4,44.4,46.6,50.7,47.07,Fail,F
Emma Rodriguez,"2680 Lakeview Dr, Seattle, WA",None,Yes,Volunteer,5.7,7.6,82.2,56.9,49.1,54.5,53.46,Pass,D
Luna Taylor,"3484 Highland Terrace, Los Angeles, CA",Associate,No,Drama,7.0,5.5,85.2,46.8,59.6,51.7,52.74,Pass,D
Oliver Martinez,"4111 Oak Ave, Phoenix, AZ",None,No,Volunteer,7.9,7.0,75.2,48.0,62.5,44.1,51.91,Pass,D
William Moore,"931 Oak Ave, Boston, MA",None,No,None,3.8,6.7,90.7,46.1,56.4,49.8,50.81,Pass,D
Olivia Brown,"981 Main St, New York, NY",Bachelor's,No,Music,9.1,7.1,71.0,55.3,60.9,51.8,56.19,Pass,D
Camila Jackson,"7404 Highland Terrace, Portland, OR",Associate,No,Drama,4.5,6.8,100.0,57.5,53.5,56.5,55.77,Pass,D
James Moore,"7729 Highland Terrace, Los Angeles, CA",High School,Yes,None,11.8,7.0,81.4,55.7,46.6,51.5,51.21,Pass,D
Lucas Brown,"5185 Parkway Blvd, Boston, MA",Bachelor's,Yes,Music,21.4,7.6,83.6,77.0,85.0,64.3,76.01,Pass,C
Oliver Martin,"6054 Parkway Blvd, Miami, FL",High School,No,Drama,3.5,7.3,60.0,44.5,44.3,40.9,43.37,Fail,F
Lucas Thomas,"1170 Parkway Blvd, Austin, TX",None,No,Debate,7.0,6.4,90.1,74.5,74.3,65.4,71.7,Pass,C
Lucas Garcia,"5811 Highland Terrace, Miami, FL",Master's,Yes,Volunteer,19.7,4.7,86.4,81.9,95.7,77.2,85.31,Pass,B
Emma Gonzalez,"1852 Lakeview Dr, Columbus, OH",Master's,Yes,Drama,20.8,6.2,87.2,69.0,82.8,72.3,74.82,Pass,C
Luna Anderson,"9775 Parkway Blvd, New York, NY",High School,Yes,Volunteer,5.0,7.0,82.3,52.4,48.1,61.0,53.45,Pass,D
Charlotte Thomas,"1182 Lakeview Dr, New York, NY",High School,No,Debate,3.3,7.0,83.9,45.0,54.2,44.1,47.93,Fail,F
Theodore Hernandez,"3969 Oak Ave, Atlanta, GA",PhD,Yes,None,11.6,7.2,93.2,59.2,53.0,70.7,60.48,Pass,D
Theodore Thomas,"9802 Highland Terrace, Los Angeles, CA",Bachelor's,No,Volunteer,10.6,5.8,88.6,44.8,42.9,54.8,47.15,Fail,F
Emma Anderson,"5146 Parkway Blvd, Seattle, WA",None,Yes,None,19.7,6.1,75.1,64.5,66.4,61.9,64.37,Pass,D
Camila Gonzalez,"8198 Main St, Denver, CO",None,Yes,Music,4.1,5.2,71.2,38.9,49.8,51.2,46.4,Fail,F
Theodore Smith,"2544 Parkway Blvd, Seattle, WA",Master's,No,Debate,20.0,6.7,97.3,62.7,67.7,62.8,64.46,Pass,D
Camila Jackson,"3305 Oak Ave, Boston, MA",PhD,No,Drama,13.2,6.6,78.5,54.4,58.6,55.1,56.06,Pass,D
Theodore Martinez,"5740 Main St, New York, NY",Master's,Yes,Volunteer,20.1,5.4,75.2,67.6,59.4,64.7,63.83,Pass,D
Benjamin Gonzalez,"4919 Main St, Seattle, WA",Associate,Yes,Sports,16.6,5.5,91.7,47.4,62.8,54.1,54.77,Pass,D
Luna Lopez,"4723 Main St, Los Angeles, CA",High School,No,None,1.0,6.8,81.5,42.4,35.6,33.6,37.36,Fail,F
Theodore Gonzalez,"5312 Parkway Blvd, Portland, OR",Bachelor's,No,Debate,17.0,8.1,69.3,68.3,71.9,59.0,66.77,Pass,D
Luna Miller,"2941 Parkway Blvd, Portland, OR",High School,Yes,Volunteer,9.4,6.1,95.6,42.1,45.2,36.7,41.57,Fail,F
Henry Lopez,"2627 Lakeview Dr, New York, NY",PhD,Yes,Music,12.4,6.9,90.1,78.9,75.4,70.3,75.11,Pass,C
Liam Williams,"357 Oak Ave, Portland, OR",PhD,No,None,19.2,7.6,66.3,57.2,66.5,55.4,59.9,Pass,D
Evelyn Jones,"2348 Parkway Blvd, Los Angeles, CA",Bachelor's,No,Volunteer,13.3,6.1,67.5,66.7,63.6,61.9,64.16,Pass,D
Charlotte Anderson,"7048 Highland Terrace, Atlanta, GA",Bachelor's,No,Drama,9.1,7.1,77.0,46.0,67.0,55.8,56.27,Pass,D
Amelia Garcia,"221 Highland Terrace, New York, NY",Bachelor's,Yes,None,6.7,9.2,97.4,56.3,69.6,65.9,63.83,Pass,D
Benjamin Rodriguez,"9048 Highland Terrace, New York, NY",Associate,Yes,Sports,13.0,6.4,93.3,60.7,47.3,51.0,53.11,Pass,D
Theodore Thomas,"6138 Main St, Columbus, OH",Master's,No,None,15.1,7.8,77.8,67.7,68.7,58.0,65.12,Pass,D
Noah Jones,"8724 Lakeview Dr, Columbus, OH",Bachelor's,Yes,Volunteer,11.2,6.2,100.0,77.0,68.3,61.6,69.29,Pass,D
Camila Williams,"7840 Main St, Chicago, IL",PhD,No,Volunteer,16.5,8.2,93.5,79.4,74.4,75.1,76.35,Pass,C
Olivia Hernandez,"276 Parkway Blvd, Atlanta, GA",Bachelor's,No,Volunteer,15.7,7.4,63.5,59.1,69.0,57.4,62.07,Pass,D
William Wilson,"4927 Lakeview Dr, Denver, CO",High School,Yes,None,11.9,8.6,75.0,70.3,62.5,68.0,66.88,Pass,D
Camila Martinez,"9335 Lakeview Dr, Columbus, OH",None,No,Volunteer,4.8,7.4,85.4,44.9,52.4,48.9,48.73,Fail,F
Charlotte Jackson,"4880 Highland Terrace, Austin, TX",None,No,Debate,10.1,7.2,93.6,59.6,49.4,55.5,54.82,Pass,D
Noah Jones,"1359 Lakeview Dr, Atlanta, GA",Associate,Yes,Volunteer,6.5,6.1,78.7,41.8,45.4,53.6,46.6,Fail,F
Elijah Rodriguez,"332 Main St, Miami, FL",Master's,Yes,Volunteer,8.7,6.2,96.4,56.0,60.8,61.6,59.38,Pass,D
Oliver Anderson,"2973 Lakeview Dr, Denver, CO",PhD,Yes,Debate,17.9,9.2,76.4,75.7,72.4,75.1,74.36,Pass,C
Charlotte Taylor,"5717 Main St, Austin, TX",High School,Yes,Debate,11.6,6.7,100.0,63.3,67.0,72.6,67.38,Pass,D
Evelyn Gonzalez,"7311 Oak Ave, Chicago, IL",High School,No,Sports,2.1,5.4,79.1,33.9,41.8,34.1,36.73,Fail,F
Elijah Brown,"2845 Parkway Blvd, Austin, TX",Bachelor's,No,Drama,13.3,5.3,93.6,60.2,60.9,59.2,60.13,Pass,D
Harper Moore,"6322 Parkway Blvd, Chicago, IL",Bachelor's,No,Music,21.8,7.1,81.4,80.2,79.9,78.9,79.69,Pass,C
Benjamin Wilson,"4831 Parkway Blvd, Austin, TX",Bachelor's,No,Volunteer,9.6,8.0,98.8,50.2,58.4,54.3,54.3,Pass,D
Olivia Brown,"5897 Parkway Blvd, Atlanta, GA",Master's,No,Drama,15.3,9.6,95.3,80.0,77.4,73.7,77.22,Pass,C
Elijah Rodriguez,"4283 Highland Terrace, Los Angeles, CA",Bachelor's,No,None,22.6,6.7,86.8,70.8,78.1,70.8,73.34,Pass,C
Amelia Jackson,"8618 Lakeview Dr, Chicago, IL",PhD,Yes,Drama,18.3,7.2,69.9,66.7,71.0,57.7,65.51,Pass,D
Luna Smith,"238 Main St, Portland, OR",None,No,Sports,4.4,8.3,71.6,47.0,43.1,45.8,45.29,Fail,F
Benjamin Brown,"7406 Lakeview Dr, Portland, OR",High School,No,Drama,9.6,6.7,81.7,49.8,60.1,54.0,54.68,Pass,D
James Johnson,"1606 Main St, Austin, TX",Master's,Yes,Volunteer,15.4,6.1,83.4,70.6,73.5,62.5,69.17,Pass,D
Emma Brown,"2228 Parkway Blvd, Los Angeles, CA",PhD,Yes,Sports,16.9,6.4,77.8,68.6,60.6,66.9,65.32,Pass,D
Charlotte Rodriguez,"7750 Main St, Miami, FL",PhD,No,Drama,20.3,6.1,100.0,73.7,66.3,70.9,70.27,Pass,C
Evelyn Hernandez,"2753 Main St, Miami, FL",Associate,Yes,Debate,12.9,6.8,76.3,47.9,57.1,50.4,51.87,Pass,D
Henry Hernandez,"4330 Lakeview Dr, Austin, TX",High School,No,Sports,8.6,7.1,83.9,55.2,61.7,63.4,59.93,Pass,D
Harper Miller,"6532 Oak Ave, Phoenix, AZ",PhD,No,Sports,20.7,6.2,100.0,65.1,72.7,63.9,67.39,Pass,D
Oliver Moore,"3678 Highland Terrace, New York, NY",PhD,Yes,Debate,16.1,5.9,77.0,82.3,73.0,72.4,76.04,Pass,C
Elijah Brown,"1294 Main St, Austin, TX",Master's,No,Debate,13.1,7.0,84.5,71.7,71.5,61.1,68.44,Pass,D
Liam Thomas,"114 Main St, Seattle, WA",PhD,No,Drama,14.5,7.3,70.2,71.7,56.9,51.5,60.46,Pass,D
Oliver Hernandez,"9514 Main St, New York, NY",Master's,No,Debate,17.9,6.8,89.5,60.9,65.1,52.5,59.86,Pass,D
Evelyn Gonzalez,"1248 Highland Terrace, Columbus, OH",High School,Yes,Debate,13.5,5.5,72.5,69.5,58.1,66.1,64.47,Pass,D
Harper Brown,"8870 Lakeview Dr, Phoenix, AZ",Associate,No,Debate,10.4,6.1,89.4,59.1,57.9,49.4,55.79,Pass,D
Olivia Williams,"8859 Lakeview Dr, Denver, CO",None,No,Drama,6.9,5.8,83.4,63.1,61.6,57.8,60.99,Pass,D
James Garcia,"744 Parkway Blvd, Atlanta, GA",PhD,Yes,Drama,9.1,6.9,100.0,54.0,62.2,68.0,61.08,Pass,D
Henry Brown,"5986 Parkway Blvd, Portland, OR",None,No,None,13.1,5.9,95.8,61.3,70.3,47.7,60.39,Pass,D
James Jones,"3263 Main St, Austin, TX",PhD,Yes,Debate,10.3,6.7,80.2,54.8,54.7,52.7,54.13,Pass,D
Henry Williams,"5141 Parkway Blvd, Atlanta, GA",Master's,No,Sports,22.5,8.6,73.4,86.1,85.7,74.0,82.34,Pass,B
Olivia Hernandez,"5633 Main St, Austin, TX",Bachelor's,Yes,Music,16.9,6.5,86.3,58.2,59.5,56.1,58.01,Pass,D
Benjamin Anderson,"8891 Oak Ave, Portland, OR",PhD,Yes,Sports,11.2,8.4,82.3,65.4,60.0,60.0,61.87,Pass,D
Olivia Jones,"412 Parkway Blvd, Boston, MA",Master's,Yes,Music,17.1,5.6,81.7,81.2,82.4,71.4,78.67,Pass,C
Oliver Smith,"918 Lakeview Dr, Seattle, WA",None,No,Volunteer,6.5,4.5,83.2,53.1,61.2,49.1,54.76,Pass,D
Charlotte Jackson,"1842 Main St, Los Angeles, CA",Bachelor's,Yes,Sports,10.0,6.8,88.6,54.3,67.1,65.9,62.27,Pass,D
James Wilson,"6686 Lakeview Dr, Denver, CO",None,Yes,Drama,10.0,7.6,90.4,47.0,62.0,56.0,54.94,Pass,D
James Johnson,"2941 Lakeview Dr, Phoenix, AZ",None,Yes,Drama,18.6,6.6,88.0,58.3,75.1,61.1,65.0,Pass,D
Oliver Wilson,"6160 Highland Terrace, Seattle, WA",High School,No,Music,8.7,7.8,99.2,52.0,56.7,50.4,53.19,Pass,D
Theodore Johnson,"1737 Highland Terrace, Seattle, WA",Bachelor's,Yes,Sports,13.3,8.0,94.7,68.2,64.7,70.5,67.65,Pass,D
Harper Williams,"218 Oak Ave, Austin, TX",None,No,Debate,3.7,7.1,81.0,51.7,49.2,41.0,47.61,Fail,F
Harper Jones,"2444 Lakeview Dr, Chicago, IL",Master's,No,Debate,15.5,7.9,86.9,72.0,63.6,58.2,64.92,Pass,D
Amelia Garcia,"716 Highland Terrace, Phoenix, AZ",High School,No,Volunteer,12.8,6.7,99.5,57.6,67.3,60.0,61.73,Pass,D
Noah Martinez,"6961 Main St, Denver, CO",Master's,Yes,Music,10.2,6.1,91.8,56.7,62.1,61.3,59.96,Pass,D
Emma Taylor,"6029 Highland Terrace, Los Angeles, CA",Master's,Yes,Debate,9.2,8.1,94.6,47.7,64.3,57.1,56.32,Pass,D
James Rodriguez,"3273 Main St, Austin, TX",High School,No,Debate,9.7,6.8,85.3,68.8,57.9,61.7,62.89,Pass,D
Charlotte Garcia,"806 Main St, Portland, OR",PhD,No,Drama,18.9,6.5,100.0,85.7,79.7,79.5,81.74,Pass,B
James Wilson,"5577 Highland Terrace, Miami, FL",Bachelor's,Yes,Sports,11.4,6.5,98.1,55.7,61.6,68.4,61.58,Pass,D
Olivia Moore,"2689 Main St, Seattle, WA",Bachelor's,Yes,Sports,13.4,5.6,98.2,71.9,73.6,73.1,72.86,Pass,C
Amelia Anderson,"9598 Lakeview Dr, Phoenix, AZ",Bachelor's,Yes,None,15.8,7.1,80.6,66.0,60.9,64.2,63.71,Pass,D
William Davis,"5443 Oak Ave, Los Angeles, CA",None,Yes,None,7.3,7.1,85.3,51.0,61.6,50.9,54.72,Pass,D
Evelyn Miller,"3715 Main St, New York, NY",Bachelor's,No,Sports,24.1,5.6,74.6,76.5,58.9,61.6,65.84,Pass,D
Evelyn Jones,"7554 Oak Ave, Chicago, IL",Bachelor's,No,Music,6.8,5.5,65.2,66.6,69.0,53.0,63.35,Pass,D
Lucas Miller,"5975 Lakeview Dr, Portland, OR",High School,No,Music,15.6,6.8,100.0,61.9,69.7,66.0,65.86,Pass,D
Olivia Jackson,"4697 Oak Ave, Austin, TX",None,No,Debate,7.2,8.3,96.2,53.7,62.7,56.2,57.6,Pass,D
Evelyn Garcia,"3702 Lakeview Dr, Denver, CO",Master's,Yes,None,18.6,9.1,85.7,64.3,67.6,68.5,66.71,Pass,D
Camila Garcia,"9156 Oak Ave, Phoenix, AZ",None,No,Volunteer,13.1,5.6,84.8,69.4,69.3,50.3,63.62,Pass,D
Harper Miller,"7857 Parkway Blvd, Phoenix, AZ",Associate,Yes,None,4.6,6.1,78.4,52.7,51.7,46.2,50.39,Pass,D
Evelyn Davis,"5462 Parkway Blvd, Chicago, IL",Master's,Yes,Volunteer,9.3,6.2,88.3,61.0,67.0,66.8,64.85,Pass,D
Oliver Jackson,"6944 Main St, Austin, TX",None,No,None,7.7,6.6,88.1,64.1,67.4,59.1,63.76,Pass,D
Benjamin Johnson,"8801 Parkway Blvd, New York, NY",Bachelor's,Yes,Debate,14.3,6.3,88.6,48.0,61.9,59.8,56.39,Pass,D
Harper Davis,"9250 Main St, Los Angeles, CA",PhD,No,Music,11.5,8.3,76.8,57.8,54.8,55.5,56.08,Pass,D
Oliver Lopez,"4016 Main St, Miami, FL",None,No,None,14.0,6.5,98.5,58.7,49.5,52.0,53.45,Pass,D
Sophia Garcia,"7624 Highland Terrace, Columbus, OH",PhD,Yes,Debate,16.5,5.7,81.7,57.7,60.8,62.2,60.12,Pass,D
Lucas Jones,"6741 Oak Ave, Columbus, OH",Associate,No,None,10.5,7.9,71.2,48.5,40.5,39.0,42.83,Fail,F
Liam Williams,"5554 Highland Terrace, New York, NY",None,No,Debate,1.0,6.7,88.4,47.3,41.0,41.8,43.45,Fail,F
Elijah Martin,"9524 Oak Ave, Atlanta, GA",PhD,Yes,Volunteer,12.0,8.0,73.2,46.1,50.3,49.8,48.64,Fail,F
William Johnson,"6063 Main St, Atlanta, GA",None,No,Drama,7.3,5.8,91.0,51.6,45.7,46.0,47.85,Fail,F
Lucas Martin,"6089 Lakeview Dr, Austin, TX",High School,Yes,Volunteer,7.3,6.7,85.4,57.9,47.4,50.7,52.09,Pass,D
James Jones,"4009 Highland Terrace, Denver, CO",None,No,None,12.1,6.8,75.9,64.6,66.7,47.1,60.07,Pass,D
Theodore Miller,"3793 Lakeview Dr, Columbus, OH",Associate,No,Volunteer,9.7,9.5,92.0,52.5,48.3,54.8,51.69,Pass,D
Evelyn Rodriguez,"1138 Lakeview Dr, Austin, TX",Associate,No,Debate,11.4,8.0,75.9,69.6,61.5,61.6,64.35,Pass,D
Benjamin Taylor,"7803 Highland Terrace, Los Angeles, CA",PhD,No,Debate,20.7,6.6,84.3,86.1,71.9,72.2,76.95,Pass,C
Camila Lopez,"1175 Oak Ave, Portland, OR",Bachelor's,Yes,Sports,17.3,8.3,82.4,62.6,53.0,67.4,60.69,Pass,D
Henry Garcia,"1360 Main St, Miami, FL",High School,No,Sports,13.5,6.7,77.4,71.8,67.4,71.7,70.22,Pass,C
Oliver Thomas,"3446 Highland Terrace, Seattle, WA",PhD,Yes,Drama,5.2,6.7,88.4,51.9,53.3,60.9,55.12,Pass,D
Evelyn Moore,"7864 Lakeview Dr, Seattle, WA",Bachelor's,No,None,14.1,7.0,81.6,70.3,66.1,66.0,67.56,Pass,D
Liam Martinez,"1131 Main St, Chicago, IL",High School,No,Debate,16.2,6.3,97.6,76.6,67.8,70.5,71.68,Pass,C
Theodore Hernandez,"5446 Parkway Blvd, Portland, OR",Master's,No,Debate,10.9,4.3,87.8,48.1,57.1,54.8,53.24,Pass,D
Sophia Jackson,"5121 Oak Ave, Seattle, WA",Associate,Yes,Debate,4.7,7.4,76.8,49.1,48.5,56.4,51.07,Pass,D
Mia Martinez,"2530 Lakeview Dr, Austin, TX",Associate,No,Music,8.0,5.6,82.2,56.3,64.1,57.4,59.36,Pass,D
Camila Garcia,"8870 Lakeview Dr, Columbus, OH",High School,Yes,None,8.8,6.8,98.5,74.6,69.5,72.7,72.24,Pass,C
Oliver Garcia,"2015 Main St, Chicago, IL",Associate,Yes,Debate,10.2,8.3,87.2,67.0,62.3,78.2,68.72,Pass,D
Elijah Lopez,"3461 Highland Terrace, Seattle, WA",PhD,Yes,None,16.6,6.4,96.6,62.4,68.6,59.0,63.54,Pass,D
William Lopez,"6209 Parkway Blvd, Seattle, WA",Master's,Yes,Volunteer,16.0,5.5,82.3,72.7,64.5,71.0,69.33,Pass,D
Sophia Brown,"6728 Parkway Blvd, Austin, TX",High School,No,Drama,6.5,6.8,87.7,45.8,61.5,48.0,51.96,Pass,D
Oliver Smith,"9048 Highland Terrace, Columbus, OH",Associate,No,Debate,16.3,6.4,80.0,46.6,63.2,45.1,51.96,Pass,D
Sophia Jackson,"2509 Highland Terrace, Portland, OR",PhD,No,Drama,19.7,6.9,89.2,65.2,68.2,67.1,66.81,Pass,D
Emma Thomas,"2384 Highland Terrace, Austin, TX",None,No,Sports,8.8,8.0,91.8,46.7,65.8,56.2,56.23,Pass,D
Henry Martin,"7406 Lakeview Dr, Chicago, IL",None,No,Sports,12.4,5.6,100.0,63.4,53.9,62.8,59.91,Pass,D
Camila Miller,"8725 Oak Ave, Phoenix, AZ",Associate,Yes,Sports,10.8,5.0,78.5,62.0,68.1,57.6,62.81,Pass,D
Noah Moore,"1531 Highland Terrace, Boston, MA",Bachelor's,Yes,Debate,6.7,6.6,89.6,52.8,55.3,58.1,55.28,Pass,D
William Martin,"8481 Main St, Phoenix, AZ",PhD,No,Debate,10.8,7.0,81.0,55.1,70.4,52.0,59.55,Pass,D
Oliver Wilson,"6426 Lakeview Dr, Denver, CO",None,No,Drama,4.1,7.6,100.0,43.4,57.4,51.6,50.77,Pass,D
Mia Martinez,"9291 Main St, Boston, MA",High School,No,None,8.6,7.3,77.5,53.3,66.4,46.2,55.72,Pass,D
Evelyn Anderson,"2783 Parkway Blvd, Miami, FL",PhD,No,Music,15.6,7.8,88.0,73.0,80.2,54.8,70.07,Pass,C
Theodore Martin,"2453 Oak Ave, Los Angeles, CA",Associate,No,Volunteer,7.3,6.8,72.5,49.1,52.1,46.5,49.35,Fail,F
William Williams,"6256 Main St, Phoenix, AZ",None,No,None,9.5,7.9,86.2,57.4,55.1,47.4,53.57,Pass,D
Elijah Wilson,"9206 Parkway Blvd, Seattle, WA",PhD,Yes,Music,13.8,7.3,81.8,62.7,58.8,60.0,60.55,Pass,D
Charlotte Gonzalez,"9174 Parkway Blvd, Miami, FL",None,No,Volunteer,5.9,5.2,75.7,47.4,55.3,45.3,49.54,Fail,F
Sophia Thomas,"7693 Oak Ave, Atlanta, GA",None,Yes,Music,9.9,5.9,90.2,62.4,64.6,54.7,60.86,Pass,D
Elijah Martinez,"7842 Main St, Portland, OR",PhD,No,Debate,20.8,4.8,83.5,61.9,65.6,55.8,61.37,Pass,D
Charlotte Thomas,"4109 Main St, Columbus, OH",None,No,Debate,8.1,6.7,99.6,61.0,65.3,62.8,63.06,Pass,D
Noah Martin,"6027 Highland Terrace, Columbus, OH",Bachelor's,No,Drama,5.1,8.0,89.6,52.9,65.0,57.1,58.42,Pass,D
Harper Brown,"8497 Highland Terrace, Denver, CO",None,No,Music,12.3,4.5,88.3,63.1,72.3,56.9,64.45,Pass,D
Theodore Johnson,"5337 Parkway Blvd, Seattle, WA",PhD,Yes,Drama,11.8,8.7,100.0,58.0,64.6,61.9,61.47,Pass,D
Charlotte Johnson,"6017 Parkway Blvd, Miami, FL",PhD,No,Sports,18.0,7.3,93.1,90.0,69.5,59.7,73.74,Pass,C
Sophia Martinez,"1358 Highland Terrace, Atlanta, GA",High School,Yes,Sports,3.7,6.0,70.1,38.6,40.9,50.1,42.85,Fail,F
Camila Garcia,"5385 Lakeview Dr, Atlanta, GA",PhD,No,Drama,15.3,6.2,93.9,63.4,66.6,51.0,60.78,Pass,D
Mia Brown,"9603 Lakeview Dr, Atlanta, GA",High School,Yes,Music,11.4,9.1,89.9,47.5,51.9,51.2,50.16,Pass,D
Benjamin Martinez,"8044 Parkway Blvd, Denver, CO",Associate,Yes,Sports,17.7,7.4,63.8,77.7,66.3,70.9,71.68,Pass,C
James Jones,"3722 Oak Ave, Atlanta, GA",Master's,Yes,Debate,14.9,4.8,85.3,55.8,55.9,66.3,58.96,Pass,D
Lucas Williams,"2250 Main St, Los Angeles, CA",Bachelor's,No,Drama,14.3,6.8,93.2,77.3,71.7,66.0,71.97,Pass,C
Mia Jones,"9891 Highland Terrace, Boston, MA",Associate,Yes,None,13.7,8.0,80.8,55.5,55.6,64.7,58.3,Pass,D
Sophia Smith,"2043 Oak Ave, Columbus, OH",High School,Yes,None,8.2,6.4,93.9,55.5,65.8,68.2,62.9,Pass,D
Amelia Martinez,"3538 Oak Ave, Seattle, WA",None,No,None,6.9,6.1,97.3,60.7,56.3,71.0,62.22,Pass,D
Emma Williams,"8034 Parkway Blvd, Austin, TX",None,Yes,Sports,7.5,7.7,75.9,45.4,42.3,53.1,46.59,Fail,F
Olivia Taylor,"1071 Parkway Blvd, Phoenix, AZ",None,No,Sports,4.7,5.6,63.9,38.1,29.1,29.5,32.36,Fail,F
Noah Martinez,"268 Main St, Portland, OR",None,Yes,Volunteer,5.8,8.8,100.0,50.4,60.8,64.1,58.12,Pass,D
James Garcia,"5859 Main St, Portland, OR",None,Yes,None,2.0,6.8,84.9,40.2,48.3,45.5,44.64,Fail,F
Elijah Jackson,"5870 Oak Ave, Denver, CO",Master's,Yes,Volunteer,15.4,5.8,88.9,64.7,51.0,58.5,58.03,Pass,D
Theodore Williams,"9572 Main St, Los Angeles, CA",Master's,Yes,None,12.5,8.9,79.3,54.8,71.4,61.8,62.7,Pass,D
James Martinez,"8900 Main St, Seattle, WA",PhD,Yes,Music,17.9,6.0,100.0,67.8,69.3,73.0,69.87,Pass,D
Benjamin Thomas,"9756 Oak Ave, Denver, CO",Bachelor's,Yes,Music,13.1,7.2,100.0,53.8,53.3,64.3,56.77,Pass,D
Mia Gonzalez,"3610 Highland Terrace, New York, NY",High School,No,Sports,17.4,7.3,100.0,67.1,72.1,68.6,69.29,Pass,D
William Brown,"1907 Highland Terrace, Boston, MA",High School,No,Drama,7.9,7.4,71.8,50.7,41.8,43.0,45.29,Fail,F
Sophia Moore,"765 Main St, Columbus, OH",Associate,No,Sports,7.4,6.3,90.5,45.6,41.3,48.9,45.1,Fail,F
Henry Martinez,"9936 Lakeview Dr, Boston, MA",PhD,No,Music,13.1,7.2,83.1,57.9,54.8,66.3,59.36,Pass,D
Luna Wilson,"7111 Oak Ave, Miami, FL",None,No,None,7.6,10.0,95.1,46.4,57.4,49.3,51.1,Pass,D
Mia Garcia,"8155 Main St, Austin, TX",Bachelor's,No,Volunteer,10.1,7.0,73.7,45.3,58.1,49.6,51.07,Pass,D
Noah Brown,"6568 Parkway Blvd, Seattle, WA",PhD,Yes,None,14.1,7.3,81.3,60.2,64.0,60.6,61.67,Pass,D
Charlotte Williams,"3361 Lakeview Dr, Denver, CO",High School,No,Sports,1.6,6.3,98.4,48.5,52.5,40.1,47.38,Fail,F
Amelia Wilson,"8277 Lakeview Dr, Columbus, OH",PhD,No,None,25.0,7.0,100.0,78.3,71.3,71.8,73.88,Pass,C
Henry Lopez,"9982 Parkway Blvd, Boston, MA",Bachelor's,No,Music,4.9,7.0,71.8,37.7,45.2,37.3,40.19,Fail,F
Lucas Brown,"4207 Parkway Blvd, Los Angeles, CA",Bachelor's,Yes,None,16.4,7.0,87.5,67.8,65.3,70.9,67.84,Pass,D
Oliver Smith,"965 Main St, Los Angeles, CA",Bachelor's,Yes,Music,11.3,6.6,72.0,59.4,61.3,60.1,60.26,Pass,D
Henry Martin,"5456 Oak Ave, Portland, OR",Associate,Yes,Sports,15.3,7.9,66.6,49.7,53.8,45.1,49.76,Fail,F
Benjamin Thomas,"3408 Lakeview Dr, Boston, MA",PhD,No,Debate,10.1,6.0,78.3,55.1,65.2,67.4,62.36,Pass,D
Benjamin Rodriguez,"5729 Highland Terrace, Atlanta, GA",Master's,Yes,Sports,15.4,7.2,96.2,86.8,82.8,81.7,83.88,Pass,B
Evelyn Brown,"7474 Lakeview Dr, New York, NY",Bachelor's,No,Debate,10.7,6.9,84.2,66.2,57.8,57.6,60.69,Pass,D
Olivia Johnson,"9220 Lakeview Dr, Seattle, WA",PhD,Yes,Debate,20.7,7.0,98.5,89.8,91.9,91.1,90.91,Pass,A
Evelyn Jones,"6474 Parkway Blvd, Miami, FL",None,No,None,2.7,6.7,98.1,34.7,35.8,40.1,36.7,Fail,F
Luna Moore,"7797 Parkway Blvd, Phoenix, AZ",Master's,Yes,Volunteer,23.4,6.9,84.8,72.5,71.6,71.7,71.97,Pass,C
Olivia Gonzalez,"8205 Highland Terrace, Miami, FL",Bachelor's,No,Drama,10.5,7.8,82.0,61.9,65.5,61.4,63.02,Pass,D
William Johnson,"9774 Main St, Austin, TX",High School,No,Drama,2.9,6.8,92.1,57.0,61.1,61.6,59.82,Pass,D
Theodore Smith,"5691 Parkway Blvd, Portland, OR",None,No,Drama,13.4,7.3,99.4,74.2,79.4,72.5,75.52,Pass,C
Mia Wilson,"1024 Oak Ave, Denver, CO",High School,Yes,None,11.6,6.1,84.6,65.0,59.5,70.4,64.68,Pass,D
Sophia Jackson,"1173 Lakeview Dr, Los Angeles, CA",None,No,Music,5.8,8.1,85.3,44.0,46.1,37.9,42.89,Fail,F
Liam Moore,"712 Parkway Blvd, Denver, CO",PhD,No,Volunteer,17.3,6.5,71.4,61.8,52.7,61.0,58.38,Pass,D
Benjamin Wilson,"434 Parkway Blvd, Miami, FL",Master's,Yes,Drama,8.7,4.7,75.7,57.6,66.6,59.4,61.27,Pass,D
Henry Jackson,"5382 Highland Terrace, New York, NY",None,No,Sports,1.9,6.4,93.0,50.3,53.8,45.0,49.95,Fail,F
James Hernandez,"8337 Lakeview Dr, Boston, MA",High School,No,Drama,13.9,8.1,89.0,59.3,58.7,46.2,55.17,Pass,D
Evelyn Miller,"1334 Highland Terrace, Boston, MA",High School,No,Drama,9.9,7.7,100.0,66.9,64.2,54.6,62.28,Pass,D
Olivia Martinez,"6686 Oak Ave, Phoenix, AZ",Master's,Yes,None,15.9,6.6,75.6,64.7,72.8,53.3,64.09,Pass,D
Theodore Brown,"5618 Lakeview Dr, Phoenix, AZ",None,No,Debate,4.3,8.2,71.3,57.5,62.4,54.6,58.36,Pass,D
James Lopez,"5045 Highland Terrace, Los Angeles, CA",Associate,No,None,13.2,7.3,83.4,81.1,71.2,63.8,72.44,Pass,C
Luna Hernandez,"6888 Parkway Blvd, Chicago, IL",Associate,No,None,2.6,5.1,86.4,45.6,53.2,44.2,47.82,Fail,F
Luna Garcia,"8557 Oak Ave, Austin, TX",Master's,No,Music,9.2,7.7,96.9,60.6,84.8,65.0,70.39,Pass,C
Lucas Rodriguez,"8828 Highland Terrace, Portland, OR",Bachelor's,Yes,Volunteer,7.4,6.9,82.8,48.9,48.8,55.9,50.96,Pass,D
James Lopez,"2520 Oak Ave, Boston, MA",High School,No,Debate,2.3,4.6,83.5,45.5,42.4,45.9,44.53,Fail,F
Evelyn Hernandez,"3435 Parkway Blvd, Los Angeles, CA",Associate,No,None,7.2,6.6,95.6,72.6,64.6,57.1,65.15,Pass,D
Charlotte Rodriguez,"9950 Oak Ave, Portland, OR",Bachelor's,Yes,Sports,11.3,6.5,76.6,62.1,69.5,52.2,61.7,Pass,D
Oliver Miller,"4123 Lakeview Dr, Austin, TX",Bachelor's,No,Volunteer,15.5,8.3,86.9,66.4,65.5,64.1,65.43,Pass,D
Evelyn Wilson,"706 Oak Ave, Portland, OR",High School,No,Music,8.4,6.3,90.2,54.2,56.6,62.2,57.46,Pass,D
Liam Rodriguez,"9122 Oak Ave, Miami, FL",PhD,Yes,None,17.6,5.3,85.3,51.7,51.5,56.1,52.94,Pass,D
Harper Smith,"1475 Lakeview Dr, Austin, TX",Master's,No,Sports,20.5,7.7,77.6,60.0,49.7,54.6,54.78,Pass,D
Evelyn Lopez,"1579 Parkway Blvd, Portland, OR",PhD,Yes,Music,7.7,6.2,96.7,50.3,55.1,60.8,55.15,Pass,D
Emma Jackson,"8296 Main St, Columbus, OH",Master's,No,Debate,17.2,6.3,71.6,65.2,73.7,57.3,65.81,Pass,D
Noah Davis,"2103 Lakeview Dr, Phoenix, AZ",Associate,No,None,11.2,6.8,80.2,64.4,69.0,66.5,66.62,Pass,D
Amelia Wilson,"2463 Main St, Chicago, IL",High School,Yes,Drama,14.7,6.6,75.4,61.7,66.3,61.7,63.3,Pass,D
Lucas Wilson,"9758 Main St, Miami, FL",Bachelor's,No,None,9.3,7.7,85.4,51.1,73.5,56.3,60.47,Pass,D
Emma Hernandez,"7043 Parkway Blvd, Atlanta, GA",PhD,Yes,Drama,16.6,6.9,85.3,60.8,58.9,59.1,59.63,Pass,D
Oliver Lopez,"6125 Lakeview Dr, Boston, MA",None,Yes,None,7.6,5.5,100.0,60.8,63.1,68.2,63.82,Pass,D
Olivia Davis,"9155 Parkway Blvd, Miami, FL",Associate,No,None,4.0,7.3,86.6,51.7,41.1,51.5,47.92,Fail,F
Emma Moore,"7348 Parkway Blvd, Chicago, IL",None,No,Drama,6.5,6.6,72.1,64.4,68.8,55.3,63.23,Pass,D
Sophia Williams,"4972 Oak Ave, Chicago, IL",High School,No,None,5.5,8.1,67.6,45.8,57.9,67.9,56.65,Pass,D
William Wilson,"4589 Main St, Austin, TX",Bachelor's,No,None,8.5,6.9,84.4,56.4,60.6,48.1,55.36,Pass,D
Evelyn Hernandez,"7020 Main St, Columbus, OH",High School,No,Volunteer,11.0,6.4,92.3,77.5,71.1,67.1,72.14,Pass,C
Noah Lopez,"9965 Highland Terrace, New York, NY",PhD,No,Debate,12.0,6.6,91.9,52.5,54.6,58.4,55.0,Pass,D
Liam Johnson,"3110 Parkway Blvd, Portland, OR",PhD,Yes,Sports,15.5,5.1,85.2,55.2,63.8,59.1,59.38,Pass,D
Henry Miller,"5106 Lakeview Dr, Portland, OR",Master's,Yes,Sports,18.9,8.8,92.2,78.7,81.3,72.9,77.84,Pass,C
Charlotte Davis,"2231 Highland Terrace, Atlanta, GA",PhD,No,Drama,23.9,7.4,85.1,100.0,90.0,76.7,89.51,Pass,B
Lucas Thomas,"2287 Lakeview Dr, Columbus, OH",High School,No,Drama,10.3,6.2,86.8,55.5,66.5,64.3,62.0,Pass,D
James Williams,"6122 Oak Ave, New York, NY",Bachelor's,No,Volunteer,18.7,5.9,78.0,68.0,66.2,64.5,66.32,Pass,D
Amelia Smith,"9250 Highland Terrace, Austin, TX",PhD,Yes,Sports,21.5,7.0,100.0,79.8,66.8,77.9,74.68,Pass,C
Lucas Miller,"2864 Main St, Miami, FL",Bachelor's,No,Volunteer,16.5,4.0,84.8,70.7,70.1,61.2,67.66,Pass,D
Elijah Jones,"6128 Oak Ave, Los Angeles, CA",Master's,Yes,Sports,13.3,5.9,76.8,58.5,67.5,58.1,61.53,Pass,D
Benjamin Wilson,"8196 Main St, Boston, MA",High School,Yes,Music,8.2,7.5,88.4,37.6,59.9,64.1,53.36,Pass,D
Elijah Martinez,"8196 Parkway Blvd, Columbus, OH",High School,No,Music,6.1,6.2,80.5,46.1,37.4,39.4,41.06,Fail,F
Camila Miller,"3202 Parkway Blvd, Miami, FL",High School,No,Music,6.3,7.4,97.4,55.1,70.3,61.4,62.3,Pass,D
Liam Martinez,"3958 Highland Terrace, Miami, FL",Bachelor's,Yes,Drama,14.0,7.7,89.7,68.1,64.5,56.5,63.35,Pass,D
Theodore Anderson,"269 Parkway Blvd, Los Angeles, CA",High School,No,None,21.8,9.4,92.2,81.2,73.6,68.3,74.68,Pass,C
Henry Miller,"6383 Parkway Blvd, Columbus, OH",PhD,No,Sports,9.0,8.2,85.2,53.4,60.0,58.2,57.14,Pass,D
Emma Moore,"953 Lakeview Dr, Austin, TX",High School,No,Drama,8.2,6.2,74.8,41.4,44.6,53.1,46.02,Fail,F
Camila Martin,"845 Main St, Columbus, OH",Associate,No,Drama,11.5,8.2,80.0,60.3,58.6,52.4,57.35,Pass,D
Henry Lopez,"9267 Main St, Seattle, WA",Master's,Yes,Drama,10.2,6.2,100.0,63.3,67.2,60.9,63.94,Pass,D
Charlotte Taylor,"5657 Parkway Blvd, Boston, MA",High School,Yes,Drama,13.1,6.5,100.0,65.4,70.4,73.3,69.5,Pass,D
Benjamin Wilson,"4366 Main St, Seattle, WA",Associate,Yes,Music,9.4,7.5,65.9,63.5,56.5,57.0,59.1,Pass,D
Harper Rodriguez,"6007 Parkway Blvd, Columbus, OH",Associate,No,Volunteer,12.6,7.4,94.3,65.6,64.1,61.7,63.93,Pass,D
Elijah Taylor,"7239 Oak Ave, Denver, CO",Associate,No,Music,9.7,7.4,88.1,64.3,68.0,57.5,63.55,Pass,D
Luna Anderson,"3195 Oak Ave, Austin, TX",None,Yes,Music,6.6,5.2,85.4,52.1,48.2,52.8,50.93,Pass,D
Olivia Thomas,"2779 Parkway Blvd, Miami, FL",Bachelor's,Yes,Debate,10.5,6.9,90.7,67.1,65.6,76.7,69.46,Pass,D
Olivia Anderson,"9289 Parkway Blvd, Denver, CO",Bachelor's,No,Sports,15.8,8.2,66.2,66.0,59.8,52.3,59.7,Pass,D
Oliver Brown,"1633 Oak Ave, Denver, CO",Associate,Yes,Music,20.2,7.8,67.4,67.5,69.3,65.4,67.53,Pass,D
Benjamin Rodriguez,"9695 Oak Ave, Phoenix, AZ",Master's,Yes,Volunteer,15.0,8.0,73.7,51.6,62.5,58.0,57.34,Pass,D
Theodore Garcia,"1358 Oak Ave, New York, NY",Bachelor's,Yes,Drama,13.8,7.0,69.4,46.5,55.2,49.2,50.36,Pass,D
Liam Martinez,"2098 Parkway Blvd, Portland, OR",Associate,Yes,Drama,12.2,6.9,77.3,49.4,60.4,66.7,58.43,Pass,D
Oliver Smith,"7640 Parkway Blvd, Los Angeles, CA",Bachelor's,No,Volunteer,13.4,5.2,92.9,88.9,85.9,70.9,82.44,Pass,B
Liam Hernandez,"7523 Lakeview Dr, Austin, TX",PhD,Yes,Music,15.0,7.5,80.4,66.7,76.6,63.9,69.32,Pass,D
Olivia Martinez,"1009 Main St, Denver, CO",Master's,No,Sports,11.4,6.4,92.6,48.5,53.5,53.8,51.82,Pass,D
Henry Rodriguez,"4033 Parkway Blvd, Seattle, WA",None,Yes,Music,3.4,6.1,100.0,42.4,46.1,50.5,46.13,Fail,F
Charlotte Gonzalez,"4768 Oak Ave, New York, NY",None,No,Debate,11.8,5.8,81.9,70.2,63.9,67.3,67.12,Pass,D
Evelyn Martinez,"9987 Oak Ave, Portland, OR",Associate,Yes,Drama,11.8,6.6,100.0,49.1,53.1,53.4,51.79,Pass,D
Benjamin Miller,"7398 Parkway Blvd, Boston, MA",Bachelor's,No,Volunteer,11.6,8.2,78.7,59.7,59.0,57.4,58.76,Pass,D
Camila Wilson,"7022 Lakeview Dr, Los Angeles, CA",Master's,Yes,Debate,11.9,7.0,79.0,52.8,55.9,56.3,54.95,Pass,D
Evelyn Williams,"8510 Lakeview Dr, Austin, TX",Bachelor's,Yes,None,1.9,8.7,83.2,58.9,65.6,61.4,61.99,Pass,D
Oliver Thomas,"8696 Main St, Atlanta, GA",Associate,No,Debate,2.0,6.2,87.1,38.5,43.7,53.4,44.77,Fail,F
Noah Thomas,"2534 Oak Ave, Miami, FL",PhD,No,Music,16.9,5.8,80.4,84.1,89.7,70.1,81.85,Pass,B
Benjamin Wilson,"9414 Main St, Miami, FL",Master's,Yes,Sports,17.7,5.4,94.9,58.1,58.9,59.6,58.82,Pass,D
Benjamin Brown,"7061 Parkway Blvd, Atlanta, GA",None,No,None,12.1,5.5,81.0,45.3,62.3,55.4,54.26,Pass,D
Theodore Rodriguez,"4275 Highland Terrace, Denver, CO",None,Yes,Sports,6.2,5.9,79.7,49.7,43.3,51.4,47.96,Fail,F
Lucas Garcia,"6538 Main St, Seattle, WA",None,No,None,10.4,7.8,84.6,63.5,63.1,56.3,61.18,Pass,D
Sophia Hernandez,"7554 Parkway Blvd, Phoenix, AZ",Master's,No,Drama,11.1,8.7,92.4,62.9,72.0,50.7,62.44,Pass,D
Charlotte Miller,"1381 Highland Terrace, Seattle, WA",Associate,Yes,Debate,14.4,8.3,87.6,58.2,54.0,59.0,56.92,Pass,D
Luna Smith,"6570 Main St, Austin, TX",None,Yes,None,3.5,7.9,94.7,42.8,36.1,47.7,41.91,Fail,F
Harper Anderson,"6737 Highland Terrace, Columbus, OH",PhD,No,Drama,20.7,5.9,79.2,65.7,60.1,65.9,63.78,Pass,D
Camila Martin,"6571 Lakeview Dr, Denver, CO",None,Yes,Music,2.4,7.0,63.5,35.1,33.2,48.6,38.47,Fail,F
Liam Miller,"360 Oak Ave, Los Angeles, CA",None,Yes,Debate,7.9,7.7,98.6,57.4,58.9,69.1,61.46,Pass,D
Oliver Davis,"8924 Oak Ave, New York, NY",None,No,Debate,8.7,7.6,76.5,52.9,57.4,60.2,56.67,Pass,D
Oliver Thomas,"457 Main St, New York, NY",High School,Yes,None,3.7,8.0,74.5,43.8,44.5,45.0,44.39,Fail,F
Lucas Thomas,"421 Parkway Blvd, Boston, MA",Master's,Yes,Music,11.6,6.3,88.1,59.4,61.7,62.8,61.23,Pass,D
Sophia Jackson,"934 Lakeview Dr, New York, NY",None,Yes,None,8.9,6.2,60.0,49.2,59.0,45.8,51.59,Pass,D
Evelyn Wilson,"9580 Highland Terrace, Boston, MA",PhD,No,Sports,22.0,7.4,71.9,70.3,68.8,59.8,66.61,Pass,D
Harper Gonzalez,"8510 Highland Terrace, Boston, MA",PhD,No,Music,25.0,8.1,93.4,80.3,66.9,71.2,72.88,Pass,C
Olivia Taylor,"7014 Highland Terrace, Austin, TX",Associate,Yes,Drama,7.6,7.7,94.7,72.0,63.1,59.8,65.24,Pass,D
Evelyn Thomas,"8206 Highland Terrace, Los Angeles, CA",PhD,No,Debate,21.7,4.9,66.7,70.2,64.4,59.7,65.02,Pass,D
Evelyn Smith,"4818 Oak Ave, Seattle, WA",Bachelor's,No,Debate,10.8,9.0,66.3,56.1,55.9,59.9,57.19,Pass,D
Amelia Taylor,"9728 Lakeview Dr, Chicago, IL",Master's,No,Music,14.7,8.1,89.8,62.1,71.4,48.8,61.38,Pass,D
Sophia Gonzalez,"6002 Parkway Blvd, New York, NY",High School,Yes,Drama,6.6,7.1,98.7,56.9,66.5,68.6,63.79,Pass,D
Noah Thomas,"2939 Oak Ave, Seattle, WA",High School,No,Sports,5.9,7.0,80.2,54.5,60.7,42.2,52.99,Pass,D
Evelyn Thomas,"3945 Oak Ave, Miami, FL",Master's,Yes,Sports,13.8,6.3,76.6,63.0,45.8,59.3,55.87,Pass,D
Mia Rodriguez,"2698 Oak Ave, Denver, CO",Master's,Yes,Sports,17.1,6.8,76.9,69.5,65.5,65.3,66.85,Pass,D
William Wilson,"3814 Main St, Los Angeles, CA",Master's,Yes,Debate,17.2,6.8,82.7,67.3,61.3,71.7,66.53,Pass,D
Elijah Hernandez,"864 Highland Terrace, Denver, CO",Associate,Yes,None,13.5,8.0,99.6,58.1,68.3,71.4,65.66,Pass,D
Benjamin Martin,"1806 Main St, Portland, OR",Bachelor's,No,Sports,8.5,8.0,78.4,56.0,59.7,63.5,59.56,Pass,D
Emma Martin,"1769 Highland Terrace, Phoenix, AZ",None,Yes,Music,5.1,7.3,76.2,41.9,49.6,53.9,48.22,Fail,F
Emma Miller,"2672 Lakeview Dr, Denver, CO",PhD,No,Volunteer,18.7,8.2,77.9,75.9,69.5,66.5,70.83,Pass,C
Harper Brown,"6059 Lakeview Dr, Seattle, WA",High School,Yes,Music,10.7,8.6,85.1,60.5,62.3,59.1,60.69,Pass,D
Lucas Wilson,"4119 Parkway Blvd, Austin, TX",Associate,No,Volunteer,11.7,7.2,100.0,63.7,67.2,63.4,64.86,Pass,D
Charlotte Williams,"6201 Parkway Blvd, Miami, FL",Associate,Yes,Music,21.8,7.2,90.2,69.8,68.3,65.2,67.9,Pass,D
Benjamin Wilson,"2360 Parkway Blvd, Chicago, IL",Bachelor's,No,Debate,15.4,6.2,88.9,70.2,64.4,62.4,65.8,Pass,D
Benjamin Lopez,"7351 Oak Ave, Austin, TX",None,Yes,Sports,8.1,7.8,88.2,60.5,66.4,65.9,64.18,Pass,D
William Hernandez,"2792 Parkway Blvd, New York, NY",None,No,Sports,17.3,5.7,70.9,66.9,62.3,48.6,59.81,Pass,D
Oliver Jackson,"8616 Lakeview Dr, Austin, TX",Bachelor's,No,None,18.9,9.6,84.7,66.3,76.9,72.3,71.82,Pass,C
Luna Martinez,"5239 Lakeview Dr, Columbus, OH",None,No,Volunteer,7.2,7.4,82.1,62.6,63.5,60.5,62.3,Pass,D
Camila Jones,"6718 Parkway Blvd, Columbus, OH",PhD,Yes,Volunteer,15.1,6.6,75.6,62.7,57.4,70.7,63.27,Pass,D
Camila Martin,"7344 Lakeview Dr, Portland, OR",PhD,No,Music,16.2,6.4,86.1,68.4,73.8,63.0,68.68,Pass,D
Sophia Williams,"8905 Lakeview Dr, Austin, TX",Bachelor's,Yes,Volunteer,9.3,7.1,80.5,57.3,45.8,52.8,51.91,Pass,D
Luna Martinez,"1620 Highland Terrace, Chicago, IL",Master's,No,Volunteer,7.7,6.3,76.7,49.7,56.2,50.0,52.07,Pass,D
William Garcia,"556 Highland Terrace, Austin, TX",Master's,No,Music,16.7,8.6,100.0,58.1,70.6,62.8,63.9,Pass,D
Sophia Wilson,"1909 Main St, Atlanta, GA",Associate,No,None,9.4,7.2,86.2,55.4,55.3,53.2,54.7,Pass,D
Benjamin Lopez,"882 Main St, Los Angeles, CA",Bachelor's,No,Volunteer,15.4,6.5,93.5,70.6,74.1,69.8,71.6,Pass,C
Liam Anderson,"3968 Highland Terrace, Denver, CO",Master's,Yes,Drama,14.1,5.9,86.9,63.2,68.0,67.6,66.24,Pass,D
Sophia Martinez,"9484 Oak Ave, Portland, OR",PhD,No,Volunteer,16.9,7.7,76.8,64.6,62.4,56.4,61.39,Pass,D
Amelia Brown,"8561 Highland Terrace, Denver, CO",High School,No,Debate,8.2,6.6,91.6,64.2,65.7,50.4,60.6,Pass,D
Emma Jones,"7074 Parkway Blvd, Columbus, OH",None,Yes,Sports,5.4,9.0,81.7,49.3,55.1,57.4,53.79,Pass,D
Evelyn Jones,"3619 Parkway Blvd, Boston, MA",None,No,None,4.6,6.1,72.9,27.2,46.4,51.7,41.3,Fail,F
Benjamin Gonzalez,"9258 Highland Terrace, Phoenix, AZ",Bachelor's,No,Volunteer,7.3,6.5,78.6,48.5,59.6,55.1,54.39,Pass,D
Harper Wilson,"8120 Parkway Blvd, Boston, MA",High School,Yes,Volunteer,12.9,8.9,100.0,72.7,55.0,76.3,67.62,Pass,D
Oliver Thomas,"7599 Oak Ave, Columbus, OH",PhD,Yes,None,13.6,6.4,88.3,64.0,55.7,61.8,60.43,Pass,D
James Anderson,"634 Oak Ave, Boston, MA",Master's,No,Sports,14.8,7.5,86.4,79.0,64.8,68.9,70.99,Pass,C
Camila Wilson,"2080 Lakeview Dr, Los Angeles, CA",Master's,No,Sports,15.7,5.8,95.6,61.9,57.4,59.9,59.74,Pass,D
Benjamin Jones,"6186 Lakeview Dr, Los Angeles, CA",Associate,No,Drama,10.5,6.5,71.6,56.6,58.9,59.4,58.26,Pass,D
Harper Smith,"2428 Highland Terrace, Seattle, WA",Bachelor's,Yes,Drama,17.5,7.1,84.3,60.6,64.8,65.9,63.66,Pass,D
Sophia Miller,"8108 Main St, Seattle, WA",None,No,Sports,10.3,7.5,82.9,58.3,61.1,54.8,58.2,Pass,D
Olivia Wilson,"9489 Lakeview Dr, Boston, MA",Master's,No,Drama,12.2,8.3,89.7,65.4,54.1,63.0,60.73,Pass,D
Henry Thomas,"2275 Oak Ave, Columbus, OH",Master's,No,Debate,17.4,7.1,75.9,67.0,56.5,61.3,61.61,Pass,D
Lucas Jones,"5428 Main St, Columbus, OH",Master's,No,Debate,14.3,6.8,98.6,79.5,64.8,81.5,74.96,Pass,C
Amelia Gonzalez,"8963 Main St, Denver, CO",PhD,No,None,14.9,7.3,65.3,63.1,71.4,62.7,65.88,Pass,D
Elijah Williams,"506 Highland Terrace, Seattle, WA",PhD,No,Volunteer,20.5,8.0,93.1,69.7,61.1,68.6,66.36,Pass,D
Emma Moore,"3252 Highland Terrace, Los Angeles, CA",Master's,Yes,Volunteer,9.4,9.1,98.5,58.0,71.1,62.7,64.03,Pass,D
Benjamin Miller,"8335 Main St, Boston, MA",None,Yes,Sports,5.5,6.2,100.0,55.6,52.5,56.0,54.63,Pass,D
Elijah Miller,"9595 Parkway Blvd, Chicago, IL",None,No,Debate,6.5,8.1,81.0,66.1,63.4,51.6,60.81,Pass,D
Theodore Johnson,"481 Lakeview Dr, Boston, MA",Bachelor's,Yes,Debate,13.3,6.0,88.2,64.2,61.4,53.4,59.97,Pass,D
Liam Taylor,"6358 Lakeview Dr, Denver, CO",None,Yes,Sports,6.0,8.9,84.3,47.4,44.5,52.7,47.98,Fail,F
Luna Garcia,"2459 Oak Ave, Miami, FL",Associate,Yes,Music,12.3,8.2,90.8,60.4,69.5,67.0,65.57,Pass,D
Sophia Wilson,"2872 Main St, Portland, OR",Master's,No,Music,23.8,6.2,88.3,83.4,82.8,66.5,78.13,Pass,C
Liam Johnson,"6488 Main St, Miami, FL",Associate,Yes,Debate,10.3,8.3,92.1,59.7,58.9,67.7,61.82,Pass,D
William Rodriguez,"2081 Main St, New York, NY",High School,Yes,Volunteer,14.1,7.4,82.1,61.2,61.3,60.0,60.86,Pass,D
Theodore Davis,"8433 Highland Terrace, Boston, MA",Bachelor's,Yes,Drama,10.1,9.1,77.6,69.6,53.6,61.1,61.44,Pass,D
Olivia Hernandez,"9162 Parkway Blvd, Boston, MA",None,No,Sports,4.2,6.9,60.0,27.7,35.5,25.4,29.74,Fail,F
Evelyn Davis,"4509 Highland Terrace, Austin, TX",Master's,Yes,Music,13.3,8.4,100.0,70.4,65.9,78.1,71.15,Pass,C
Luna Jones,"9410 Parkway Blvd, Miami, FL",Bachelor's,Yes,None,7.4,9.3,84.2,43.6,45.7,42.9,44.12,Fail,F
Benjamin Miller,"6216 Highland Terrace, Seattle, WA",High School,Yes,Volunteer,13.8,6.4,92.9,67.4,65.0,70.9,67.61,Pass,D
Evelyn Moore,"784 Main St, Boston, MA",Bachelor's,No,None,8.3,6.5,80.8,45.4,52.0,47.6,48.36,Fail,F
Charlotte Smith,"8000 Lakeview Dr, Austin, TX",Master's,No,None,15.7,7.1,75.1,63.6,54.4,61.4,59.75,Pass,D
Henry Lopez,"3585 Highland Terrace, Portland, OR",Master's,No,Sports,15.4,7.9,96.6,63.3,61.5,64.6,63.05,Pass,D
Charlotte Moore,"1245 Lakeview Dr, Phoenix, AZ",None,No,None,5.5,4.9,77.1,54.5,55.5,56.9,55.57,Pass,D
Emma Jones,"9217 Lakeview Dr, Columbus, OH",Bachelor's,Yes,Volunteer,18.3,8.1,78.0,68.6,73.6,60.6,67.93,Pass,D
Benjamin Hernandez,"5713 Lakeview Dr, Portland, OR",PhD,No,Drama,8.1,7.4,82.3,53.4,52.4,57.5,54.29,Pass,D
Amelia Hernandez,"3550 Parkway Blvd, Denver, CO",Master's,No,Sports,13.0,9.6,85.4,67.8,68.2,59.9,65.56,Pass,D
Oliver Smith,"7907 Main St, Phoenix, AZ",None,Yes,Debate,1.0,6.5,78.2,34.8,42.0,39.8,38.8,Fail,F
Luna Thomas,"8916 Main St, New York, NY",PhD,Yes,Volunteer,19.3,7.4,96.1,69.1,63.3,63.6,65.41,Pass,D
Liam Anderson,"2122 Lakeview Dr, Portland, OR",Bachelor's,No,Debate,9.4,6.0,83.4,50.9,49.4,48.3,49.61,Fail,F
Charlotte Smith,"7680 Lakeview Dr, Los Angeles, CA",High School,No,Sports,5.3,7.0,89.2,56.9,65.9,61.1,61.31,Pass,D
Amelia Smith,"5962 Oak Ave, Miami, FL",None,No,None,7.3,6.7,87.8,51.7,52.4,58.0,53.85,Pass,D
Amelia Davis,"6047 Main St, Boston, MA",Associate,No,None,10.5,7.6,75.9,39.7,50.1,42.7,44.26,Fail,F
Camila Miller,"3312 Parkway Blvd, Austin, TX",None,No,Volunteer,2.2,8.1,80.3,40.9,47.5,50.8,46.17,Fail,F
Benjamin Thomas,"9140 Oak Ave, Seattle, WA",PhD,Yes,Sports,13.8,6.5,89.7,63.6,58.9,71.0,64.19,Pass,D
Theodore Jones,"1165 Oak Ave, Columbus, OH",Associate,Yes,Volunteer,11.7,7.4,74.6,52.4,55.7,61.3,56.22,Pass,D
Elijah Miller,"478 Highland Terrace, Portland, OR",Master's,No,None,14.9,10.0,67.3,75.3,69.1,54.4,66.86,Pass,D
Luna Anderson,"7097 Main St, Austin, TX",Associate,No,Debate,8.8,7.3,97.6,54.2,58.0,62.7,58.06,Pass,D
Elijah Brown,"8591 Parkway Blvd, Portland, OR",Bachelor's,No,Volunteer,19.1,6.7,92.6,66.6,83.2,73.6,74.48,Pass,C
Olivia Davis,"4653 Parkway Blvd, Austin, TX",Master's,No,Drama,15.2,7.6,71.7,67.2,66.4,61.6,65.25,Pass,D
Liam Gonzalez,"5583 Main St, Chicago, IL",Master's,Yes,None,13.4,7.1,84.3,67.1,71.7,69.1,69.3,Pass,D
Amelia Wilson,"4195 Oak Ave, Los Angeles, CA",High School,No,Drama,18.8,4.0,85.8,90.0,79.8,69.4,80.27,Pass,B
Noah Brown,"7963 Parkway Blvd, Austin, TX",None,No,Drama,6.2,5.4,91.1,45.8,55.6,54.4,51.78,Pass,D
Amelia Brown,"4005 Lakeview Dr, Boston, MA",None,No,Volunteer,4.9,6.5,75.2,53.4,61.9,39.6,52.22,Pass,D
Amelia Williams,"7284 Main St, Phoenix, AZ",PhD,No,Volunteer,10.7,8.0,68.5,57.1,56.8,54.3,56.18,Pass,D
Emma Williams,"646 Parkway Blvd, Austin, TX",Associate,Yes,Music,9.3,6.8,100.0,60.7,59.3,52.4,57.7,Pass,D
Olivia Anderson,"5039 Highland Terrace, Austin, TX",PhD,No,Sports,13.7,7.8,95.6,57.9,49.1,60.7,55.69,Pass,D
Emma Johnson,"955 Lakeview Dr, Atlanta, GA",Bachelor's,No,Sports,13.9,6.8,84.9,64.7,54.5,47.7,56.04,Pass,D
Camila Wilson,"9923 Highland Terrace, Chicago, IL",None,No,Debate,6.4,7.7,100.0,53.7,53.5,46.6,51.49,Pass,D
Lucas Wilson,"1759 Lakeview Dr, Phoenix, AZ",PhD,Yes,Debate,16.5,8.1,99.3,65.5,62.8,67.5,65.16,Pass,D
Benjamin Hernandez,"3253 Main St, Phoenix, AZ",None,Yes,Volunteer,14.9,6.9,83.1,50.7,60.5,66.2,58.79,Pass,D
Noah Jackson,"9491 Oak Ave, Chicago, IL",PhD,No,Drama,13.0,5.5,92.9,63.0,55.8,53.6,57.64,Pass,D
Evelyn Thomas,"7384 Oak Ave, Columbus, OH",High School,Yes,Sports,11.5,7.8,100.0,52.2,63.7,59.4,58.39,Pass,D
Olivia Jones,"9676 Parkway Blvd, Miami, FL",Master's,No,Drama,18.2,6.0,60.0,78.3,71.9,56.8,69.6,Pass,D
Theodore Moore,"2515 Parkway Blvd, Seattle, WA",Associate,No,Drama,3.4,9.2,84.1,48.1,58.2,49.7,52.12,Pass,D
Mia Smith,"9708 Oak Ave, Atlanta, GA",None,Yes,Volunteer,15.9,6.8,88.8,78.9,80.7,69.3,76.65,Pass,C
Luna Johnson,"5733 Oak Ave, New York, NY",High School,Yes,Sports,10.6,7.8,93.3,49.0,67.2,56.6,57.67,Pass,D
William Miller,"7894 Parkway Blvd, Portland, OR",Master's,No,Volunteer,11.4,7.2,100.0,57.2,67.4,63.5,62.69,Pass,D
Theodore Hernandez,"5009 Parkway Blvd, Phoenix, AZ",Associate,Yes,Sports,14.4,6.5,76.7,51.7,54.7,70.1,58.26,Pass,D
Lucas Johnson,"3694 Main St, Boston, MA",PhD,Yes,None,16.3,6.8,100.0,79.0,80.6,77.5,79.14,Pass,C
Amelia Anderson,"3592 Oak Ave, Phoenix, AZ",Bachelor's,No,None,17.6,7.7,86.5,73.5,69.4,57.2,67.17,Pass,D
Henry Miller,"3118 Main St, New York, NY",Associate,Yes,Sports,11.6,7.1,83.3,51.9,65.5,48.3,55.59,Pass,D
Mia Smith,"1987 Oak Ave, Atlanta, GA",Associate,No,Music,12.3,7.3,81.2,51.7,55.6,39.7,49.47,Fail,F
Theodore Lopez,"586 Oak Ave, Austin, TX",High School,No,Music,11.7,9.2,92.7,63.6,59.6,52.1,58.73,Pass,D
Amelia Rodriguez,"2955 Lakeview Dr, Columbus, OH",Master's,Yes,Music,12.6,7.3,91.6,53.3,58.5,66.4,59.04,Pass,D
James Smith,"4389 Main St, Seattle, WA",None,Yes,Debate,10.3,8.6,88.8,62.5,60.7,58.4,60.64,Pass,D
Emma Hernandez,"5098 Parkway Blvd, Chicago, IL",High School,No,Drama,1.0,6.8,83.2,38.8,44.8,50.6,44.46,Fail,F
Charlotte Taylor,"7206 Main St, Phoenix, AZ",None,Yes,Music,8.4,7.1,88.1,63.8,60.1,53.1,59.3,Pass,D
James Miller,"6296 Lakeview Dr, Atlanta, GA",Associate,No,None,12.5,5.7,79.1,72.3,69.9,70.9,71.06,Pass,C
Amelia Johnson,"9722 Oak Ave, Phoenix, AZ",Master's,No,Music,11.7,7.9,94.0,61.0,64.8,57.6,61.31,Pass,D
William Davis,"4688 Oak Ave, Austin, TX",Master's,No,Music,19.7,6.8,91.3,81.9,62.0,77.8,73.72,Pass,C
Noah Thomas,"1162 Oak Ave, Portland, OR",Master's,No,None,12.5,6.9,84.6,56.5,46.6,51.0,51.37,Pass,D
Benjamin Lopez,"8601 Parkway Blvd, Boston, MA",High School,No,None,11.2,7.1,84.4,53.4,54.5,54.8,54.21,Pass,D
Mia Taylor,"8018 Parkway Blvd, Columbus, OH",Bachelor's,No,Volunteer,10.6,7.6,76.3,62.7,67.6,52.7,61.42,Pass,D
Henry Jackson,"699 Oak Ave, Portland, OR",High School,Yes,Debate,7.9,6.9,77.3,39.4,47.8,46.1,44.36,Fail,F
Amelia Gonzalez,"5113 Parkway Blvd, Chicago, IL",Bachelor's,Yes,Drama,13.6,7.0,86.9,67.3,61.0,71.9,66.48,Pass,D
Elijah Moore,"2300 Main St, Los Angeles, CA",Associate,No,Volunteer,5.8,6.1,86.9,53.9,64.3,46.3,55.25,Pass,D
Mia Davis,"774 Parkway Blvd, Phoenix, AZ",Master's,No,Debate,8.0,6.1,89.5,54.7,54.4,59.5,56.07,Pass,D
Lucas Anderson,"6800 Lakeview Dr, New York, NY",Bachelor's,No,Drama,13.1,8.6,76.4,63.2,56.0,62.3,60.43,Pass,D
Henry Smith,"7336 Oak Ave, Seattle, WA",Associate,Yes,Drama,15.0,7.6,81.2,65.0,51.6,56.0,57.62,Pass,D
Noah Martinez,"8501 Highland Terrace, Atlanta, GA",PhD,Yes,Drama,22.2,6.4,78.4,76.8,68.8,70.6,72.17,Pass,C
Amelia Brown,"1268 Lakeview Dr, Los Angeles, CA",None,Yes,Drama,16.9,6.7,71.5,56.1,64.4,49.2,56.93,Pass,D
James Hernandez,"5059 Lakeview Dr, Miami, FL",High School,Yes,None,13.0,6.0,89.2,78.1,72.2,79.5,76.48,Pass,C
Luna Rodriguez,"5006 Lakeview Dr, Austin, TX",Associate,No,Debate,10.5,6.0,79.4,55.6,55.4,55.6,55.5,Pass,D
Theodore Smith,"8499 Oak Ave, Boston, MA",Bachelor's,Yes,Music,17.3,6.5,100.0,70.7,59.7,56.9,62.7,Pass,D
James Thomas,"8551 Highland Terrace, Chicago, IL",Master's,No,None,19.2,6.4,76.6,71.2,66.4,63.2,67.13,Pass,D
Lucas Hernandez,"5229 Oak Ave, Los Angeles, CA",Bachelor's,No,Music,14.9,7.2,80.7,61.3,71.9,56.5,63.59,Pass,D
Lucas Anderson,"593 Lakeview Dr, Atlanta, GA",High School,Yes,Drama,9.1,6.5,87.0,58.7,56.7,59.5,58.22,Pass,D
Liam Thomas,"5910 Lakeview Dr, Portland, OR",High School,No,Debate,10.8,6.6,95.1,54.9,53.6,59.8,55.95,Pass,D
Henry Moore,"5442 Highland Terrace, Miami, FL",None,Yes,Music,13.1,7.6,92.1,80.8,74.7,74.7,76.81,Pass,C
Oliver Hernandez,"9979 Highland Terrace, Phoenix, AZ",Master's,No,Debate,9.6,7.0,78.2,54.3,64.7,51.5,57.11,Pass,D
James Gonzalez,"8857 Parkway Blvd, Los Angeles, CA",High School,No,Sports,8.3,5.7,81.9,58.1,66.1,57.7,60.78,Pass,D
William Jackson,"5091 Main St, Boston, MA",High School,Yes,None,10.7,9.1,81.5,63.6,70.7,61.9,65.57,Pass,D
Luna Garcia,"9985 Parkway Blvd, Austin, TX",None,Yes,Music,11.7,4.6,87.1,65.3,72.2,68.2,68.6,Pass,D
Noah Gonzalez,"3473 Oak Ave, Miami, FL",Associate,Yes,Debate,4.1,7.4,77.8,52.5,59.1,53.2,55.02,Pass,D
Olivia Lopez,"280 Oak Ave, Atlanta, GA",Associate,No,Debate,11.1,4.7,75.1,62.2,61.4,51.8,58.81,Pass,D
Charlotte Brown,"8889 Parkway Blvd, Seattle, WA",Bachelor's,Yes,Debate,15.5,7.6,82.3,65.4,44.8,53.9,54.73,Pass,D
James Jones,"5175 Parkway Blvd, Chicago, IL",PhD,No,Music,21.8,8.9,68.6,71.9,67.6,60.0,66.81,Pass,D
Camila Jackson,"9725 Oak Ave, Miami, FL",Master's,No,Drama,19.2,7.3,74.3,65.1,61.2,72.0,65.79,Pass,D
James Smith,"7402 Main St, Seattle, WA",Bachelor's,Yes,Volunteer,15.5,5.6,96.4,79.7,58.6,66.9,68.49,Pass,D
William Jackson,"7639 Parkway Blvd, Boston, MA",Master's,Yes,None,17.3,6.8,87.2,66.6,60.9,58.4,62.17,Pass,D
Noah Martinez,"7576 Lakeview Dr, Portland, OR",PhD,No,Debate,18.8,6.2,100.0,82.0,76.5,77.5,78.71,Pass,C
Camila Garcia,"4181 Oak Ave, New York, NY",Master's,No,Debate,15.8,8.0,81.6,75.5,68.1,57.8,67.59,Pass,D
Henry Garcia,"9416 Main St, Columbus, OH",Bachelor's,Yes,Music,19.1,5.9,96.5,66.3,77.6,65.5,70.04,Pass,C
Charlotte Rodriguez,"8910 Lakeview Dr, Portland, OR",PhD,Yes,None,13.5,6.2,100.0,75.1,71.2,71.6,72.68,Pass,C
James Thomas,"9157 Main St, New York, NY",Associate,Yes,Sports,2.2,7.2,82.8,28.4,32.1,45.5,34.8,Fail,F
Benjamin Hernandez,"7488 Oak Ave, New York, NY",Associate,Yes,Volunteer,10.4,5.8,92.8,61.8,73.4,65.7,67.01,Pass,D
Olivia Anderson,"1299 Parkway Blvd, Austin, TX",Bachelor's,No,None,22.2,7.8,71.0,82.6,69.6,67.9,73.63,Pass,C
Henry Miller,"718 Main St, New York, NY",Associate,Yes,None,8.3,7.8,88.8,55.9,60.1,54.7,56.97,Pass,D
Oliver Hernandez,"7706 Parkway Blvd, Portland, OR",Bachelor's,Yes,Sports,11.6,7.2,94.0,71.6,72.7,61.7,69.04,Pass,D
Luna Davis,"7271 Oak Ave, Columbus, OH",Bachelor's,No,Music,13.4,7.8,68.1,57.4,54.0,42.7,51.78,Pass,D
Charlotte Smith,"1746 Oak Ave, Phoenix, AZ",Associate,Yes,Volunteer,19.1,7.5,86.5,81.3,81.5,75.2,79.55,Pass,C
Henry Garcia,"283 Lakeview Dr, Los Angeles, CA",High School,No,Drama,13.6,5.6,100.0,65.7,61.2,70.9,65.71,Pass,D
Charlotte Miller,"664 Highland Terrace, Columbus, OH",High School,No,None,4.2,8.7,91.4,50.4,51.4,50.5,50.8,Pass,D
Olivia Taylor,"1784 Parkway Blvd, Portland, OR",PhD,No,Debate,12.5,6.5,83.9,64.2,68.8,69.1,67.27,Pass,D
Olivia Martin,"897 Parkway Blvd, Austin, TX",High School,Yes,Drama,12.6,7.5,86.5,61.6,64.6,66.5,64.1,Pass,D
Amelia Miller,"362 Parkway Blvd, Los Angeles, CA",None,Yes,Drama,9.3,6.6,83.6,74.1,64.2,62.2,67.07,Pass,D
James Williams,"1682 Oak Ave, Chicago, IL",PhD,Yes,Sports,14.2,7.3,83.7,53.2,54.7,59.6,55.65,Pass,D
Evelyn Taylor,"5459 Lakeview Dr, Los Angeles, CA",Master's,Yes,Volunteer,14.0,5.5,99.8,64.5,76.6,70.1,70.42,Pass,C
James Moore,"7110 Main St, New York, NY",High School,Yes,Sports,18.2,6.9,78.1,72.9,62.9,68.6,68.08,Pass,D
Mia Hernandez,"345 Parkway Blvd, Seattle, WA",PhD,No,Sports,18.2,6.6,91.2,73.5,82.2,66.5,74.45,Pass,C
Henry Miller,"3706 Main St, Boston, MA",PhD,No,None,16.7,8.0,99.6,66.2,66.7,70.3,67.59,Pass,D
Camila Lopez,"1203 Oak Ave, Austin, TX",Bachelor's,No,Volunteer,11.2,7.2,95.2,61.7,66.7,57.1,62.06,Pass,D
Harper Brown,"8884 Highland Terrace, Columbus, OH",High School,No,Sports,6.8,8.4,91.6,57.1,64.8,66.6,62.65,Pass,D
Camila Hernandez,"6466 Oak Ave, Portland, OR",Associate,Yes,None,10.3,8.0,77.7,69.9,58.9,57.3,62.26,Pass,D
William Thomas,"5590 Main St, Los Angeles, CA",Master's,No,Debate,17.5,7.7,82.0,66.5,58.3,60.5,61.83,Pass,D
Benjamin Davis,"9725 Main St, Atlanta, GA",High School,Yes,Volunteer,8.9,5.2,73.4,51.8,59.9,62.0,57.7,Pass,D
Emma Martinez,"7120 Oak Ave, Chicago, IL",Master's,Yes,Sports,11.7,7.5,73.5,68.6,67.6,53.5,63.73,Pass,D
Oliver Lopez,"4959 Oak Ave, Boston, MA",High School,No,Music,9.9,7.8,89.9,54.3,56.8,52.9,54.74,Pass,D
Olivia Davis,"9898 Parkway Blvd, Columbus, OH",PhD,No,Music,17.3,6.7,85.7,73.5,74.7,66.9,71.92,Pass,C
Elijah Hernandez,"748 Highland Terrace, Portland, OR",Bachelor's,No,Sports,18.4,6.4,87.7,77.8,65.4,60.5,68.26,Pass,D
Amelia Hernandez,"4069 Oak Ave, Denver, CO",Master's,Yes,None,17.1,6.6,72.5,65.1,64.2,69.6,66.12,Pass,D
Amelia Davis,"6350 Highland Terrace, Phoenix, AZ",Associate,Yes,Debate,10.9,5.7,79.5,69.6,66.2,58.9,65.22,Pass,D
Liam Williams,"1246 Oak Ave, Boston, MA",None,Yes,Music,7.7,7.4,82.1,54.6,58.4,60.7,57.76,Pass,D
Oliver Williams,"9809 Highland Terrace, Seattle, WA",High School,Yes,Volunteer,12.7,6.2,100.0,53.7,53.2,64.2,56.67,Pass,D
Noah Wilson,"7752 Lakeview Dr, Columbus, OH",High School,Yes,Music,10.8,5.4,86.3,46.5,58.1,58.9,54.27,Pass,D
Evelyn Garcia,"4179 Lakeview Dr, Phoenix, AZ",Associate,No,None,4.4,8.3,89.7,49.3,46.9,49.1,48.4,Fail,F
James Rodriguez,"1410 Lakeview Dr, Boston, MA",Bachelor's,No,Music,17.2,5.2,85.8,59.3,62.3,54.7,58.95,Pass,D
Harper Anderson,"8378 Highland Terrace, New York, NY",PhD,No,Music,11.1,6.4,90.7,48.3,58.5,61.5,55.83,Pass,D
Harper Smith,"7102 Main St, New York, NY",Associate,Yes,Volunteer,18.0,7.3,89.3,67.8,67.2,66.2,67.11,Pass,D
Charlotte Rodriguez,"7696 Lakeview Dr, New York, NY",Bachelor's,No,Debate,15.1,5.9,75.6,56.4,71.5,58.6,62.33,Pass,D
Luna Martin,"1278 Lakeview Dr, Boston, MA",High School,No,Music,5.8,6.9,91.2,55.8,52.7,54.8,54.41,Pass,D
Oliver Miller,"310 Highland Terrace, Austin, TX",PhD,No,Debate,12.9,5.5,92.3,64.2,65.5,53.8,61.53,Pass,D
Henry Wilson,"6213 Parkway Blvd, New York, NY",Bachelor's,No,None,12.1,6.8,87.8,59.0,66.4,51.7,59.39,Pass,D
Theodore Williams,"736 Main St, New York, NY",Bachelor's,Yes,Music,16.3,7.4,100.0,54.7,59.7,57.5,57.28,Pass,D
Evelyn Rodriguez,"5811 Highland Terrace, Columbus, OH",PhD,No,None,10.6,6.0,82.0,62.8,61.2,58.5,60.95,Pass,D
Mia Johnson,"6413 Parkway Blvd, Portland, OR",PhD,Yes,Music,12.1,7.0,91.3,57.5,74.6,66.4,66.18,Pass,D
Harper Johnson,"562 Oak Ave, Denver, CO",Associate,No,None,16.7,6.9,100.0,71.8,65.1,64.7,67.35,Pass,D
Oliver Rodriguez,"9965 Highland Terrace, Chicago, IL",PhD,Yes,Sports,16.7,7.6,88.3,68.8,60.9,62.1,64.04,Pass,D
Emma Williams,"6397 Parkway Blvd, Portland, OR",PhD,Yes,Volunteer,14.9,5.8,95.5,62.3,69.2,64.1,65.26,Pass,D
James Wilson,"7093 Lakeview Dr, Seattle, WA",PhD,No,Volunteer,15.4,6.8,87.6,72.8,61.5,61.5,65.42,Pass,D
Luna Gonzalez,"5145 Parkway Blvd, Phoenix, AZ",PhD,Yes,Sports,18.1,6.6,99.9,82.4,71.2,80.6,77.94,Pass,C
Theodore Lopez,"4507 Oak Ave, Seattle, WA",PhD,No,None,12.3,6.9,88.1,70.2,66.6,60.4,66.0,Pass,D
Sophia Smith,"8156 Main St, Seattle, WA",None,Yes,None,7.6,6.8,93.3,72.6,63.3,63.2,66.51,Pass,D
Evelyn Taylor,"4824 Parkway Blvd, New York, NY",High School,Yes,Drama,8.2,7.9,100.0,66.7,60.9,69.5,65.52,Pass,D
Charlotte Jones,"8070 Oak Ave, Chicago, IL",Master's,Yes,Debate,19.7,6.3,100.0,80.1,79.0,80.0,79.7,Pass,C
Theodore Miller,"3392 Main St, Seattle, WA",PhD,Yes,Music,8.2,5.8,83.4,57.0,64.6,61.5,61.04,Pass,D
Elijah Wilson,"1889 Oak Ave, Boston, MA",None,No,Sports,9.4,4.5,72.0,62.1,61.1,50.8,58.33,Pass,D
Henry Brown,"1152 Lakeview Dr, Miami, FL",None,Yes,Debate,5.1,7.7,83.1,40.9,50.7,41.6,44.56,Fail,F
Harper Brown,"1100 Lakeview Dr, Austin, TX",None,Yes,Sports,8.2,6.6,91.9,67.3,65.6,60.8,64.77,Pass,D
James Taylor,"6254 Highland Terrace, Austin, TX",Master's,No,Debate,14.0,5.8,89.9,64.8,67.2,60.6,64.4,Pass,D
Harper Hernandez,"7136 Lakeview Dr, Phoenix, AZ",Associate,No,Drama,14.1,7.2,84.9,73.7,74.2,56.0,68.58,Pass,D
Amelia Lopez,"6628 Parkway Blvd, Portland, OR",Master's,Yes,Drama,9.1,6.9,97.8,56.4,64.0,63.7,61.22,Pass,D
William Brown,"7586 Parkway Blvd, Austin, TX",PhD,Yes,Sports,15.7,5.3,81.6,55.7,57.6,59.1,57.36,Pass,D
Camila Brown,"4678 Oak Ave, Atlanta, GA",Associate,No,Volunteer,15.6,7.0,84.0,59.3,52.9,55.9,56.05,Pass,D
Harper Taylor,"3179 Main St, New York, NY",PhD,No,Sports,12.4,8.5,90.7,64.2,66.0,54.9,62.03,Pass,D
Mia Johnson,"5433 Parkway Blvd, Columbus, OH",High School,No,Debate,16.0,8.5,100.0,58.7,54.8,52.9,55.6,Pass,D
Camila Williams,"7110 Parkway Blvd, Denver, CO",PhD,Yes,None,15.6,6.9,100.0,60.8,66.5,60.5,62.67,Pass,D
Henry Martinez,"3296 Oak Ave, Phoenix, AZ",Master's,Yes,Music,23.0,6.4,83.7,92.9,85.0,76.0,85.03,Pass,B
Harper Williams,"9090 Parkway Blvd, Miami, FL",High School,No,Sports,14.9,5.7,86.6,67.1,73.7,63.6,68.38,Pass,D
Harper Moore,"4087 Oak Ave, Chicago, IL",High School,Yes,Sports,14.1,8.4,92.3,58.6,62.2,68.5,62.85,Pass,D
Evelyn Smith,"5449 Parkway Blvd, Seattle, WA",Associate,Yes,None,17.1,8.8,89.2,74.9,76.9,68.8,73.76,Pass,C
Elijah Thomas,"2116 Oak Ave, Portland, OR",Master's,No,Sports,18.6,7.7,100.0,73.6,80.3,57.2,71.07,Pass,C
William Davis,"9941 Main St, Phoenix, AZ",PhD,No,Debate,18.7,7.6,85.1,62.9,64.1,53.3,60.43,Pass,D
Henry Moore,"3923 Oak Ave, New York, NY",Associate,Yes,Drama,15.0,9.0,97.2,72.6,73.1,63.6,70.04,Pass,C
Noah Brown,"5674 Highland Terrace, Los Angeles, CA",High School,Yes,Volunteer,9.2,6.4,95.5,59.7,57.8,59.1,58.85,Pass,D
Mia Jones,"6329 Highland Terrace, Denver, CO",PhD,Yes,Drama,14.4,5.3,80.7,64.0,62.6,61.7,62.83,Pass,D
Olivia Jackson,"3210 Parkway Blvd, Atlanta, GA",Bachelor's,No,Drama,15.6,8.0,87.3,72.3,67.6,60.9,67.24,Pass,D
Oliver Taylor,"9956 Highland Terrace, Portland, OR",High School,Yes,Debate,12.3,8.2,99.0,63.4,66.9,71.3,66.97,Pass,D
Liam Moore,"5276 Oak Ave, Boston, MA",Associate,Yes,Debate,14.8,5.7,84.4,66.4,72.6,71.1,69.97,Pass,D
Lucas Jones,"4743 Oak Ave, Phoenix, AZ",PhD,Yes,Volunteer,16.2,5.8,91.3,67.5,59.8,69.4,65.35,Pass,D
William Martinez,"2122 Lakeview Dr, Atlanta, GA",PhD,No,None,11.9,6.9,80.4,54.8,56.1,54.8,55.24,Pass,D
James Thomas,"6271 Main St, Miami, FL",Associate,Yes,None,10.7,7.4,67.9,54.2,62.9,50.1,56.03,Pass,D
James Davis,"961 Oak Ave, Columbus, OH",Bachelor's,No,Drama,15.5,6.0,88.5,48.4,63.5,60.4,57.31,Pass,D
Charlotte Smith,"6527 Lakeview Dr, Atlanta, GA",Bachelor's,No,Drama,11.2,6.5,100.0,45.4,48.1,43.9,45.86,Fail,F
Henry Gonzalez,"8748 Lakeview Dr, Los Angeles, CA",Associate,Yes,None,15.2,7.2,66.6,56.3,43.4,47.4,49.13,Fail,F
Luna Gonzalez,"2244 Lakeview Dr, Los Angeles, CA",Master's,Yes,None,17.1,8.2,78.8,80.8,74.9,66.2,74.35,Pass,C
Sophia Anderson,"2781 Highland Terrace, Portland, OR",High School,No,None,11.1,7.9,83.1,49.2,50.2,54.6,51.18,Pass,D
Harper Martinez,"3536 Oak Ave, Seattle, WA",PhD,Yes,None,13.5,7.0,67.3,56.5,59.3,56.3,57.44,Pass,D
Liam Lopez,"9531 Main St, Columbus, OH",PhD,Yes,Debate,20.7,7.5,71.9,62.3,63.8,60.1,62.17,Pass,D
Evelyn Garcia,"1673 Lakeview Dr, Austin, TX",Bachelor's,Yes,Sports,12.7,5.9,84.9,65.3,63.4,68.1,65.47,Pass,D
Emma Taylor,"5645 Highland Terrace, Portland, OR",Bachelor's,Yes,None,18.3,6.2,68.2,69.6,56.9,52.3,59.95,Pass,D
Henry Davis,"2046 Oak Ave, Austin, TX",Bachelor's,No,Drama,11.1,5.9,76.6,73.1,58.5,44.9,59.57,Pass,D
Camila Garcia,"6250 Main St, Portland, OR",Bachelor's,No,Drama,15.4,6.1,77.3,77.0,71.6,55.2,68.57,Pass,D
Lucas Lopez,"2066 Main St, Austin, TX",None,Yes,Debate,6.3,8.3,100.0,61.1,74.4,65.5,67.09,Pass,D
Benjamin Davis,"9714 Highland Terrace, Austin, TX",Master's,No,Drama,13.3,6.5,89.0,51.0,58.7,51.6,53.9,Pass,D
Emma Jackson,"6390 Parkway Blvd, Seattle, WA",PhD,No,Drama,18.8,4.5,87.0,68.7,67.2,60.7,65.78,Pass,D
Theodore Jones,"5428 Main St, Los Angeles, CA",PhD,Yes,Debate,13.3,5.4,88.4,71.0,79.2,63.4,71.58,Pass,C
Liam Gonzalez,"8888 Highland Terrace, Atlanta, GA",Bachelor's,Yes,Volunteer,10.2,5.9,86.3,56.0,59.4,59.8,58.36,Pass,D
Theodore Moore,"2133 Oak Ave, Columbus, OH",PhD,Yes,Music,20.0,7.8,94.4,66.1,64.1,70.0,66.56,Pass,D
Camila Garcia,"9188 Parkway Blvd, Austin, TX",Associate,Yes,Sports,7.2,6.9,95.8,66.8,62.4,67.7,65.54,Pass,D
Oliver Jackson,"2741 Main St, Chicago, IL",Master's,No,Sports,13.1,6.6,74.0,52.5,54.8,42.3,50.24,Pass,D
Noah Brown,"4991 Lakeview Dr, Atlanta, GA",Master's,Yes,Debate,16.4,8.1,77.0,58.5,59.4,64.6,60.64,Pass,D
Liam Davis,"856 Highland Terrace, Miami, FL",Associate,No,Music,8.7,7.5,93.7,55.0,65.0,53.9,58.15,Pass,D
Theodore Thomas,"5227 Highland Terrace, Columbus, OH",Associate,Yes,None,11.1,7.1,75.7,64.9,60.6,58.6,61.53,Pass,D
Emma Johnson,"701 Oak Ave, Chicago, IL",High School,No,Music,11.3,7.6,92.5,58.9,63.4,60.2,60.85,Pass,D
Oliver Martin,"3639 Highland Terrace, Atlanta, GA",Associate,No,Music,11.7,7.5,63.4,53.4,53.5,43.7,50.55,Pass,D
Camila Wilson,"9108 Lakeview Dr, Los Angeles, CA",Associate,No,None,16.7,7.0,99.1,73.4,78.2,59.8,71.02,Pass,C
Charlotte Gonzalez,"1464 Lakeview Dr, Boston, MA",PhD,No,None,21.3,7.4,94.8,67.5,73.1,64.9,68.67,Pass,D
Oliver Moore,"1256 Lakeview Dr, Chicago, IL",PhD,Yes,None,12.8,4.9,74.7,68.2,60.0,62.0,63.45,Pass,D
Mia Jackson,"8479 Highland Terrace, Portland, OR",High School,No,Music,5.7,6.0,72.4,45.4,52.8,43.0,47.28,Fail,F
William Wilson,"524 Highland Terrace, New York, NY",High School,Yes,Drama,14.1,6.9,93.1,83.8,75.6,74.2,78.07,Pass,C
Emma Moore,"9084 Parkway Blvd, Los Angeles, CA",None,No,None,10.8,6.5,91.4,58.8,66.0,62.1,62.32,Pass,D
Noah Lopez,"4576 Oak Ave, Denver, CO",High School,No,Sports,3.7,7.6,82.9,54.7,42.8,44.1,47.36,Fail,F
Emma Gonzalez,"6303 Main St, Chicago, IL",None,Yes,Volunteer,13.4,6.1,84.7,63.5,58.9,55.4,59.48,Pass,D
Sophia Jackson,"1665 Highland Terrace, Boston, MA",Associate,No,Volunteer,17.9,7.1,88.8,64.1,65.8,61.5,63.91,Pass,D
Elijah Martin,"885 Oak Ave, Los Angeles, CA",Associate,No,Music,11.5,7.0,93.7,58.8,61.9,50.5,57.37,Pass,D
Mia Moore,"9842 Parkway Blvd, Atlanta, GA",Bachelor's,Yes,Drama,16.5,6.7,76.7,75.0,84.8,66.0,75.72,Pass,C
Liam Taylor,"2647 Oak Ave, Columbus, OH",High School,No,Volunteer,9.6,6.9,93.3,50.9,60.2,52.7,54.7,Pass,D
Elijah Johnson,"6164 Oak Ave, Columbus, OH",PhD,No,None,21.7,6.2,67.6,69.8,67.6,65.6,67.76,Pass,D
Lucas Garcia,"5899 Parkway Blvd, Boston, MA",Master's,No,Drama,16.7,7.2,78.7,69.6,61.0,62.9,64.57,Pass,D
Evelyn Taylor,"3848 Lakeview Dr, Columbus, OH",PhD,Yes,Drama,20.2,7.4,83.0,73.0,70.8,71.1,71.66,Pass,C
Evelyn Hernandez,"1402 Main St, Los Angeles, CA",PhD,Yes,Sports,11.0,5.1,99.3,62.2,66.8,69.8,66.07,Pass,D
Charlotte Jackson,"1485 Lakeview Dr, Austin, TX",Master's,No,Sports,7.6,4.9,79.9,63.0,65.9,66.1,64.92,Pass,D
Evelyn Taylor,"2335 Parkway Blvd, Columbus, OH",Bachelor's,Yes,Debate,17.2,6.6,90.8,63.6,71.4,62.0,65.86,Pass,D
Liam Martin,"219 Parkway Blvd, Chicago, IL",PhD,No,Music,15.4,6.5,97.0,77.5,77.5,69.5,75.12,Pass,C
Benjamin Martin,"7450 Oak Ave, Austin, TX",PhD,Yes,Music,17.6,5.8,75.7,71.1,67.1,63.2,67.31,Pass,D
Noah Lopez,"8516 Lakeview Dr, Seattle, WA",None,No,Debate,6.9,7.2,98.2,60.9,78.1,68.3,69.16,Pass,D
Henry Garcia,"1955 Lakeview Dr, Denver, CO",PhD,Yes,Volunteer,18.9,7.8,81.0,57.9,63.1,72.0,63.96,Pass,D
Emma Martinez,"8015 Lakeview Dr, Miami, FL",Associate,Yes,Sports,11.8,8.8,71.5,62.5,55.6,54.6,57.72,Pass,D
Theodore Gonzalez,"5094 Highland Terrace, Chicago, IL",None,No,Volunteer,15.9,9.2,94.5,70.4,70.8,62.5,68.16,Pass,D
Harper Johnson,"196 Highland Terrace, Denver, CO",Bachelor's,No,Drama,13.7,7.8,83.5,72.1,58.3,57.2,62.81,Pass,D
Mia Brown,"5829 Oak Ave, Austin, TX",Bachelor's,No,Sports,11.1,8.0,77.0,56.6,62.0,59.1,59.23,Pass,D
Emma Wilson,"3336 Main St, Boston, MA",Master's,Yes,Debate,18.1,8.4,79.3,65.0,67.5,67.6,66.64,Pass,D
Emma Thomas,"2649 Lakeview Dr, Austin, TX",High School,No,Debate,1.8,7.1,88.6,45.4,45.4,42.9,44.65,Fail,F
Mia Martinez,"7117 Oak Ave, Denver, CO",Master's,No,Sports,9.1,6.4,92.3,68.5,70.5,61.3,67.05,Pass,D
Lucas Anderson,"2391 Lakeview Dr, Seattle, WA",PhD,No,Sports,21.6,7.1,89.7,74.8,80.3,81.3,78.68,Pass,C
Mia Miller,"3205 Lakeview Dr, Los Angeles, CA",None,Yes,Debate,6.5,6.5,79.4,35.6,53.4,48.9,45.81,Fail,F
Evelyn Hernandez,"2726 Oak Ave, Austin, TX",Bachelor's,No,Sports,16.0,6.7,74.2,62.5,47.1,42.9,51.21,Pass,D
Evelyn Thomas,"8219 Oak Ave, Atlanta, GA",Associate,No,Volunteer,15.6,7.4,69.3,67.8,53.4,61.1,60.72,Pass,D
Henry Jones,"1867 Main St, Los Angeles, CA",High School,Yes,Drama,8.8,8.1,97.5,64.4,63.9,61.6,63.38,Pass,D
Benjamin Smith,"3974 Main St, Portland, OR",PhD,No,Debate,18.3,4.8,81.8,75.9,69.1,60.2,68.82,Pass,D
Camila Smith,"7967 Lakeview Dr, New York, NY",Associate,No,Sports,17.1,7.4,60.0,61.7,69.2,59.1,63.51,Pass,D
Evelyn Davis,"2598 Highland Terrace, Phoenix, AZ",High School,Yes,Drama,8.0,6.5,66.3,57.1,61.1,49.4,56.17,Pass,D
Emma Rodriguez,"4152 Parkway Blvd, Columbus, OH",High School,No,None,7.4,6.5,88.6,61.9,67.7,52.0,60.95,Pass,D
Emma Taylor,"3068 Oak Ave, Phoenix, AZ",Master's,Yes,Music,15.7,6.1,100.0,75.7,75.8,66.7,73.05,Pass,C
Emma Jones,"728 Lakeview Dr, New York, NY",High School,Yes,Debate,7.2,5.6,84.3,51.5,61.5,52.6,55.34,Pass,D
Liam Martin,"1589 Main St, Chicago, IL",Bachelor's,No,Volunteer,6.2,7.3,88.7,51.9,53.1,49.8,51.68,Pass,D
Sophia Davis,"5607 Parkway Blvd, Chicago, IL",Bachelor's,Yes,Volunteer,12.9,7.2,88.1,71.6,69.9,67.1,69.63,Pass,D
Evelyn Johnson,"1903 Lakeview Dr, Miami, FL",Associate,No,Drama,12.7,7.6,98.0,64.5,81.4,69.1,71.8,Pass,C
Evelyn Davis,"879 Oak Ave, Denver, CO",None,Yes,Sports,9.1,7.2,81.6,52.7,63.4,57.3,57.83,Pass,D
William Miller,"7834 Lakeview Dr, Miami, FL",Master's,Yes,Debate,11.3,7.2,87.7,60.1,54.1,52.4,55.68,Pass,D
Charlotte Rodriguez,"6056 Lakeview Dr, Boston, MA",Associate,Yes,Sports,16.9,8.6,74.7,71.5,68.7,64.7,68.5,Pass,D
Liam Moore,"5526 Lakeview Dr, Seattle, WA",PhD,No,None,20.0,6.2,77.2,68.0,51.5,48.8,56.48,Pass,D
Theodore Taylor,"6188 Oak Ave, Phoenix, AZ",PhD,No,Music,17.2,6.7,89.8,82.3,67.8,62.4,71.25,Pass,C
Theodore Gonzalez,"1842 Oak Ave, Los Angeles, CA",PhD,Yes,Sports,16.5,8.2,91.1,56.7,62.6,67.0,61.86,Pass,D
Theodore Miller,"7403 Main St, Chicago, IL",None,No,Drama,8.0,6.2,90.4,67.4,66.7,50.6,62.13,Pass,D
Harper Miller,"2617 Main St, Atlanta, GA",High School,Yes,Debate,5.8,5.7,91.8,45.0,51.7,52.7,49.65,Fail,F
Luna Rodriguez,"5790 Lakeview Dr, Atlanta, GA",Bachelor's,Yes,Debate,8.7,6.4,90.9,57.2,62.0,62.2,60.38,Pass,D
Noah Thomas,"8681 Highland Terrace, New York, NY",None,Yes,Volunteer,5.0,7.0,82.0,43.2,50.3,56.1,49.57,Fail,F
Elijah Jones,"844 Highland Terrace, Miami, FL",None,Yes,None,12.6,5.8,97.7,63.6,57.2,62.8,61.11,Pass,D
Henry Thomas,"8823 Highland Terrace, Portland, OR",None,Yes,Debate,11.7,6.2,89.1,52.5,52.0,61.6,55.08,Pass,D
Benjamin Gonzalez,"6493 Parkway Blvd, Atlanta, GA",Master's,No,Music,17.6,5.8,83.8,69.2,77.3,62.4,69.99,Pass,D
Charlotte Smith,"9469 Oak Ave, Seattle, WA",Master's,Yes,Volunteer,10.7,6.5,88.4,65.8,65.7,59.9,63.98,Pass,D
Lucas Taylor,"8702 Lakeview Dr, Columbus, OH",Associate,Yes,Drama,8.8,6.1,70.8,53.6,55.1,54.7,54.46,Pass,D
Elijah Moore,"2903 Oak Ave, Los Angeles, CA",None,Yes,Drama,11.7,7.7,85.6,50.0,40.1,62.0,50.13,Pass,D
Olivia Jones,"2278 Lakeview Dr, Miami, FL",None,Yes,Music,7.2,8.6,82.0,46.6,47.4,54.0,49.08,Fail,F
Luna Brown,"5792 Highland Terrace, Austin, TX",Associate,No,Sports,9.2,5.9,95.7,62.7,55.4,60.1,59.36,Pass,D
Luna Rodriguez,"2289 Parkway Blvd, Columbus, OH",Master's,No,Drama,21.7,6.4,69.4,77.7,72.2,63.8,71.61,Pass,C
Olivia Smith,"3692 Lakeview Dr, Denver, CO",High School,No,Sports,7.6,6.9,97.5,53.1,53.2,46.2,51.05,Pass,D
Luna Jackson,"6358 Lakeview Dr, Los Angeles, CA",PhD,Yes,Debate,18.0,6.0,100.0,82.7,71.7,77.5,77.29,Pass,C
Amelia Hernandez,"3441 Highland Terrace, Miami, FL",PhD,No,Music,7.7,6.4,83.0,56.5,63.8,62.1,60.73,Pass,D
Lucas Davis,"7209 Lakeview Dr, Columbus, OH",High School,No,Sports,10.8,7.0,86.1,53.2,65.3,57.0,58.58,Pass,D
Harper Garcia,"3131 Oak Ave, Boston, MA",High School,No,None,6.8,6.8,80.4,46.9,48.2,49.2,48.04,Fail,F
Charlotte Martinez,"5181 Oak Ave, Austin, TX",High School,No,None,7.4,6.2,74.8,52.9,54.9,62.5,56.5,Pass,D
Camila Miller,"2451 Main St, Los Angeles, CA",Bachelor's,Yes,Debate,17.1,6.0,96.7,71.2,71.5,82.0,74.55,Pass,C
Henry Brown,"8730 Oak Ave, Columbus, OH",PhD,Yes,Volunteer,11.0,6.8,80.7,56.7,57.3,53.1,55.84,Pass,D
Emma Gonzalez,"439 Main St, New York, NY",None,Yes,Music,5.4,7.7,83.4,51.8,54.7,61.0,55.55,Pass,D
Amelia Williams,"2436 Highland Terrace, Miami, FL",None,Yes,Sports,6.5,9.1,90.6,51.7,53.6,56.9,53.93,Pass,D
Luna Hernandez,"1492 Oak Ave, Columbus, OH",High School,No,Volunteer,10.5,7.3,84.7,52.8,55.2,49.0,52.48,Pass,D
Lucas Garcia,"5535 Parkway Blvd, Miami, FL",High School,Yes,Sports,5.1,8.4,81.8,51.9,52.8,63.9,55.82,Pass,D
Luna Rodriguez,"9006 Main St, Portland, OR",None,Yes,Sports,3.6,7.0,100.0,42.0,41.1,54.2,45.33,Fail,F
Luna Martinez,"8481 Parkway Blvd, Los Angeles, CA",High School,Yes,Music,5.6,6.7,83.6,55.7,51.3,63.9,56.63,Pass,D
Liam Davis,"6414 Oak Ave, New York, NY",Associate,No,Music,9.5,6.9,82.8,58.5,61.4,56.7,58.98,Pass,D
Henry Brown,"2878 Main St, Boston, MA",High School,Yes,Drama,13.8,7.4,94.3,69.6,75.6,78.7,74.44,Pass,C
Mia Williams,"5567 Main St, Phoenix, AZ",Associate,Yes,Sports,13.5,8.1,100.0,65.8,60.8,67.2,64.49,Pass,D
Camila Jones,"7122 Highland Terrace, Seattle, WA",Associate,Yes,None,14.2,7.3,91.5,67.9,58.9,62.0,62.96,Pass,D
Evelyn Jones,"5040 Highland Terrace, Portland, OR",Associate,No,Sports,6.9,5.3,87.3,59.6,56.9,50.4,55.88,Pass,D
Elijah Thomas,"6147 Lakeview Dr, Portland, OR",PhD,Yes,Sports,15.1,7.5,91.9,58.4,57.8,66.7,60.68,Pass,D
Oliver Jones,"2521 Parkway Blvd, Denver, CO",Bachelor's,No,Sports,13.2,7.3,86.2,63.1,52.8,45.8,54.29,Pass,D
Emma Jackson,"4662 Oak Ave, New York, NY",None,No,Music,15.2,8.8,100.0,64.4,56.9,50.4,57.61,Pass,D
Charlotte Gonzalez,"5331 Parkway Blvd, Denver, CO",Bachelor's,No,None,12.2,7.9,98.0,61.4,57.0,53.5,57.5,Pass,D
Evelyn Martin,"5563 Oak Ave, Portland, OR",PhD,Yes,Debate,18.8,6.0,88.9,76.7,74.4,65.8,72.64,Pass,C
Evelyn Moore,"8926 Highland Terrace, Boston, MA",Bachelor's,Yes,Debate,15.8,8.6,82.7,64.0,58.4,61.5,61.28,Pass,D
Noah Jackson,"7011 Highland Terrace, Columbus, OH",Master's,Yes,None,12.1,7.7,75.9,63.9,62.9,67.2,64.54,Pass,D
Noah Davis,"146 Oak Ave, Denver, CO",None,No,Volunteer,14.7,6.0,76.0,51.2,57.2,52.0,53.53,Pass,D
Harper Jones,"1076 Lakeview Dr, Los Angeles, CA",Associate,Yes,Drama,12.0,6.6,73.1,59.9,52.9,55.9,56.23,Pass,D
Lucas Jones,"6998 Oak Ave, Atlanta, GA",High School,Yes,Sports,15.7,7.7,86.9,54.9,68.0,69.3,63.79,Pass,D
Oliver Brown,"2444 Parkway Blvd, Columbus, OH",PhD,Yes,None,13.2,7.6,90.0,48.4,50.8,52.7,50.51,Pass,D
Evelyn Lopez,"1836 Highland Terrace, Austin, TX",None,No,Volunteer,12.8,8.0,77.3,57.4,57.1,60.1,58.09,Pass,D
Charlotte Smith,"6084 Oak Ave, Seattle, WA",None,Yes,Sports,11.4,6.5,71.8,67.1,63.4,56.2,62.55,Pass,D
Liam Jackson,"2552 Oak Ave, New York, NY",Bachelor's,Yes,None,10.1,8.5,100.0,67.0,72.7,67.0,69.01,Pass,D
Benjamin Martinez,"6842 Lakeview Dr, Boston, MA",Bachelor's,Yes,Drama,18.9,6.7,87.5,67.9,74.7,77.2,73.09,Pass,C
Emma Jones,"626 Highland Terrace, Austin, TX",High School,Yes,Sports,12.0,5.0,79.6,63.1,64.5,63.1,63.59,Pass,D
Henry Wilson,"7543 Highland Terrace, Portland, OR",PhD,No,Volunteer,23.9,6.8,86.2,81.6,80.6,68.0,77.16,Pass,C
Benjamin Martinez,"3824 Parkway Blvd, Columbus, OH",High School,No,Sports,11.8,7.5,87.1,64.0,53.8,61.2,59.58,Pass,D
Benjamin Gonzalez,"3571 Parkway Blvd, Seattle, WA",Master's,Yes,Music,10.6,7.4,74.0,51.6,44.8,56.7,50.73,Pass,D
Henry Garcia,"9263 Highland Terrace, Columbus, OH",None,No,Debate,8.6,7.9,87.4,56.6,42.7,47.5,49.0,Fail,F
William Gonzalez,"2800 Main St, New York, NY",Associate,No,Music,12.7,6.6,87.2,58.7,55.8,62.1,58.7,Pass,D
Elijah Brown,"1374 Lakeview Dr, Los Angeles, CA",Master's,No,Sports,18.7,6.3,81.9,67.7,73.4,59.6,67.29,Pass,D
Amelia Martinez,"8973 Main St, Seattle, WA",None,Yes,Volunteer,2.8,8.6,87.7,61.8,63.2,57.1,60.88,Pass,D
Liam Martinez,"9138 Oak Ave, Chicago, IL",PhD,Yes,Music,19.1,6.6,100.0,60.6,53.3,62.5,58.62,Pass,D
Elijah Williams,"9353 Main St, Phoenix, AZ",Master's,No,Sports,21.4,7.3,91.7,73.8,71.0,74.9,73.15,Pass,C
Olivia Hernandez,"5156 Main St, Los Angeles, CA",Associate,No,Debate,2.6,6.1,78.3,44.0,52.7,45.9,47.63,Fail,F
Benjamin Miller,"6500 Lakeview Dr, Denver, CO",High School,Yes,Drama,15.3,8.9,78.0,60.7,63.8,61.4,61.99,Pass,D
Evelyn Taylor,"8327 Oak Ave, Los Angeles, CA",None,No,Debate,9.8,6.2,89.3,53.7,73.3,54.2,60.71,Pass,D
Theodore Johnson,"2741 Oak Ave, Miami, FL",PhD,No,Sports,9.6,6.9,82.2,63.4,48.6,57.7,56.5,Pass,D
Noah Davis,"2407 Oak Ave, Chicago, IL",Master's,No,Debate,16.3,6.1,74.6,57.1,52.1,50.6,53.4,Pass,D
Oliver Hernandez,"6003 Highland Terrace, Miami, FL",Bachelor's,Yes,None,5.7,5.7,95.2,45.5,53.2,50.3,49.62,Fail,F
Henry Davis,"1328 Oak Ave, Chicago, IL",Master's,No,Sports,15.9,5.8,96.2,63.4,55.5,58.6,59.19,Pass,D
Liam Jones,"9064 Main St, Miami, FL",Bachelor's,Yes,Debate,9.6,5.6,80.4,57.0,63.1,52.9,57.91,Pass,D
William Garcia,"2745 Main St, Miami, FL",Associate,No,Drama,13.0,5.5,97.1,60.4,63.6,58.3,60.88,Pass,D
Noah Williams,"7648 Lakeview Dr, Seattle, WA",Bachelor's,No,Debate,15.0,7.1,100.0,48.5,51.6,62.2,53.69,Pass,D
Oliver Brown,"8099 Main St, Phoenix, AZ",Associate,No,Debate,13.6,6.3,88.6,68.5,69.5,66.5,68.24,Pass,D
Evelyn Martin,"2213 Parkway Blvd, Portland, OR",Associate,No,Drama,15.5,7.2,70.8,76.1,74.4,59.9,70.64,Pass,C
Noah Wilson,"7474 Lakeview Dr, Atlanta, GA",PhD,Yes,Volunteer,10.9,7.2,74.2,85.2,70.9,69.4,75.48,Pass,C
Olivia Davis,"9288 Main St, Columbus, OH",High School,Yes,Drama,9.9,7.6,81.7,65.0,69.9,70.2,68.32,Pass,D
Henry Garcia,"6641 Main St, Phoenix, AZ",High School,No,Debate,11.2,7.5,87.1,62.3,63.0,64.2,63.11,Pass,D
Noah Lopez,"7775 Highland Terrace, Boston, MA",Bachelor's,Yes,Sports,7.0,6.3,85.1,61.0,66.7,67.2,64.87,Pass,D
Charlotte Brown,"7196 Oak Ave, New York, NY",Bachelor's,No,Sports,5.3,7.9,75.3,34.7,56.5,49.6,46.8,Fail,F
William Hernandez,"8067 Oak Ave, Phoenix, AZ",PhD,No,Sports,15.2,7.4,64.4,76.0,72.9,56.6,69.08,Pass,D
Elijah Anderson,"9030 Oak Ave, Austin, TX",Bachelor's,Yes,None,10.9,8.0,76.8,52.2,54.3,53.3,53.26,Pass,D
James Hernandez,"613 Highland Terrace, Phoenix, AZ",Bachelor's,Yes,Drama,13.6,6.8,96.6,49.2,61.7,68.8,59.47,Pass,D
Evelyn Thomas,"986 Oak Ave, Chicago, IL",None,No,Drama,6.1,8.6,90.2,46.7,45.3,52.9,48.06,Fail,F
Elijah Garcia,"2422 Main St, Los Angeles, CA",Associate,No,Sports,11.0,8.0,79.4,65.9,60.0,58.2,61.52,Pass,D
Sophia Anderson,"8697 Oak Ave, New York, NY",PhD,No,Music,18.7,6.6,82.4,62.3,61.2,61.3,61.63,Pass,D
Olivia Williams,"5703 Lakeview Dr, New York, NY",High School,Yes,Drama,9.4,7.4,92.6,60.0,63.3,63.6,62.24,Pass,D
Evelyn Thomas,"8873 Oak Ave, Boston, MA",PhD,No,Drama,14.5,9.0,81.1,71.7,62.9,63.5,66.19,Pass,D
Theodore Gonzalez,"9289 Highland Terrace, Austin, TX",High School,Yes,None,11.6,8.2,86.4,63.1,61.9,67.7,64.04,Pass,D
Theodore Martin,"5404 Lakeview Dr, Seattle, WA",None,Yes,Debate,8.5,6.9,88.1,57.8,56.7,56.7,57.09,Pass,D
Oliver Thomas,"1961 Parkway Blvd, Denver, CO",Associate,Yes,Debate,5.4,6.8,76.2,43.9,44.2,36.5,41.8,Fail,F
Oliver Anderson,"9576 Main St, Portland, OR",None,Yes,None,12.3,8.9,89.5,67.0,82.1,65.9,71.95,Pass,C
James Wilson,"9047 Oak Ave, Columbus, OH",Master's,No,Music,9.9,7.4,85.1,58.5,64.2,56.5,59.91,Pass,D
Mia Miller,"9550 Main St, Chicago, IL",Associate,No,Sports,8.7,6.3,93.1,59.2,62.7,45.5,56.31,Pass,D
Sophia Martinez,"2143 Parkway Blvd, Atlanta, GA",PhD,No,Debate,24.2,7.6,87.5,91.8,82.4,76.0,83.79,Pass,B
Evelyn Lopez,"8987 Parkway Blvd, Denver, CO",Master's,No,Sports,15.6,7.5,90.0,64.8,55.4,53.5,58.1,Pass,D
Charlotte Anderson,"6213 Oak Ave, New York, NY",Master's,Yes,Volunteer,14.4,6.9,87.0,72.3,84.5,70.9,76.14,Pass,C
Evelyn Gonzalez,"7267 Lakeview Dr, Miami, FL",PhD,Yes,Sports,14.2,6.3,65.0,48.7,55.6,49.8,51.43,Pass,D
Emma Williams,"369 Highland Terrace, Portland, OR",Bachelor's,Yes,Debate,18.6,6.8,92.8,78.5,69.2,74.3,73.98,Pass,C
Camila Moore,"7376 Highland Terrace, Los Angeles, CA",Master's,Yes,None,17.8,7.5,100.0,57.5,65.4,69.0,63.72,Pass,D
Sophia Wilson,"3751 Parkway Blvd, Chicago, IL",Master's,No,Sports,12.1,5.8,87.5,57.4,66.1,53.1,59.17,Pass,D
James Thomas,"5844 Parkway Blvd, Los Angeles, CA",Bachelor's,No,Sports,7.5,6.2,100.0,59.4,64.9,56.6,60.49,Pass,D
Mia Davis,"4746 Lakeview Dr, Atlanta, GA",PhD,No,Drama,18.3,7.8,94.6,72.4,71.7,78.6,74.01,Pass,C
Evelyn Davis,"6892 Main St, Austin, TX",None,Yes,Music,4.3,6.7,86.0,54.7,52.2,56.8,54.47,Pass,D
Mia Taylor,"9929 Lakeview Dr, Columbus, OH",Associate,Yes,Volunteer,13.3,8.2,60.1,74.3,66.1,67.6,69.41,Pass,D
Evelyn Davis,"6512 Oak Ave, Atlanta, GA",Master's,No,Sports,13.1,6.7,100.0,51.2,61.3,58.4,56.86,Pass,D
Theodore Wilson,"6496 Oak Ave, Seattle, WA",Bachelor's,No,Volunteer,13.1,8.0,80.8,69.5,65.3,68.0,67.58,Pass,D
Charlotte Wilson,"1731 Oak Ave, Chicago, IL",Master's,Yes,None,15.0,5.9,86.8,64.4,66.9,65.4,65.58,Pass,D
Theodore Gonzalez,"4363 Highland Terrace, Portland, OR",High School,No,Music,10.9,7.0,93.5,73.9,72.1,64.2,70.36,Pass,C
Noah Williams,"7266 Main St, Austin, TX",PhD,Yes,Sports,12.2,7.0,90.1,59.7,68.6,57.4,62.12,Pass,D
Camila Moore,"9468 Parkway Blvd, Los Angeles, CA",None,Yes,Debate,12.1,7.0,88.2,60.5,60.9,53.6,58.58,Pass,D
Mia Garcia,"3733 Lakeview Dr, Chicago, IL",High School,Yes,None,16.5,6.7,78.4,61.6,62.8,60.0,61.54,Pass,D
Henry Rodriguez,"947 Lakeview Dr, Portland, OR",None,Yes,None,8.8,5.9,92.7,58.9,61.5,65.6,61.84,Pass,D
Liam Jackson,"1917 Parkway Blvd, Los Angeles, CA",Master's,Yes,Sports,18.7,6.0,96.9,66.2,65.2,81.8,70.52,Pass,C
Oliver Martinez,"3059 Main St, Miami, FL",None,No,Drama,14.7,6.0,72.3,56.5,54.9,52.6,54.8,Pass,D
James Gonzalez,"8145 Main St, Los Angeles, CA",Bachelor's,Yes,Debate,9.7,8.2,96.6,60.4,60.2,60.5,60.34,Pass,D
Noah Miller,"6979 Parkway Blvd, Portland, OR",Associate,No,Music,7.2,5.8,88.6,46.6,59.6,60.5,55.3,Pass,D
Charlotte Martinez,"3027 Highland Terrace, Austin, TX",PhD,Yes,Sports,20.4,5.7,82.5,78.6,76.4,71.8,75.77,Pass,C
William Lopez,"9930 Highland Terrace, Boston, MA",None,Yes,Volunteer,11.8,6.2,75.1,52.3,58.0,52.4,54.31,Pass,D
Elijah Brown,"584 Highland Terrace, Chicago, IL",None,Yes,Music,5.2,5.5,82.4,46.6,54.9,52.0,51.13,Pass,D
Mia Brown,"583 Lakeview Dr, Chicago, IL",High School,Yes,Sports,15.3,7.1,92.8,76.9,80.7,72.6,76.95,Pass,C
Oliver Rodriguez,"7990 Oak Ave, Miami, FL",None,No,None,10.0,6.0,73.7,44.4,44.6,36.0,41.97,Fail,F
Luna Martinez,"8223 Parkway Blvd, Boston, MA",Master's,No,Music,18.9,8.3,73.7,62.2,78.6,59.2,67.06,Pass,D
Elijah Garcia,"4705 Parkway Blvd, Chicago, IL",None,No,Music,1.0,7.2,84.4,44.8,46.4,41.7,44.43,Fail,F
James Thomas,"7409 Parkway Blvd, New York, NY",Master's,No,Drama,15.1,6.5,100.0,73.3,80.0,61.6,72.13,Pass,C
Camila Brown,"6375 Parkway Blvd, Phoenix, AZ",High School,No,Drama,14.4,5.2,73.3,64.3,47.3,51.3,54.47,Pass,D
Noah Anderson,"653 Highland Terrace, Seattle, WA",Associate,No,Drama,1.0,7.4,82.3,46.2,52.7,43.6,47.67,Fail,F
Camila Taylor,"6625 Main St, Denver, CO",None,Yes,Drama,5.2,5.7,70.9,45.0,59.3,46.6,50.51,Pass,D
Evelyn Garcia,"4119 Main St, Denver, CO",High School,No,Drama,8.9,8.4,84.0,55.7,62.4,55.0,57.84,Pass,D
Oliver Hernandez,"257 Lakeview Dr, Los Angeles, CA",PhD,Yes,None,25.0,8.3,70.6,80.0,70.3,78.1,76.05,Pass,C
William Miller,"9397 Lakeview Dr, Boston, MA",High School,Yes,Debate,7.9,7.4,72.9,35.8,44.8,45.0,41.72,Fail,F
Sophia Martin,"8738 Oak Ave, Chicago, IL",None,No,None,9.6,5.9,82.3,67.9,52.7,40.5,54.38,Pass,D
Camila Williams,"7009 Parkway Blvd, Phoenix, AZ",Associate,No,Music,5.9,7.3,93.3,50.5,49.5,48.2,49.47,Fail,F
James Johnson,"8269 Main St, Boston, MA",Associate,No,Sports,10.7,7.3,93.4,61.0,62.4,60.9,61.46,Pass,D
Emma Anderson,"9953 Lakeview Dr, Seattle, WA",Master's,No,Music,16.4,6.3,96.9,67.5,65.7,67.2,66.79,Pass,D
Theodore Smith,"392 Highland Terrace, Miami, FL",None,No,Drama,9.8,8.1,83.9,43.1,46.7,51.8,46.94,Fail,F
Oliver Gonzalez,"8840 Highland Terrace, Austin, TX",None,No,None,5.3,7.3,86.8,61.4,61.0,63.5,61.9,Pass,D
Liam Williams,"1658 Parkway Blvd, Boston, MA",PhD,No,Drama,14.3,7.5,89.5,60.8,60.2,50.7,57.57,Pass,D
William Lopez,"1406 Highland Terrace, New York, NY",Associate,No,Volunteer,8.1,8.8,94.3,71.0,67.7,60.1,66.56,Pass,D
Olivia Gonzalez,"7547 Parkway Blvd, Miami, FL",PhD,Yes,Drama,17.2,6.2,73.8,51.5,53.7,56.9,53.88,Pass,D
Camila Brown,"3770 Main St, Austin, TX",None,Yes,Sports,5.6,6.8,95.7,51.2,59.4,69.9,59.68,Pass,D
William Wilson,"2888 Main St, Chicago, IL",High School,No,Volunteer,8.5,6.8,69.7,56.0,53.8,42.1,51.04,Pass,D
Liam Johnson,"805 Main St, Miami, FL",None,No,Sports,13.8,6.1,99.3,64.9,56.4,66.3,62.34,Pass,D
Elijah Hernandez,"6318 Lakeview Dr, Columbus, OH",PhD,Yes,Music,19.8,7.7,67.8,70.7,72.5,70.3,71.2,Pass,C
Theodore Anderson,"2169 Lakeview Dr, Los Angeles, CA",High School,No,None,7.6,6.9,92.8,52.0,54.1,47.8,51.49,Pass,D
Lucas Brown,"8744 Oak Ave, Atlanta, GA",Master's,No,None,19.4,6.5,86.8,73.4,63.8,63.1,66.96,Pass,D
Harper Rodriguez,"8008 Oak Ave, Denver, CO",None,No,Drama,11.1,6.1,69.2,47.3,54.3,56.6,52.52,Pass,D
Noah Lopez,"4071 Oak Ave, Atlanta, GA",PhD,Yes,Sports,14.0,8.1,93.7,62.2,66.6,58.9,62.74,Pass,D
Harper Johnson,"315 Oak Ave, Chicago, IL",Bachelor's,No,Music,21.6,4.9,90.2,81.9,85.8,72.3,80.37,Pass,B
Harper Brown,"3518 Highland Terrace, Denver, CO",Master's,No,Drama,17.4,7.0,77.9,70.8,73.0,63.2,69.29,Pass,D
Lucas Jones,"1831 Oak Ave, Atlanta, GA",High School,No,Debate,18.5,5.1,70.7,73.7,65.3,64.7,68.04,Pass,D
Lucas Martin,"3426 Parkway Blvd, Atlanta, GA",High School,Yes,Drama,16.0,6.8,87.0,62.0,71.5,70.3,67.82,Pass,D
Evelyn Garcia,"5132 Highland Terrace, Portland, OR",PhD,Yes,Music,13.2,5.5,80.6,54.3,60.3,56.9,57.14,Pass,D
Lucas Brown,"1905 Oak Ave, Columbus, OH",None,No,Music,5.9,6.0,79.6,36.7,62.6,45.8,48.49,Fail,F
Elijah Smith,"8798 Parkway Blvd, Boston, MA",Associate,No,Sports,5.2,7.1,94.7,46.1,51.5,59.6,52.04,Pass,D
Luna Williams,"7169 Oak Ave, Denver, CO",High School,No,Volunteer,9.3,5.1,75.6,53.8,57.2,56.6,55.84,Pass,D
Evelyn Taylor,"970 Parkway Blvd, Denver, CO",Associate,No,Sports,6.5,7.0,79.2,37.4,39.5,41.7,39.41,Fail,F
Olivia Gonzalez,"7023 Oak Ave, Columbus, OH",Associate,Yes,Debate,14.7,6.7,89.3,68.6,68.4,66.6,67.92,Pass,D
Charlotte Martin,"8776 Highland Terrace, Miami, FL",Bachelor's,No,Sports,19.3,9.0,92.9,61.6,62.2,57.5,60.6,Pass,D
Olivia Davis,"3697 Main St, Los Angeles, CA",None,Yes,Volunteer,16.0,5.4,87.2,74.0,77.0,73.1,74.76,Pass,C
Elijah Davis,"8818 Main St, Los Angeles, CA",Associate,Yes,Volunteer,4.5,7.8,77.6,48.7,47.9,51.9,49.36,Fail,F
Henry Gonzalez,"1759 Oak Ave, New York, NY",PhD,No,Debate,9.0,6.7,80.4,52.7,56.7,54.5,54.64,Pass,D
James Garcia,"5795 Lakeview Dr, Chicago, IL",PhD,No,None,14.9,6.5,66.0,66.9,71.6,55.2,65.01,Pass,D
Liam Brown,"8345 Highland Terrace, Seattle, WA",Bachelor's,No,None,14.2,7.9,85.4,64.1,64.6,61.5,63.49,Pass,D
Amelia Garcia,"1237 Oak Ave, Denver, CO",High School,No,Debate,12.0,7.2,77.9,55.3,57.1,49.7,54.26,Pass,D
Oliver Smith,"7875 Parkway Blvd, Portland, OR",Associate,Yes,Music,11.4,7.0,87.0,67.0,54.4,60.1,60.53,Pass,D
Elijah Williams,"259 Highland Terrace, Seattle, WA",Associate,No,Volunteer,12.5,6.7,73.8,48.2,51.4,44.3,48.15,Fail,F
Liam Thomas,"7842 Main St, Chicago, IL",None,Yes,Volunteer,13.7,6.4,87.8,59.4,69.1,60.7,63.19,Pass,D
Sophia Davis,"8343 Oak Ave, Atlanta, GA",High School,Yes,Sports,7.3,6.4,79.5,42.3,44.8,48.4,44.99,Fail,F
Sophia Hernandez,"8139 Lakeview Dr, Boston, MA",Master's,No,None,13.5,8.3,82.9,72.8,65.0,57.4,65.46,Pass,D
Harper Rodriguez,"7616 Main St, Denver, CO",Associate,No,None,13.8,6.6,83.0,54.0,54.2,55.9,54.64,Pass,D
William Taylor,"9860 Parkway Blvd, Portland, OR",None,No,None,12.0,6.9,79.7,45.3,52.3,47.8,48.53,Fail,F
Benjamin Smith,"6822 Oak Ave, Seattle, WA",PhD,Yes,Drama,21.9,6.2,86.8,72.3,76.6,78.7,75.74,Pass,C
Harper Smith,"9563 Parkway Blvd, Chicago, IL",Associate,Yes,None,13.8,8.4,91.1,56.8,70.3,71.8,66.02,Pass,D
Noah Miller,"1868 Lakeview Dr, New York, NY",PhD,No,Volunteer,12.5,6.3,76.5,49.5,53.3,53.2,51.94,Pass,D
Charlotte Rodriguez,"5815 Lakeview Dr, Portland, OR",Bachelor's,No,Drama,9.6,8.3,76.6,65.5,63.6,59.3,63.0,Pass,D
Sophia Miller,"9594 Highland Terrace, Austin, TX",PhD,No,Volunteer,18.1,7.3,81.6,61.7,64.5,58.6,61.76,Pass,D
Emma Wilson,"9384 Lakeview Dr, Boston, MA",Associate,Yes,Sports,7.3,5.5,79.7,53.4,52.0,45.5,50.53,Pass,D
Harper Jones,"2561 Highland Terrace, Boston, MA",Associate,Yes,Drama,12.3,6.3,79.6,55.1,57.4,49.8,54.3,Pass,D
Harper Martinez,"4928 Main St, Los Angeles, CA",Bachelor's,Yes,Music,9.8,7.0,84.8,58.3,57.1,60.8,58.65,Pass,D
Sophia Jackson,"971 Parkway Blvd, Los Angeles, CA",Associate,Yes,Debate,5.6,6.7,100.0,64.3,62.0,63.5,63.24,Pass,D
Mia Smith,"4219 Oak Ave, Austin, TX",Associate,No,Volunteer,6.8,6.6,82.9,59.0,46.1,49.4,51.62,Pass,D
Luna Jones,"4534 Oak Ave, Los Angeles, CA",PhD,Yes,Debate,11.7,6.6,91.9,51.0,67.8,59.3,59.37,Pass,D
Theodore Williams,"3685 Main St, Miami, FL",Bachelor's,No,Music,15.8,7.9,81.5,65.7,55.8,59.0,60.2,Pass,D
Henry Wilson,"1707 Lakeview Dr, New York, NY",Associate,No,Music,19.9,8.0,78.1,71.2,66.5,56.1,65.02,Pass,D
Theodore Wilson,"5383 Highland Terrace, Portland, OR",High School,Yes,Drama,1.4,7.3,87.2,45.3,33.7,45.0,41.16,Fail,F
Oliver Wilson,"3368 Lakeview Dr, Atlanta, GA",Associate,Yes,Drama,12.2,6.8,87.9,60.5,53.0,62.7,58.53,Pass,D
Theodore Anderson,"3104 Parkway Blvd, Atlanta, GA",Bachelor's,Yes,Music,14.5,8.8,83.2,69.7,62.2,67.3,66.38,Pass,D
Benjamin Anderson,"5232 Highland Terrace, Columbus, OH",PhD,No,Debate,13.6,7.4,95.9,58.5,72.4,63.3,64.77,Pass,D
Mia Wilson,"6989 Parkway Blvd, Boston, MA",Bachelor's,Yes,Volunteer,16.8,8.7,87.0,70.9,74.2,73.8,72.93,Pass,C
Liam Wilson,"2403 Highland Terrace, Los Angeles, CA",Associate,Yes,Volunteer,14.1,6.6,79.1,55.8,63.3,63.5,60.76,Pass,D
Benjamin Lopez,"9000 Highland Terrace, Seattle, WA",Associate,Yes,Debate,14.2,5.8,82.2,72.9,76.2,72.4,73.9,Pass,C
Oliver Gonzalez,"197 Parkway Blvd, Portland, OR",Master's,No,Sports,14.2,6.3,80.3,69.5,69.2,63.7,67.65,Pass,D
Noah Johnson,"1853 Lakeview Dr, Miami, FL",Master's,Yes,Drama,14.5,7.9,77.2,62.8,61.0,57.8,60.66,Pass,D
Theodore Thomas,"5528 Main St, Columbus, OH",None,Yes,None,13.2,5.4,90.5,59.8,61.1,59.5,60.18,Pass,D
James Taylor,"9308 Parkway Blvd, Seattle, WA",High School,Yes,None,10.9,7.4,70.8,67.3,63.3,66.7,65.71,Pass,D
Oliver Martinez,"5193 Main St, Portland, OR",Bachelor's,Yes,Sports,17.0,6.0,76.2,56.1,57.6,57.6,57.08,Pass,D
Noah Smith,"9992 Main St, Seattle, WA",Master's,Yes,Music,13.0,6.8,73.7,61.1,55.5,60.5,58.98,Pass,D
James Brown,"503 Highland Terrace, Boston, MA",Bachelor's,No,Sports,10.6,9.2,83.1,74.6,59.9,63.6,66.14,Pass,D
Emma Martinez,"8025 Oak Ave, New York, NY",High School,No,Volunteer,13.3,6.2,77.6,58.1,58.5,60.2,58.85,Pass,D
Lucas Martin,"7183 Oak Ave, Los Angeles, CA",PhD,Yes,Music,13.5,8.0,67.1,59.0,50.3,51.3,53.63,Pass,D
Oliver Davis,"8480 Highland Terrace, Seattle, WA",High School,No,Debate,15.9,6.3,89.1,62.3,64.5,64.5,63.73,Pass,D
Sophia Martinez,"1738 Highland Terrace, Portland, OR",Bachelor's,No,None,13.8,5.9,79.5,52.7,66.3,58.6,59.25,Pass,D
Elijah Gonzalez,"1858 Parkway Blvd, New York, NY",Bachelor's,No,Music,15.2,8.3,80.7,75.1,75.9,66.4,72.77,Pass,C
Liam Martinez,"2068 Highland Terrace, Boston, MA",Bachelor's,Yes,Volunteer,19.4,7.3,89.9,55.1,54.9,54.6,54.91,Pass,D
Sophia Johnson,"7382 Main St, Portland, OR",Associate,Yes,Debate,5.8,7.6,86.9,54.7,60.2,54.1,56.47,Pass,D
Lucas Rodriguez,"2693 Lakeview Dr, Austin, TX",Master's,Yes,Drama,15.9,5.1,91.8,65.1,59.6,62.7,62.43,Pass,D
Benjamin Gonzalez,"1128 Oak Ave, Atlanta, GA",PhD,Yes,Drama,12.6,7.0,94.7,53.9,56.2,61.9,57.08,Pass,D
Theodore Hernandez,"2394 Lakeview Dr, Boston, MA",PhD,No,Debate,15.7,8.0,95.9,73.4,71.7,69.2,71.59,Pass,C
Noah Thomas,"7829 Highland Terrace, New York, NY",PhD,Yes,Volunteer,20.2,6.0,94.0,71.6,72.2,79.2,74.1,Pass,C
Benjamin Taylor,"2220 Lakeview Dr, Miami, FL",Master's,No,Volunteer,16.6,8.2,88.6,60.0,51.9,50.8,54.4,Pass,D
Camila Gonzalez,"836 Main St, Los Angeles, CA",PhD,Yes,Music,13.8,5.8,83.2,63.7,49.7,64.7,59.09,Pass,D
Emma Brown,"7905 Lakeview Dr, Boston, MA",High School,Yes,Sports,13.6,7.3,78.1,62.7,73.5,66.5,67.62,Pass,D
Charlotte Gonzalez,"1154 Main St, New York, NY",Master's,No,Sports,10.1,6.0,60.2,56.3,48.7,45.0,50.25,Pass,D
Olivia Williams,"6232 Highland Terrace, Boston, MA",PhD,Yes,Music,23.2,6.0,98.3,74.7,94.2,91.5,86.55,Pass,B
William Brown,"7464 Parkway Blvd, Columbus, OH",High School,Yes,Music,4.9,6.9,94.6,52.9,61.2,60.3,58.01,Pass,D
Elijah Thomas,"4787 Oak Ave, Boston, MA",High School,Yes,Debate,8.7,7.5,91.6,51.6,56.9,53.5,54.02,Pass,D
Benjamin Miller,"9637 Main St, Los Angeles, CA",PhD,Yes,Music,2.5,7.8,80.5,45.0,47.9,46.7,46.51,Fail,F
Olivia Jones,"5991 Parkway Blvd, Austin, TX",Master's,Yes,Drama,17.2,5.3,93.3,75.7,74.6,72.8,74.41,Pass,C
Charlotte Taylor,"3215 Oak Ave, Boston, MA",Master's,No,Volunteer,13.6,5.1,93.5,70.3,64.4,58.2,64.62,Pass,D
Mia Lopez,"9253 Oak Ave, Phoenix, AZ",None,No,Debate,2.2,6.9,78.4,57.2,53.4,51.5,54.19,Pass,D
Henry Williams,"1380 Oak Ave, Phoenix, AZ",Master's,No,Sports,16.9,8.0,100.0,67.5,71.2,66.7,68.53,Pass,D
Emma Thomas,"943 Highland Terrace, Chicago, IL",Master's,No,Sports,19.4,6.9,96.0,80.6,74.5,65.4,73.91,Pass,C
Amelia Martinez,"6496 Lakeview Dr, Miami, FL",None,Yes,Drama,7.7,7.9,68.4,35.8,64.3,59.0,52.72,Pass,D
Noah Moore,"4055 Highland Terrace, Phoenix, AZ",Master's,No,Debate,15.0,6.4,88.0,65.6,63.8,59.3,63.05,Pass,D
Camila Johnson,"1916 Highland Terrace, Atlanta, GA",Bachelor's,No,None,7.7,7.2,85.4,56.4,56.7,59.4,57.39,Pass,D
Liam Johnson,"7004 Lakeview Dr, Denver, CO",High School,No,Sports,10.9,6.9,98.0,60.9,61.0,64.4,61.98,Pass,D
Oliver Miller,"5500 Main St, Atlanta, GA",High School,No,Sports,15.1,6.1,84.0,67.3,62.1,61.8,63.83,Pass,D
Theodore Martin,"679 Lakeview Dr, Columbus, OH",None,No,Volunteer,8.0,5.9,80.4,35.0,36.5,39.1,36.74,Fail,F
Camila Williams,"7944 Oak Ave, Atlanta, GA",Associate,Yes,Sports,12.3,7.3,98.7,60.0,62.7,66.4,62.84,Pass,D
Olivia Thomas,"3790 Lakeview Dr, Atlanta, GA",Bachelor's,No,Drama,11.0,7.8,77.8,72.8,73.8,71.7,72.82,Pass,C
Amelia Smith,"531 Oak Ave, Austin, TX",Master's,No,None,16.7,9.1,75.2,64.5,63.4,57.1,61.87,Pass,D
Liam Moore,"954 Parkway Blvd, Boston, MA",Bachelor's,Yes,Debate,10.1,5.6,79.8,49.3,63.9,59.3,57.4,Pass,D
Evelyn Moore,"1993 Parkway Blvd, Seattle, WA",None,No,Drama,12.7,5.2,100.0,64.5,67.8,64.0,65.5,Pass,D
James Hernandez,"1049 Oak Ave, New York, NY",High School,Yes,Volunteer,8.2,7.0,87.2,50.3,45.0,52.6,49.12,Fail,F
Liam Davis,"8885 Highland Terrace, New York, NY",None,Yes,None,7.0,6.5,73.7,42.3,48.9,45.8,45.66,Fail,F
Amelia Johnson,"1028 Oak Ave, Los Angeles, CA",Bachelor's,Yes,Drama,7.8,6.1,83.5,53.8,53.1,53.1,53.36,Pass,D
Olivia Hernandez,"9969 Oak Ave, Denver, CO",Associate,Yes,Volunteer,12.5,7.1,91.9,66.4,61.5,65.6,64.44,Pass,D
Henry Thomas,"2105 Main St, Portland, OR",None,No,Volunteer,10.7,6.5,77.0,60.0,60.6,56.5,59.15,Pass,D
James Thomas,"5948 Oak Ave, Columbus, OH",Bachelor's,No,Drama,7.3,7.2,75.3,55.0,77.1,56.9,63.29,Pass,D
Luna Martinez,"4101 Highland Terrace, Portland, OR",Associate,No,None,8.9,7.0,80.2,55.5,54.0,50.8,53.58,Pass,D
Luna Taylor,"984 Lakeview Dr, Los Angeles, CA",Bachelor's,No,Drama,18.5,5.7,87.5,82.1,86.0,77.2,81.97,Pass,B
Noah Miller,"8635 Oak Ave, Seattle, WA",Associate,Yes,Sports,16.7,7.6,85.5,69.1,73.3,76.8,72.89,Pass,C
Mia Jones,"3951 Parkway Blvd, Austin, TX",PhD,No,Sports,12.6,6.8,86.0,61.7,56.8,63.8,60.61,Pass,D
Liam Thomas,"4528 Lakeview Dr, Austin, TX",Master's,No,Drama,20.0,5.2,77.4,64.9,60.3,51.4,59.26,Pass,D
Noah Johnson,"6390 Parkway Blvd, Miami, FL",None,No,Debate,8.0,7.6,94.8,47.1,51.6,48.2,48.99,Fail,F
Lucas Johnson,"3470 Parkway Blvd, Chicago, IL",High School,No,Volunteer,4.3,6.8,83.0,44.7,47.1,45.3,45.75,Fail,F
Olivia Martinez,"8972 Lakeview Dr, Austin, TX",None,No,Drama,2.5,7.5,89.1,33.9,45.4,44.0,40.96,Fail,F
Theodore Miller,"5686 Highland Terrace, Austin, TX",Bachelor's,No,None,9.8,6.8,84.6,57.5,56.0,52.0,55.34,Pass,D
Olivia Brown,"6458 Lakeview Dr, Atlanta, GA",Master's,No,Debate,16.5,6.2,90.7,70.0,60.4,66.0,65.48,Pass,D
Theodore Jackson,"4361 Oak Ave, Atlanta, GA",Bachelor's,No,None,4.9,7.2,89.0,47.5,47.1,48.0,47.5,Fail,F
Amelia Jones,"4698 Lakeview Dr, Austin, TX",None,Yes,Volunteer,6.8,7.2,93.4,54.9,53.3,55.3,54.44,Pass,D
Sophia Hernandez,"6565 Main St, Phoenix, AZ",Master's,No,Drama,13.5,6.4,60.0,50.9,53.1,44.5,49.77,Fail,F
Elijah Rodriguez,"302 Main St, Portland, OR",Associate,No,Drama,2.3,5.3,84.4,42.4,51.0,55.1,49.19,Fail,F
Charlotte Anderson,"382 Parkway Blvd, Boston, MA",None,No,Sports,8.1,6.3,84.8,54.6,61.3,47.8,54.87,Pass,D
Mia Thomas,"9219 Oak Ave, Portland, OR",Bachelor's,Yes,Volunteer,11.4,8.0,93.3,57.0,63.7,62.3,60.94,Pass,D
Noah Rodriguez,"9134 Lakeview Dr, Phoenix, AZ",None,No,Music,3.9,7.6,100.0,50.5,48.9,41.5,47.25,Fail,F
Elijah Rodriguez,"8208 Oak Ave, Miami, FL",High School,Yes,Music,12.4,6.4,89.4,52.6,77.3,61.2,63.83,Pass,D
Camila Johnson,"1975 Main St, Chicago, IL",High School,No,Volunteer,10.5,7.1,82.6,62.7,56.6,47.4,55.98,Pass,D
William Johnson,"3834 Main St, Atlanta, GA",PhD,No,Drama,14.1,8.2,99.2,66.6,60.4,56.6,61.43,Pass,D
Liam Lopez,"832 Highland Terrace, Atlanta, GA",High School,No,Sports,11.3,6.5,81.3,56.4,59.9,43.4,53.72,Pass,D
Noah Taylor,"1954 Highland Terrace, Boston, MA",None,Yes,Music,5.5,6.2,97.1,47.9,51.4,60.6,52.96,Pass,D
William Jackson,"6915 Main St, Denver, CO",PhD,No,Drama,15.8,6.3,80.2,72.1,70.4,67.8,70.2,Pass,C
Oliver Smith,"6002 Lakeview Dr, Denver, CO",Bachelor's,No,Debate,15.4,8.9,97.6,71.7,76.9,64.3,71.28,Pass,C
Sophia Martin,"2726 Lakeview Dr, Austin, TX",None,No,Music,12.2,7.1,95.1,67.2,64.6,65.4,65.74,Pass,D
Theodore Smith,"3564 Lakeview Dr, Los Angeles, CA",Master's,No,Music,13.8,7.8,92.9,73.0,81.5,53.5,70.12,Pass,C
Henry Jackson,"2558 Parkway Blvd, Austin, TX",PhD,Yes,Sports,12.3,7.3,76.8,54.0,54.6,57.4,55.22,Pass,D
Amelia Jackson,"9511 Highland Terrace, Atlanta, GA",PhD,No,Volunteer,11.1,6.4,89.0,46.9,60.7,60.0,55.69,Pass,D
Emma Taylor,"7838 Highland Terrace, Austin, TX",Master's,No,Drama,15.7,8.4,91.3,74.0,82.6,71.0,76.12,Pass,C
Elijah Miller,"4901 Oak Ave, Phoenix, AZ",Associate,Yes,Drama,11.7,7.2,98.0,61.3,77.3,65.0,68.01,Pass,D
Amelia Anderson,"1990 Oak Ave, Denver, CO",Bachelor's,No,Drama,12.6,8.1,96.8,74.0,75.4,68.9,72.96,Pass,C
Noah Lopez,"8384 Main St, Atlanta, GA",Associate,No,Volunteer,11.5,7.2,73.8,40.2,40.2,52.1,43.77,Fail,F
Amelia Anderson,"3864 Highland Terrace, New York, NY",High School,Yes,Debate,10.0,6.8,86.8,67.6,62.7,70.3,66.71,Pass,D
Theodore Jones,"4364 Lakeview Dr, Phoenix, AZ",Associate,No,Sports,9.3,6.4,85.2,57.1,54.3,55.6,55.68,Pass,D
Noah Wilson,"8374 Oak Ave, New York, NY",Master's,No,None,12.1,7.5,83.7,66.0,71.1,65.0,67.49,Pass,D
James Garcia,"354 Oak Ave, Boston, MA",None,No,Drama,5.6,6.7,75.6,51.1,60.9,46.8,53.26,Pass,D
Luna Thomas,"1754 Oak Ave, Columbus, OH",None,No,Sports,13.2,7.9,85.1,68.6,89.7,65.8,75.15,Pass,C
Charlotte Williams,"8536 Highland Terrace, Seattle, WA",Bachelor's,No,Drama,5.6,5.9,89.9,52.1,51.7,46.1,50.17,Pass,D
Oliver Gonzalez,"9224 Oak Ave, Columbus, OH",PhD,No,Sports,16.9,6.3,72.2,64.3,72.5,56.8,64.93,Pass,D
William Hernandez,"1865 Main St, Phoenix, AZ",None,No,Debate,6.5,6.7,85.3,51.9,50.8,52.0,51.53,Pass,D
Evelyn Anderson,"7238 Lakeview Dr, Columbus, OH",Bachelor's,Yes,None,18.3,6.0,83.3,79.1,57.8,62.7,66.72,Pass,D
Charlotte Jackson,"1472 Oak Ave, Atlanta, GA",None,No,None,18.0,8.5,100.0,67.6,81.0,66.6,71.99,Pass,C
Lucas Gonzalez,"7285 Oak Ave, Denver, CO",Master's,No,Sports,15.7,6.7,84.5,71.3,74.9,66.8,71.21,Pass,C
Amelia Martinez,"5688 Main St, Boston, MA",Master's,No,Drama,21.0,7.5,60.0,73.0,71.8,58.1,68.08,Pass,D
William Gonzalez,"3023 Oak Ave, Denver, CO",None,Yes,Debate,11.9,6.7,99.9,66.5,75.0,56.7,66.52,Pass,D
Benjamin Rodriguez,"5250 Main St, Phoenix, AZ",Associate,No,Music,16.9,7.5,95.9,64.1,61.7,59.1,61.74,Pass,D
Emma Martinez,"8073 Parkway Blvd, Miami, FL",High School,Yes,Drama,7.5,6.2,86.0,67.9,63.1,64.3,65.14,Pass,D
Elijah Martin,"3895 Lakeview Dr, Los Angeles, CA",High School,Yes,Music,3.5,5.7,85.1,48.8,31.1,42.0,40.56,Fail,F
Luna Taylor,"548 Highland Terrace, Seattle, WA",None,Yes,Sports,6.5,6.0,74.0,45.7,51.0,63.1,52.78,Pass,D
Harper Smith,"3428 Lakeview Dr, Denver, CO",Master's,No,None,19.7,8.1,90.1,60.1,71.1,73.1,67.87,Pass,D
Lucas Taylor,"7535 Lakeview Dr, Seattle, WA",None,Yes,Debate,15.0,6.5,99.8,62.6,60.5,63.8,62.23,Pass,D
Evelyn Thomas,"1523 Oak Ave, Miami, FL",Associate,Yes,Drama,12.7,7.6,70.4,54.9,43.2,60.5,52.49,Pass,D
Noah Davis,"1318 Lakeview Dr, Columbus, OH",High School,No,Drama,13.0,7.6,77.4,69.7,63.5,68.0,67.05,Pass,D
Lucas Taylor,"1313 Lakeview Dr, Portland, OR",None,No,Sports,12.6,7.6,87.9,54.3,65.2,55.0,58.32,Pass,D
Benjamin Hernandez,"9245 Main St, Chicago, IL",PhD,Yes,Music,23.0,6.0,82.9,70.2,62.7,75.7,69.21,Pass,D
Oliver Jackson,"3707 Oak Ave, New York, NY",Associate,No,Music,13.1,6.5,98.6,63.9,57.1,71.3,63.71,Pass,D
Harper Garcia,"8238 Lakeview Dr, Columbus, OH",High School,Yes,None,9.2,6.9,77.3,59.2,71.8,55.0,62.35,Pass,D
Noah Taylor,"3609 Main St, Columbus, OH",Bachelor's,Yes,Debate,12.9,6.9,83.8,62.4,67.6,66.2,65.38,Pass,D
Luna Martin,"3018 Main St, Chicago, IL",Bachelor's,No,Volunteer,1.0,5.3,88.0,50.8,59.1,44.2,51.72,Pass,D
Henry Jackson,"5813 Parkway Blvd, Chicago, IL",Master's,Yes,Drama,12.6,7.1,97.4,71.4,66.0,66.3,67.99,Pass,D
Amelia Martinez,"8047 Parkway Blvd, Portland, OR",PhD,No,Volunteer,19.3,7.1,67.6,68.5,70.1,58.4,66.02,Pass,D
Mia Moore,"4940 Main St, Boston, MA",High School,Yes,Drama,10.0,5.1,74.2,53.3,53.2,54.4,53.62,Pass,D
Evelyn Anderson,"4153 Parkway Blvd, Denver, CO",None,Yes,Debate,5.3,6.9,70.7,54.2,53.7,56.5,54.72,Pass,D
William Brown,"6622 Oak Ave, Denver, CO",Bachelor's,No,Volunteer,5.7,5.9,80.6,48.1,46.0,52.1,48.57,Fail,F
Evelyn Davis,"4866 Lakeview Dr, Austin, TX",Master's,Yes,Debate,17.7,8.5,69.5,84.0,74.4,76.9,78.48,Pass,C
Olivia Moore,"4386 Lakeview Dr, Denver, CO",Bachelor's,No,Debate,5.5,8.7,77.4,39.0,48.7,45.9,44.48,Fail,F
Evelyn Gonzalez,"995 Lakeview Dr, Miami, FL",Bachelor's,Yes,Drama,11.2,6.4,85.7,49.8,58.9,64.5,57.39,Pass,D
Olivia Martinez,"6814 Oak Ave, Boston, MA",Master's,Yes,Volunteer,11.8,6.7,72.5,71.2,66.7,65.4,67.89,Pass,D
James Brown,"5501 Oak Ave, Phoenix, AZ",Master's,Yes,None,16.7,7.7,86.2,70.9,65.8,74.7,70.25,Pass,C
Liam Gonzalez,"5560 Lakeview Dr, Los Angeles, CA",Master's,Yes,None,10.5,8.7,93.2,67.8,65.3,69.2,67.35,Pass,D
Olivia Taylor,"6032 Highland Terrace, Chicago, IL",High School,Yes,Volunteer,7.5,5.4,89.3,44.6,54.2,56.2,51.46,Pass,D
Henry Davis,"2744 Lakeview Dr, Miami, FL",Associate,No,Music,18.5,7.6,86.0,68.1,75.6,62.7,69.13,Pass,D
Luna Davis,"691 Main St, Austin, TX",Master's,Yes,Volunteer,14.6,5.7,95.3,55.9,66.7,70.3,64.01,Pass,D
Henry Thomas,"2671 Lakeview Dr, Austin, TX",Associate,Yes,Music,15.9,6.4,89.4,57.1,67.2,73.1,65.4,Pass,D
Amelia Johnson,"2125 Parkway Blvd, Miami, FL",PhD,No,Music,16.1,6.0,89.2,68.8,73.5,59.7,67.71,Pass,D
Elijah Williams,"1310 Highland Terrace, Los Angeles, CA",PhD,No,Sports,15.7,7.3,62.8,57.6,62.2,48.0,56.34,Pass,D
Liam Moore,"2587 Main St, Phoenix, AZ",PhD,No,Music,12.6,5.5,81.4,62.6,62.3,59.8,61.68,Pass,D
Camila Martinez,"7065 Highland Terrace, Denver, CO",PhD,Yes,Drama,16.3,6.7,81.7,63.5,62.5,66.3,63.99,Pass,D
Elijah Anderson,"1733 Lakeview Dr, Chicago, IL",PhD,No,Debate,14.6,6.3,83.2,62.0,73.8,54.0,63.7,Pass,D
Sophia Wilson,"3741 Parkway Blvd, Los Angeles, CA",Master's,No,Debate,13.5,6.7,82.5,62.4,52.5,61.6,58.73,Pass,D
Sophia Moore,"4107 Parkway Blvd, Atlanta, GA",None,No,None,3.0,6.0,62.3,45.6,61.9,46.8,51.66,Pass,D
Henry Lopez,"1874 Parkway Blvd, Atlanta, GA",High School,Yes,Debate,7.2,7.3,84.5,36.3,44.3,45.4,41.83,Fail,F
Amelia Anderson,"7911 Highland Terrace, Denver, CO",None,No,Drama,9.0,7.8,92.7,54.4,50.9,55.0,53.34,Pass,D
Oliver Williams,"9289 Oak Ave, Los Angeles, CA",High School,No,Volunteer,10.5,6.5,78.9,59.8,72.4,56.6,63.26,Pass,D
Amelia Williams,"6705 Highland Terrace, Seattle, WA",Bachelor's,Yes,Sports,9.7,9.2,80.1,50.9,58.5,53.6,54.34,Pass,D
Harper Rodriguez,"5202 Lakeview Dr, New York, NY",High School,Yes,Drama,13.2,6.4,79.3,71.5,68.1,66.6,68.83,Pass,D
Theodore Martin,"191 Lakeview Dr, New York, NY",PhD,Yes,Volunteer,17.8,7.0,100.0,80.4,69.9,71.8,74.11,Pass,C
Harper Moore,"5228 Oak Ave, Boston, MA",Associate,No,None,16.1,6.6,60.0,40.0,49.0,45.7,44.85,Fail,F
Harper Taylor,"1434 Main St, Atlanta, GA",Bachelor's,Yes,Debate,14.6,8.1,76.7,71.6,71.2,62.3,68.66,Pass,D
Oliver Smith,"8618 Main St, Seattle, WA",High School,Yes,Debate,6.7,7.1,85.5,54.9,51.4,38.8,48.86,Fail,F
Emma Johnson,"8213 Oak Ave, New York, NY",PhD,No,Music,10.2,6.2,75.3,54.6,51.8,54.5,53.59,Pass,D
Luna Wilson,"251 Lakeview Dr, New York, NY",None,No,Drama,9.4,5.7,100.0,50.3,41.2,51.1,47.34,Fail,F
Elijah Taylor,"6188 Highland Terrace, Denver, CO",PhD,Yes,Music,18.9,7.9,85.8,88.1,82.5,69.4,80.52,Pass,B
Sophia Taylor,"3449 Highland Terrace, Portland, OR",PhD,No,Volunteer,14.4,7.5,75.5,48.1,53.1,54.2,51.65,Pass,D
Camila Rodriguez,"7683 Oak Ave, Boston, MA",Associate,Yes,Music,7.2,5.1,96.7,53.9,58.0,60.4,57.3,Pass,D
Benjamin Thomas,"5305 Parkway Blvd, Austin, TX",High School,Yes,Debate,12.4,6.6,84.6,60.6,60.1,67.1,62.39,Pass,D
Noah Smith,"3174 Oak Ave, Miami, FL",PhD,Yes,Volunteer,19.4,6.5,85.2,71.3,63.0,69.7,67.95,Pass,D
Lucas Hernandez,"1101 Highland Terrace, Los Angeles, CA",Bachelor's,Yes,Sports,10.6,7.5,90.3,67.0,67.4,65.6,66.75,Pass,D
Mia Moore,"5751 Main St, Chicago, IL",High School,No,Drama,19.8,7.9,71.0,65.3,54.9,54.9,58.51,Pass,D
Evelyn Jackson,"5109 Lakeview Dr, Columbus, OH",Master's,No,Drama,20.2,6.7,77.9,59.8,77.9,57.4,65.4,Pass,D
Luna Moore,"3419 Main St, Portland, OR",Master's,Yes,Sports,14.6,7.8,84.0,75.0,67.7,69.0,70.68,Pass,C
James Rodriguez,"4407 Highland Terrace, Seattle, WA",None,Yes,Volunteer,12.1,8.1,80.4,67.7,68.0,58.9,65.14,Pass,D
Theodore Gonzalez,"9531 Highland Terrace, Denver, CO",Master's,No,None,16.0,8.6,71.3,63.1,63.4,53.2,60.24,Pass,D
Camila Thomas,"2854 Main St, Chicago, IL",High School,Yes,Sports,7.6,7.7,87.2,47.7,50.7,50.6,49.59,Fail,F
Camila Jones,"2800 Parkway Blvd, Seattle, WA",None,No,Sports,13.9,7.8,92.0,69.8,61.2,58.1,63.25,Pass,D
Olivia Jones,"7303 Parkway Blvd, Atlanta, GA",PhD,No,Drama,16.0,8.7,89.4,74.2,76.5,64.8,72.18,Pass,C
Sophia Taylor,"4044 Highland Terrace, Los Angeles, CA",Bachelor's,No,Debate,12.8,8.6,77.0,59.7,58.3,57.9,58.66,Pass,D
Harper Lopez,"8652 Lakeview Dr, Miami, FL",Master's,Yes,Volunteer,17.4,7.0,71.9,52.7,56.0,55.5,54.69,Pass,D
James Garcia,"4650 Oak Ave, Portland, OR",Bachelor's,No,Debate,10.6,7.2,92.1,60.2,65.2,63.0,62.8,Pass,D
Elijah Brown,"7233 Lakeview Dr, Atlanta, GA",High School,Yes,Drama,11.9,6.9,73.3,75.2,65.8,61.7,67.87,Pass,D
Lucas Lopez,"7048 Oak Ave, Columbus, OH",Master's,Yes,Debate,18.1,7.5,80.4,70.5,74.3,69.7,71.6,Pass,C
Mia Garcia,"274 Oak Ave, Columbus, OH",Bachelor's,No,Volunteer,10.0,7.9,76.8,58.8,61.5,53.1,58.03,Pass,D
James Smith,"5185 Lakeview Dr, Phoenix, AZ",None,No,Drama,5.6,7.8,83.6,62.3,56.4,64.0,60.75,Pass,D
Benjamin Smith,"4573 Main St, Phoenix, AZ",PhD,No,None,11.8,6.6,88.7,65.5,64.0,59.7,63.26,Pass,D
Harper Gonzalez,"4245 Lakeview Dr, Austin, TX",PhD,Yes,Volunteer,20.0,5.9,73.4,67.0,70.9,60.6,66.44,Pass,D
Liam Thomas,"7546 Parkway Blvd, Phoenix, AZ",High School,No,None,14.3,6.7,93.1,64.8,59.6,63.6,62.62,Pass,D
Luna Brown,"6154 Main St, Austin, TX",Master's,Yes,None,10.5,6.0,92.0,67.8,72.2,64.6,68.37,Pass,D
Charlotte Jones,"6974 Main St, Los Angeles, CA",None,No,None,6.3,7.2,92.1,55.2,65.4,57.5,59.49,Pass,D
Olivia Hernandez,"9014 Lakeview Dr, Los Angeles, CA",High School,Yes,Drama,9.7,7.1,84.2,65.8,56.4,46.1,56.6,Pass,D
William Garcia,"6100 Highland Terrace, Phoenix, AZ",None,No,Debate,1.0,5.0,81.7,36.2,36.8,44.5,38.89,Fail,F
Olivia Williams,"8316 Oak Ave, Chicago, IL",PhD,No,Sports,17.2,5.6,84.0,71.2,77.3,63.9,71.14,Pass,C
Charlotte Anderson,"4614 Highland Terrace, Austin, TX",High School,No,Music,4.3,7.5,75.9,50.4,48.9,48.6,49.35,Fail,F
Liam Martinez,"9284 Lakeview Dr, Miami, FL",None,No,Debate,10.0,7.2,78.4,56.7,62.0,57.9,58.91,Pass,D
Theodore Williams,"7685 Main St, Phoenix, AZ",None,Yes,Music,2.8,8.5,89.8,62.0,66.0,64.7,64.2,Pass,D
Noah Garcia,"9785 Main St, Denver, CO",High School,Yes,Music,5.7,7.0,71.1,45.7,64.5,63.4,57.6,Pass,D
Mia Anderson,"4142 Lakeview Dr, Los Angeles, CA",PhD,Yes,None,14.5,7.1,84.3,62.7,64.7,61.5,63.02,Pass,D
Oliver Martinez,"6314 Lakeview Dr, Austin, TX",High School,No,Music,11.8,8.3,78.9,58.3,65.1,64.0,62.4,Pass,D
Theodore Hernandez,"3802 Oak Ave, New York, NY",Associate,Yes,Music,12.2,6.1,90.4,57.7,58.2,57.9,57.93,Pass,D
Sophia Rodriguez,"7302 Lakeview Dr, Columbus, OH",None,No,Drama,4.9,6.6,95.0,60.8,70.0,66.6,65.76,Pass,D
Theodore Lopez,"8669 Parkway Blvd, Denver, CO",PhD,Yes,Sports,22.2,7.3,100.0,81.6,85.5,79.6,82.34,Pass,B
Theodore Gonzalez,"8913 Highland Terrace, Seattle, WA",High School,No,Drama,4.8,7.9,100.0,50.4,58.8,62.6,56.97,Pass,D
Sophia Miller,"8353 Highland Terrace, Denver, CO",PhD,No,Sports,10.9,5.1,92.1,67.4,74.7,60.6,67.93,Pass,D
Benjamin Miller,"3675 Parkway Blvd, Miami, FL",Associate,Yes,Sports,11.6,7.6,79.0,45.7,46.7,42.9,45.22,Fail,F
Benjamin Garcia,"2390 Parkway Blvd, Boston, MA",Master's,No,Drama,14.4,7.2,73.1,68.3,61.4,57.9,62.79,Pass,D
Theodore Gonzalez,"9740 Main St, Portland, OR",Associate,Yes,None,6.2,6.5,100.0,60.2,63.9,61.2,61.8,Pass,D
Mia Smith,"7004 Parkway Blvd, Seattle, WA",Associate,No,None,12.0,6.7,70.8,58.7,59.4,48.9,56.03,Pass,D
Emma Garcia,"5118 Oak Ave, Denver, CO",Bachelor's,Yes,Sports,19.4,8.3,94.8,79.1,76.6,73.5,76.54,Pass,C
Lucas Martin,"9825 Highland Terrace, Boston, MA",PhD,No,None,16.9,8.3,84.2,74.1,67.0,61.2,67.74,Pass,D
Henry Thomas,"4238 Lakeview Dr, Chicago, IL",Master's,No,Debate,19.2,8.9,90.5,85.1,77.9,64.7,76.48,Pass,C
Henry Martinez,"3938 Highland Terrace, Austin, TX",None,No,Debate,6.5,8.8,92.5,48.4,54.9,46.6,50.12,Pass,D
Elijah Jackson,"9816 Main St, New York, NY",High School,Yes,Drama,13.3,6.6,65.2,67.5,63.4,54.2,62.04,Pass,D
Camila Taylor,"9405 Oak Ave, Chicago, IL",High School,No,Sports,8.5,6.1,84.3,41.8,45.3,45.7,44.19,Fail,F
Noah Martinez,"5770 Parkway Blvd, Seattle, WA",Bachelor's,Yes,Debate,7.7,7.6,82.0,42.3,44.0,44.3,43.5,Fail,F
Liam Jones,"2919 Lakeview Dr, Chicago, IL",Associate,Yes,Music,8.1,6.1,92.7,59.0,57.9,58.7,58.52,Pass,D
Amelia Miller,"1577 Oak Ave, New York, NY",High School,No,Sports,4.6,6.7,78.5,32.8,46.2,49.3,42.43,Fail,F
Harper Garcia,"1736 Parkway Blvd, Denver, CO",Master's,No,None,13.0,6.4,85.5,66.8,74.1,65.6,68.96,Pass,D
James Thomas,"6265 Parkway Blvd, Portland, OR",PhD,Yes,Sports,14.0,5.3,92.5,67.4,72.0,72.3,70.49,Pass,C
Henry Jones,"2287 Parkway Blvd, Denver, CO",Associate,No,None,12.2,7.5,83.0,60.1,61.2,59.9,60.43,Pass,D
Evelyn Martin,"8850 Main St, New York, NY",Associate,No,None,3.7,7.8,89.6,50.1,65.7,47.4,54.77,Pass,D
Theodore Smith,"3018 Oak Ave, Chicago, IL",Associate,No,Drama,9.4,6.7,84.2,47.8,53.5,52.1,51.06,Pass,D
Benjamin Smith,"9916 Parkway Blvd, Phoenix, AZ",None,Yes,Music,16.8,6.2,98.4,74.8,77.3,85.3,78.82,Pass,C
Harper Miller,"3560 Lakeview Dr, Austin, TX",Bachelor's,Yes,Drama,7.7,7.8,80.0,56.0,53.2,58.9,55.89,Pass,D
Henry Garcia,"2569 Lakeview Dr, New York, NY",Associate,No,None,11.4,6.2,93.6,44.0,40.1,56.7,46.47,Fail,F
Harper Johnson,"7009 Oak Ave, Miami, FL",High School,No,None,11.0,8.5,91.0,55.6,54.9,55.4,55.28,Pass,D
Benjamin Brown,"1453 Lakeview Dr, Boston, MA",PhD,Yes,None,15.3,5.5,75.5,65.7,75.3,66.6,69.32,Pass,D
Henry Smith,"5326 Oak Ave, Seattle, WA",Master's,No,None,12.1,6.8,85.9,56.4,65.1,62.3,61.23,Pass,D
Lucas Smith,"6681 Parkway Blvd, Boston, MA",None,No,Debate,9.3,6.8,77.2,47.3,45.8,45.9,46.34,Fail,F
Elijah Brown,"7477 Highland Terrace, Phoenix, AZ",Associate,No,None,12.2,6.4,78.5,56.8,60.0,68.1,61.31,Pass,D
William Moore,"1929 Oak Ave, Denver, CO",Bachelor's,No,None,8.2,6.9,88.2,50.2,60.2,53.4,54.67,Pass,D
Noah Jones,"5623 Highland Terrace, Austin, TX",Associate,Yes,Volunteer,9.3,7.9,80.0,51.2,45.0,55.2,50.23,Pass,D
Camila Anderson,"895 Parkway Blvd, New York, NY",Associate,Yes,Sports,19.7,6.8,75.3,62.7,57.9,58.5,59.75,Pass,D
Harper Anderson,"920 Highland Terrace, Denver, CO",PhD,No,Drama,22.1,8.5,92.7,75.0,79.8,72.1,75.81,Pass,C
Evelyn Hernandez,"4952 Main St, Portland, OR",Master's,No,Music,20.5,6.6,82.8,78.1,64.5,65.2,69.49,Pass,D
Sophia Lopez,"387 Parkway Blvd, New York, NY",Associate,No,None,7.3,5.9,95.6,54.6,59.3,61.7,58.38,Pass,D
Olivia Martin,"5953 Main St, Los Angeles, CA",Master's,No,Music,18.7,7.1,92.0,67.0,64.3,66.3,65.84,Pass,D
Charlotte Williams,"1649 Oak Ave, Atlanta, GA",PhD,Yes,None,19.7,6.8,92.5,65.0,72.0,64.4,67.26,Pass,D
Harper Wilson,"5758 Parkway Blvd, Miami, FL",PhD,Yes,None,12.1,8.2,83.6,56.3,54.6,50.6,54.0,Pass,D
Benjamin Jackson,"765 Main St, Boston, MA",Associate,No,Sports,7.9,6.6,86.2,62.6,59.5,55.4,59.35,Pass,D
Oliver Martin,"1756 Parkway Blvd, Columbus, OH",Master's,Yes,Drama,23.4,6.9,93.9,82.8,77.9,73.5,78.31,Pass,C
Sophia Wilson,"466 Oak Ave, New York, NY",PhD,No,None,12.9,5.9,91.5,67.0,64.8,57.5,63.39,Pass,D
Noah Wilson,"3239 Highland Terrace, Los Angeles, CA",Associate,No,Volunteer,8.8,8.1,87.7,53.2,50.8,58.1,53.82,Pass,D
Benjamin Moore,"900 Lakeview Dr, Chicago, IL",Master's,No,Music,10.5,6.1,77.7,55.6,58.4,53.4,55.93,Pass,D
Evelyn Rodriguez,"3142 Lakeview Dr, Columbus, OH",Master's,Yes,Volunteer,12.0,7.2,82.7,55.0,62.9,60.9,59.54,Pass,D
Henry Garcia,"4768 Lakeview Dr, Portland, OR",None,No,Music,10.1,6.6,91.1,42.3,51.4,49.7,47.71,Fail,F
Liam Wilson,"2226 Lakeview Dr, Portland, OR",Associate,No,Volunteer,5.2,6.8,84.1,41.8,46.1,39.4,42.58,Fail,F
William Brown,"3783 Main St, Chicago, IL",PhD,No,Music,18.1,5.3,81.5,64.5,60.2,61.5,62.08,Pass,D
Noah Martin,"7647 Highland Terrace, Miami, FL",Bachelor's,No,Volunteer,6.4,5.9,92.6,63.8,58.5,48.8,57.43,Pass,D
Henry Thomas,"305 Lakeview Dr, Atlanta, GA",Associate,No,Drama,12.4,6.9,81.1,62.0,50.8,51.4,54.9,Pass,D
Lucas Jones,"8275 Oak Ave, Boston, MA",Master's,Yes,None,16.1,7.5,68.9,66.6,78.1,63.5,69.71,Pass,D
Henry Rodriguez,"628 Highland Terrace, New York, NY",None,No,Volunteer,13.9,7.0,77.0,83.8,83.6,72.1,80.22,Pass,B
Mia Williams,"8776 Lakeview Dr, Chicago, IL",Associate,No,Drama,10.5,6.7,81.3,69.8,68.3,61.5,66.79,Pass,D
Lucas Anderson,"2654 Highland Terrace, Austin, TX",Master's,Yes,Volunteer,6.8,7.2,88.1,66.9,53.3,69.1,62.81,Pass,D
Mia Jackson,"6905 Main St, New York, NY",Associate,No,Music,13.0,7.6,100.0,67.9,68.2,60.4,65.75,Pass,D
Henry Moore,"6300 Highland Terrace, Seattle, WA",None,Yes,Debate,5.1,4.7,84.6,52.6,52.5,53.2,52.75,Pass,D
James Miller,"9451 Lakeview Dr, Los Angeles, CA",High School,Yes,None,4.3,6.9,100.0,53.0,52.6,59.9,54.92,Pass,D
Henry Moore,"5867 Oak Ave, New York, NY",Bachelor's,No,Drama,17.1,7.5,93.5,77.0,71.0,69.9,72.78,Pass,C
Mia Brown,"5306 Highland Terrace, Portland, OR",Master's,No,Music,19.2,8.6,88.1,77.0,67.4,55.1,67.05,Pass,D
Henry Thomas,"4790 Parkway Blvd, Boston, MA",High School,Yes,Debate,15.4,8.5,71.3,73.6,71.5,75.6,73.49,Pass,C
Sophia Smith,"5573 Parkway Blvd, Atlanta, GA",PhD,Yes,None,18.6,7.6,89.7,77.9,78.6,71.6,76.24,Pass,C
Emma Gonzalez,"6950 Parkway Blvd, Phoenix, AZ",Bachelor's,Yes,None,11.5,7.1,78.6,55.4,60.0,50.0,55.4,Pass,D
Liam Martin,"2370 Highland Terrace, Chicago, IL",Master's,Yes,Volunteer,15.5,6.8,81.9,57.1,66.2,67.3,63.34,Pass,D
Theodore Wilson,"5425 Highland Terrace, Austin, TX",High School,Yes,Volunteer,14.2,7.5,87.0,68.4,71.1,59.1,66.56,Pass,D
Harper Williams,"472 Highland Terrace, Denver, CO",PhD,No,Volunteer,22.3,6.9,60.4,72.1,62.1,53.9,63.14,Pass,D
Benjamin Miller,"7600 Lakeview Dr, Seattle, WA",PhD,Yes,Music,14.6,6.3,85.3,71.3,72.7,64.6,69.77,Pass,D
Harper Miller,"2273 Lakeview Dr, Denver, CO",None,Yes,Music,5.9,7.5,83.2,38.1,41.7,51.7,43.44,Fail,F
Theodore Anderson,"4114 Highland Terrace, Boston, MA",Bachelor's,Yes,Music,10.5,10.0,71.7,65.7,60.8,65.1,63.8,Pass,D
Lucas Taylor,"1921 Highland Terrace, Portland, OR",Associate,Yes,Music,14.5,7.1,86.6,63.7,57.0,74.1,64.48,Pass,D
Lucas Williams,"629 Parkway Blvd, Austin, TX",Master's,No,Debate,9.6,6.0,82.9,51.0,56.0,54.7,53.84,Pass,D
Noah Wilson,"8903 Main St, Miami, FL",PhD,Yes,Debate,14.8,7.4,85.5,61.4,72.8,61.3,65.37,Pass,D
Harper Johnson,"6627 Main St, Miami, FL",Associate,No,None,9.4,6.2,83.2,65.8,81.7,67.7,71.92,Pass,C
Benjamin Anderson,"2132 Main St, New York, NY",High School,No,Volunteer,16.0,6.7,96.9,61.7,60.1,67.5,62.85,Pass,D
Emma Garcia,"6864 Lakeview Dr, Denver, CO",High School,Yes,Debate,10.6,5.6,80.7,64.2,48.2,56.8,56.38,Pass,D
James Rodriguez,"5507 Main St, Los Angeles, CA",Bachelor's,No,Music,11.4,6.2,89.2,53.4,50.2,55.6,52.96,Pass,D
Elijah Hernandez,"7385 Lakeview Dr, Miami, FL",Bachelor's,No,Volunteer,10.7,7.2,85.8,70.4,68.5,63.0,67.49,Pass,D
Elijah Martin,"2394 Oak Ave, Austin, TX",Master's,No,Sports,15.5,7.6,98.0,70.8,71.2,62.5,68.46,Pass,D
Amelia Lopez,"6042 Lakeview Dr, Phoenix, AZ",Associate,Yes,Volunteer,6.7,4.2,97.7,57.0,66.0,55.1,59.59,Pass,D
Sophia Thomas,"7306 Lakeview Dr, Columbus, OH",High School,Yes,Music,7.3,7.9,81.3,56.6,47.3,53.1,52.28,Pass,D
Camila Martinez,"4315 Oak Ave, New York, NY",None,Yes,Volunteer,9.8,8.7,100.0,64.8,81.1,68.8,71.73,Pass,C
Sophia Jones,"297 Lakeview Dr, Phoenix, AZ",Associate,No,Debate,8.5,8.6,62.4,53.4,40.9,41.2,45.37,Fail,F
Camila Garcia,"2653 Highland Terrace, Denver, CO",Master's,No,Volunteer,11.2,6.8,67.4,55.2,54.9,52.4,54.26,Pass,D
Mia Gonzalez,"2870 Highland Terrace, Boston, MA",Bachelor's,Yes,Debate,11.8,7.7,86.7,72.4,67.3,69.2,69.66,Pass,D
Henry Smith,"1160 Lakeview Dr, Portland, OR",High School,No,Music,5.5,8.4,97.6,53.4,61.2,60.0,58.12,Pass,D
Amelia Jones,"2059 Oak Ave, Miami, FL",Associate,No,Debate,12.9,5.5,86.6,61.7,54.4,60.7,58.84,Pass,D
Theodore Smith,"8687 Oak Ave, Columbus, OH",PhD,Yes,Drama,15.4,7.5,98.7,59.4,60.0,63.5,60.81,Pass,D
Olivia Gonzalez,"1719 Lakeview Dr, Portland, OR",Master's,Yes,Drama,16.4,5.8,76.6,69.7,66.3,76.5,70.56,Pass,C
Luna Moore,"8910 Main St, Columbus, OH",None,No,Volunteer,15.3,5.4,73.3,58.2,68.8,65.7,64.14,Pass,D
Benjamin Davis,"4295 Oak Ave, Chicago, IL",PhD,Yes,Music,14.2,5.2,73.3,60.8,57.7,57.2,58.64,Pass,D
Lucas Garcia,"4454 Highland Terrace, Austin, TX",Associate,Yes,None,17.6,7.5,80.0,52.7,57.7,61.2,56.99,Pass,D
James Williams,"8661 Lakeview Dr, Seattle, WA",None,Yes,Music,8.6,5.9,89.9,59.9,61.4,62.7,61.25,Pass,D
Amelia Jackson,"7919 Parkway Blvd, Phoenix, AZ",None,Yes,Drama,2.9,4.8,71.8,49.2,52.0,53.5,51.49,Pass,D
Noah Miller,"2007 Parkway Blvd, Boston, MA",None,No,Music,1.0,7.2,74.7,45.0,46.6,46.1,45.89,Fail,F
Emma Moore,"3622 Highland Terrace, Phoenix, AZ",Bachelor's,No,Volunteer,13.5,8.0,78.6,59.9,55.2,52.8,56.12,Pass,D
Liam Jackson,"1927 Parkway Blvd, New York, NY",PhD,Yes,Volunteer,20.0,6.8,84.6,64.5,73.0,65.0,67.63,Pass,D
Camila Anderson,"4224 Parkway Blvd, Austin, TX",Master's,No,Debate,20.9,5.4,90.1,66.0,72.7,60.9,66.81,Pass,D
Charlotte Hernandez,"8018 Highland Terrace, Atlanta, GA",Associate,No,Drama,11.2,6.3,86.7,72.7,79.2,58.2,70.61,Pass,C
Luna Davis,"4610 Highland Terrace, Denver, CO",Master's,No,None,15.4,6.2,82.4,62.3,61.5,63.2,62.29,Pass,D
Lucas Brown,"8088 Main St, Seattle, WA",Associate,No,Debate,1.0,7.0,89.4,49.0,48.3,37.6,45.34,Fail,F
Charlotte Garcia,"7178 Lakeview Dr, Los Angeles, CA",None,No,Drama,5.1,7.9,78.7,36.0,44.1,31.6,37.52,Fail,F
Luna Garcia,"1881 Oak Ave, Chicago, IL",High School,No,Volunteer,12.9,8.3,64.8,64.5,65.4,51.8,61.04,Pass,D
Sophia Hernandez,"7831 Main St, Atlanta, GA",PhD,No,Volunteer,11.3,7.8,93.3,64.3,80.4,65.6,70.35,Pass,C
James Jackson,"2632 Lakeview Dr, Portland, OR",High School,Yes,Debate,3.9,5.8,100.0,60.9,54.6,58.2,57.9,Pass,D
Charlotte Garcia,"2674 Lakeview Dr, Phoenix, AZ",Master's,No,None,19.1,8.1,72.3,79.1,67.0,71.8,72.7,Pass,C
Camila Wilson,"4513 Oak Ave, Columbus, OH",Associate,No,Drama,8.5,6.1,89.8,49.3,51.1,47.4,49.37,Fail,F
Mia Jones,"5567 Lakeview Dr, Miami, FL",PhD,No,Debate,15.1,8.1,87.3,75.0,74.9,58.8,70.1,Pass,C
Sophia Wilson,"6547 Parkway Blvd, Phoenix, AZ",None,No,Sports,4.5,6.9,72.2,45.8,56.5,52.1,51.44,Pass,D
Evelyn Lopez,"2392 Parkway Blvd, Portland, OR",Associate,Yes,None,7.7,6.5,70.4,42.5,40.2,41.8,41.47,Fail,F
James Miller,"4293 Lakeview Dr, Portland, OR",Associate,Yes,Drama,1.8,6.5,97.4,55.6,57.6,69.1,60.34,Pass,D
Evelyn Gonzalez,"9243 Highland Terrace, Denver, CO",PhD,Yes,Music,16.0,5.4,90.3,56.1,59.7,57.7,57.84,Pass,D
Camila Taylor,"4588 Main St, Boston, MA",None,Yes,Music,6.6,6.7,91.5,54.7,46.9,48.6,50.15,Pass,D
William Thomas,"9814 Parkway Blvd, Columbus, OH",None,No,None,5.4,5.3,71.9,65.4,60.3,53.8,60.12,Pass,D
Harper Davis,"9702 Parkway Blvd, Miami, FL",None,Yes,Sports,12.1,9.3,83.2,60.4,65.6,64.8,63.56,Pass,D
William Rodriguez,"6153 Parkway Blvd, Atlanta, GA",Associate,Yes,Debate,8.7,7.5,88.3,53.6,59.1,65.7,59.12,Pass,D
Oliver Williams,"6879 Oak Ave, Denver, CO",High School,No,Volunteer,13.4,6.4,100.0,82.1,86.2,67.8,79.22,Pass,C
James Moore,"7280 Oak Ave, Los Angeles, CA",Associate,No,Volunteer,18.0,5.7,75.2,72.7,69.4,60.0,67.75,Pass,D
Benjamin Martinez,"458 Oak Ave, Columbus, OH",None,No,Drama,6.2,8.6,87.8,53.9,66.0,47.4,56.17,Pass,D
Lucas Miller,"5363 Parkway Blvd, Seattle, WA",High School,No,Drama,8.5,6.8,74.1,55.6,57.2,61.0,57.79,Pass,D
William Miller,"4343 Lakeview Dr, Portland, OR",Master's,Yes,Music,19.6,8.7,85.7,87.3,76.4,66.9,77.37,Pass,C
Emma Wilson,"6593 Parkway Blvd, New York, NY",None,Yes,Volunteer,9.1,7.7,89.6,56.6,56.1,54.8,55.9,Pass,D
Mia Smith,"7263 Main St, Phoenix, AZ",Master's,No,Volunteer,22.4,7.5,95.2,86.2,77.3,69.7,78.14,Pass,C
Harper Martinez,"5568 Main St, Phoenix, AZ",PhD,Yes,Volunteer,15.5,8.2,80.8,58.5,56.3,70.6,61.37,Pass,D
Noah Moore,"8812 Oak Ave, Los Angeles, CA",Master's,Yes,Volunteer,15.6,5.9,89.5,70.8,67.6,72.7,70.25,Pass,C
Lucas Martin,"3227 Main St, Portland, OR",PhD,No,Drama,16.4,7.3,85.4,56.3,63.5,51.3,57.34,Pass,D
Lucas Anderson,"2593 Lakeview Dr, Columbus, OH",None,Yes,None,1.0,7.8,66.5,40.2,41.0,53.4,44.46,Fail,F
Theodore Hernandez,"8746 Parkway Blvd, Boston, MA",None,No,Volunteer,11.5,9.7,83.3,58.8,71.3,57.2,62.7,Pass,D
Sophia Smith,"6488 Main St, Phoenix, AZ",None,Yes,Drama,9.9,5.9,88.1,44.0,49.9,55.2,49.42,Fail,F
Evelyn Jones,"3751 Highland Terrace, Miami, FL",PhD,No,Volunteer,20.2,5.7,80.1,62.2,55.3,58.7,58.75,Pass,D
Lucas Miller,"5910 Highland Terrace, Phoenix, AZ",High School,Yes,Music,10.0,7.5,83.5,58.2,57.2,64.6,59.78,Pass,D
James Martinez,"1753 Main St, Seattle, WA",Master's,Yes,Music,15.1,6.9,95.9,67.1,64.3,69.9,66.95,Pass,D
Luna Lopez,"5465 Lakeview Dr, Los Angeles, CA",High School,Yes,Music,13.6,6.5,79.2,68.3,65.5,58.9,64.5,Pass,D
Sophia Garcia,"4541 Oak Ave, New York, NY",High School,No,Sports,3.2,5.7,92.8,66.6,53.2,62.2,60.6,Pass,D
Oliver Anderson,"6245 Main St, Los Angeles, CA",Bachelor's,Yes,Debate,11.5,7.6,86.9,55.7,57.0,65.0,58.92,Pass,D
Olivia Anderson,"6640 Oak Ave, Boston, MA",High School,No,Volunteer,7.7,6.0,100.0,53.0,47.0,52.0,50.61,Pass,D
Emma Williams,"8401 Highland Terrace, Seattle, WA",PhD,Yes,Music,20.5,9.0,83.0,74.4,76.5,74.1,75.01,Pass,C
James Brown,"5971 Lakeview Dr, Boston, MA",Bachelor's,Yes,Music,11.9,6.6,86.6,66.6,51.0,63.2,60.09,Pass,D
Noah Taylor,"7931 Lakeview Dr, Denver, CO",Master's,Yes,Debate,14.9,6.2,76.3,66.2,59.2,61.2,62.27,Pass,D
Liam Smith,"6981 Parkway Blvd, New York, NY",None,No,Drama,13.4,7.8,91.2,58.4,56.8,60.9,58.57,Pass,D
Sophia Williams,"5026 Oak Ave, New York, NY",PhD,Yes,None,16.4,5.7,92.5,81.0,65.3,66.6,71.18,Pass,C
Henry Thomas,"4600 Lakeview Dr, Austin, TX",None,Yes,Music,11.7,7.1,85.4,60.6,66.1,70.0,65.34,Pass,D
Charlotte Jackson,"2196 Highland Terrace, Austin, TX",High School,Yes,None,14.9,5.6,83.8,73.0,74.7,71.0,72.99,Pass,C
Harper Johnson,"9868 Oak Ave, Austin, TX",PhD,No,Drama,20.2,7.1,100.0,68.7,71.3,72.1,70.63,Pass,C
Camila Wilson,"6968 Oak Ave, Seattle, WA",High School,Yes,None,10.7,8.5,88.8,56.7,55.7,43.8,52.48,Pass,D
Charlotte Lopez,"2760 Main St, Los Angeles, CA",Bachelor's,Yes,Drama,15.8,5.3,87.6,68.9,66.6,60.7,65.61,Pass,D
Henry Lopez,"5360 Main St, Miami, FL",None,No,Sports,4.8,6.8,100.0,59.7,48.9,51.6,53.49,Pass,D
Harper Johnson,"2464 Parkway Blvd, Columbus, OH",None,No,Volunteer,4.4,6.8,80.8,48.1,61.3,50.4,53.42,Pass,D
Benjamin Garcia,"1740 Main St, Seattle, WA",Associate,Yes,Sports,13.2,6.9,91.1,65.2,68.3,72.9,68.61,Pass,D
Evelyn Williams,"7893 Parkway Blvd, Los Angeles, CA",Bachelor's,No,Music,12.0,6.8,92.7,69.5,68.0,63.5,67.18,Pass,D
Camila Smith,"7902 Parkway Blvd, Miami, FL",Associate,Yes,Drama,11.4,5.6,86.4,66.8,68.1,63.7,66.31,Pass,D
Luna Lopez,"1679 Parkway Blvd, Phoenix, AZ",Bachelor's,Yes,Music,11.3,7.1,85.8,55.4,59.1,62.0,58.7,Pass,D
Amelia Taylor,"2436 Oak Ave, Seattle, WA",PhD,Yes,None,17.0,7.4,78.4,82.9,77.7,73.1,78.13,Pass,C
Emma Gonzalez,"1824 Oak Ave, Miami, FL",High School,No,Music,15.8,7.6,95.8,78.5,67.8,59.7,69.12,Pass,D
Sophia Hernandez,"7671 Highland Terrace, Columbus, OH",Master's,No,Music,15.3,7.8,79.6,56.5,62.5,56.9,58.71,Pass,D
William Wilson,"2479 Highland Terrace, Denver, CO",PhD,Yes,None,22.0,6.4,71.4,68.0,63.6,55.0,62.56,Pass,D
Henry Johnson,"3084 Main St, Chicago, IL",High School,Yes,Music,11.2,7.4,100.0,66.1,64.2,65.0,65.12,Pass,D
Charlotte Gonzalez,"291 Highland Terrace, Denver, CO",Bachelor's,No,Drama,18.5,7.6,85.2,73.4,52.7,66.2,64.0,Pass,D
James Jackson,"7507 Oak Ave, New York, NY",Bachelor's,No,Volunteer,14.7,6.2,76.7,66.2,75.1,62.5,68.23,Pass,D
Lucas Brown,"4676 Highland Terrace, Columbus, OH",Associate,No,Music,10.2,6.2,79.0,62.3,55.4,55.5,57.83,Pass,D
Elijah Hernandez,"9093 Parkway Blvd, Boston, MA",PhD,Yes,None,15.3,7.4,86.3,62.8,59.7,53.4,58.86,Pass,D
William Taylor,"1134 Lakeview Dr, Miami, FL",Bachelor's,Yes,Volunteer,9.1,7.9,89.7,58.8,59.7,57.3,58.66,Pass,D
Oliver Brown,"7594 Main St, Chicago, IL",None,No,Music,5.0,8.0,69.9,43.5,40.1,39.0,40.97,Fail,F
Mia Martinez,"7246 Highland Terrace, Boston, MA",None,Yes,Debate,8.2,6.7,95.7,40.9,53.6,56.7,50.08,Pass,D
Benjamin Miller,"3734 Main St, Seattle, WA",High School,No,Volunteer,7.5,7.1,87.2,53.2,57.5,50.0,53.74,Pass,D
Camila Jones,"8792 Highland Terrace, Phoenix, AZ",None,No,Volunteer,13.5,7.8,90.6,67.6,64.6,62.7,65.06,Pass,D
Amelia Taylor,"6235 Oak Ave, Seattle, WA",None,Yes,None,8.8,8.7,83.2,51.0,44.7,53.0,49.43,Fail,F
Camila Davis,"2591 Highland Terrace, Columbus, OH",Master's,No,Music,16.8,7.4,74.8,66.1,67.3,55.9,63.44,Pass,D
Elijah Johnson,"4957 Parkway Blvd, New York, NY",Master's,No,Debate,19.7,6.0,74.5,66.7,60.9,54.5,60.99,Pass,D
Lucas Hernandez,"5015 Main St, Seattle, WA",None,No,None,2.0,9.1,74.9,46.9,44.0,46.5,45.77,Fail,F
Luna Martinez,"9831 Main St, Chicago, IL",None,No,Music,12.0,8.0,83.7,53.9,59.4,60.0,57.66,Pass,D
Oliver Thomas,"4072 Parkway Blvd, Seattle, WA",High School,No,Debate,6.4,6.4,87.6,53.6,62.6,58.2,58.14,Pass,D
Theodore Miller,"5841 Main St, Chicago, IL",High School,No,Music,5.8,7.0,80.9,41.6,52.4,46.8,46.91,Fail,F
Henry Brown,"9699 Oak Ave, Columbus, OH",High School,No,Music,4.9,4.2,96.7,59.3,63.2,53.1,58.82,Pass,D
Elijah Hernandez,"2021 Highland Terrace, Austin, TX",Associate,Yes,None,10.7,7.3,85.6,82.8,74.7,70.2,76.17,Pass,C
Camila Thomas,"7280 Lakeview Dr, Chicago, IL",None,No,Music,8.6,7.8,76.9,49.5,44.4,47.4,47.08,Fail,F
Noah Hernandez,"771 Parkway Blvd, Miami, FL",Associate,Yes,None,11.6,7.0,76.4,57.3,53.7,53.3,54.83,Pass,D
Lucas Wilson,"2859 Parkway Blvd, Phoenix, AZ",Associate,Yes,Volunteer,13.8,7.3,73.9,69.3,65.1,61.7,65.54,Pass,D
Emma Williams,"9984 Highland Terrace, Columbus, OH",Associate,Yes,None,12.8,5.0,92.5,59.8,73.4,60.4,64.73,Pass,D
Harper Wilson,"1028 Main St, New York, NY",Associate,No,Drama,9.6,7.3,75.0,58.8,69.2,50.3,59.9,Pass,D
Benjamin Hernandez,"4216 Lakeview Dr, New York, NY",None,Yes,Sports,9.4,7.8,78.4,67.3,65.7,65.2,66.11,Pass,D
Harper Davis,"8209 Oak Ave, Phoenix, AZ",Master's,No,None,11.7,6.8,92.6,58.1,61.0,57.6,58.96,Pass,D
Elijah Brown,"8093 Highland Terrace, Columbus, OH",Master's,No,Volunteer,20.1,6.8,86.2,67.0,64.3,62.9,64.85,Pass,D
Benjamin Gonzalez,"9957 Main St, Austin, TX",Master's,Yes,Volunteer,17.9,7.9,98.5,74.9,69.7,82.7,75.42,Pass,C
Emma Brown,"6009 Highland Terrace, Chicago, IL",PhD,No,Debate,14.1,7.3,67.6,60.0,50.8,55.1,55.32,Pass,D
Olivia Lopez,"7312 Parkway Blvd, Portland, OR",Master's,Yes,Debate,25.0,6.6,79.3,72.0,79.2,69.2,73.68,Pass,C
Evelyn Smith,"9388 Oak Ave, Chicago, IL",None,No,Sports,10.8,7.6,71.2,61.0,55.3,51.6,56.19,Pass,D
Sophia Wilson,"7581 Lakeview Dr, Austin, TX",Associate,No,Drama,17.8,7.4,97.1,81.9,72.5,74.3,76.32,Pass,C
Amelia Rodriguez,"883 Lakeview Dr, Boston, MA",Bachelor's,No,Music,11.5,7.4,60.0,46.0,54.4,46.5,49.08,Fail,F
James Moore,"5373 Parkway Blvd, Atlanta, GA",Associate,Yes,Debate,6.7,9.1,95.4,65.6,68.5,65.7,66.67,Pass,D
Noah Hernandez,"8918 Oak Ave, Denver, CO",Associate,No,Sports,14.0,6.6,69.9,49.1,53.7,55.4,52.57,Pass,D
Noah Gonzalez,"8246 Oak Ave, Denver, CO",Bachelor's,Yes,Drama,13.2,5.1,86.7,64.3,63.1,62.7,63.42,Pass,D
Harper Lopez,"7272 Lakeview Dr, Denver, CO",High School,Yes,Drama,6.6,4.9,79.0,53.8,51.8,57.8,54.28,Pass,D
Liam Brown,"9632 Lakeview Dr, Chicago, IL",Master's,No,Volunteer,15.4,8.7,83.6,62.6,50.5,49.4,54.4,Pass,D
Luna Garcia,"1344 Oak Ave, New York, NY",None,Yes,None,4.3,8.3,60.0,48.4,49.1,44.0,47.3,Fail,F
Camila Gonzalez,"2488 Lakeview Dr, Miami, FL",Master's,No,Debate,12.2,6.1,87.0,71.8,57.1,65.9,64.89,Pass,D
Oliver Gonzalez,"4915 Highland Terrace, Los Angeles, CA",Master's,Yes,Drama,13.0,7.7,86.7,70.0,65.1,59.3,65.06,Pass,D
Amelia Anderson,"4128 Highland Terrace, Austin, TX",High School,No,Sports,17.3,7.9,98.5,75.9,75.2,72.4,74.58,Pass,C
Harper Davis,"3687 Oak Ave, Columbus, OH",High School,No,None,4.6,6.2,85.7,42.0,46.6,60.2,49.05,Fail,F
James Jones,"4962 Oak Ave, Austin, TX",None,No,Debate,9.4,5.2,72.8,51.4,63.5,53.1,56.16,Pass,D
Evelyn Moore,"9407 Oak Ave, Atlanta, GA",Bachelor's,Yes,Volunteer,16.0,8.4,79.1,66.2,75.5,69.1,70.33,Pass,C
Theodore Gonzalez,"9528 Parkway Blvd, Portland, OR",PhD,No,None,13.0,8.2,67.2,48.1,36.5,46.5,43.56,Fail,F
Mia Rodriguez,"6165 Lakeview Dr, New York, NY",High School,No,Volunteer,4.1,7.1,100.0,47.4,50.7,43.6,47.4,Fail,F
Mia Williams,"2303 Lakeview Dr, Columbus, OH",PhD,Yes,Volunteer,21.1,7.0,80.3,55.7,57.0,66.9,59.52,Pass,D
Theodore Jones,"8414 Parkway Blvd, Los Angeles, CA",Master's,No,Sports,22.0,6.8,98.4,83.3,77.7,83.0,81.27,Pass,B
Camila Davis,"5807 Highland Terrace, Columbus, OH",High School,No,Drama,10.7,8.4,87.0,69.2,75.3,50.5,65.71,Pass,D
Theodore Johnson,"7274 Parkway Blvd, Boston, MA",Master's,No,Sports,12.9,8.5,100.0,68.3,77.0,73.4,72.89,Pass,C
Charlotte Smith,"7447 Highland Terrace, Atlanta, GA",PhD,Yes,Drama,25.0,6.8,84.7,85.2,75.8,75.7,79.07,Pass,C
Harper Jones,"5906 Main St, Los Angeles, CA",PhD,No,Volunteer,16.1,7.4,68.0,68.7,75.1,65.8,70.07,Pass,C
Elijah Smith,"9893 Parkway Blvd, Columbus, OH",Bachelor's,Yes,Debate,16.6,6.3,95.9,83.0,88.6,73.1,81.98,Pass,B
James Anderson,"8921 Lakeview Dr, Miami, FL",Associate,Yes,Volunteer,8.8,7.3,76.5,68.9,71.0,59.5,66.83,Pass,D
Benjamin Wilson,"8941 Highland Terrace, Seattle, WA",Associate,Yes,Volunteer,8.3,6.1,70.1,51.3,58.7,61.5,56.92,Pass,D
Olivia Lopez,"2060 Main St, Phoenix, AZ",Master's,Yes,Volunteer,16.4,7.6,73.2,53.3,49.9,60.2,54.2,Pass,D
Evelyn Garcia,"3288 Oak Ave, Columbus, OH",Master's,Yes,Music,13.7,7.9,62.8,59.7,54.7,46.8,54.09,Pass,D
Liam Thomas,"2057 Lakeview Dr, Columbus, OH",None,Yes,Debate,5.3,9.3,80.5,53.8,63.5,62.2,59.73,Pass,D
Theodore Gonzalez,"6347 Parkway Blvd, New York, NY",High School,No,Music,11.1,7.3,88.8,62.5,71.4,52.4,62.62,Pass,D
Emma Martinez,"3006 Parkway Blvd, Denver, CO",Associate,No,Sports,14.3,8.1,92.0,71.5,62.9,65.6,66.73,Pass,D
Charlotte Rodriguez,"3386 Oak Ave, New York, NY",Associate,Yes,Drama,8.1,6.5,72.6,43.7,36.0,53.4,43.91,Fail,F
Lucas Brown,"4323 Main St, Atlanta, GA",Master's,Yes,Volunteer,17.4,6.9,83.0,79.9,81.4,76.6,79.47,Pass,C
Olivia Lopez,"2860 Main St, Los Angeles, CA",Master's,Yes,Sports,21.7,7.7,70.1,67.1,74.1,65.2,68.96,Pass,D
William Gonzalez,"553 Highland Terrace, Miami, FL",Master's,No,Sports,14.0,5.9,85.4,58.1,53.1,52.9,54.78,Pass,D
Charlotte Miller,"8262 Oak Ave, Portland, OR",Master's,Yes,Drama,16.2,6.9,65.2,66.7,61.5,57.5,62.13,Pass,D
Emma Jones,"6230 Highland Terrace, Phoenix, AZ",High School,No,None,7.8,7.2,78.6,62.5,48.9,47.5,53.24,Pass,D
Charlotte Taylor,"7392 Main St, Seattle, WA",Master's,Yes,Volunteer,12.3,4.6,96.0,60.6,68.5,63.8,64.33,Pass,D
Emma Martinez,"1865 Lakeview Dr, Miami, FL",PhD,Yes,Volunteer,17.8,7.2,94.1,62.5,68.2,64.8,65.18,Pass,D
Benjamin Garcia,"8253 Oak Ave, Los Angeles, CA",Master's,Yes,Volunteer,20.9,7.1,60.0,65.2,82.8,64.4,71.13,Pass,C
William Anderson,"9078 Parkway Blvd, Portland, OR",Bachelor's,Yes,None,12.9,6.1,77.0,73.1,69.9,73.5,72.11,Pass,C
Luna Williams,"4134 Lakeview Dr, Denver, CO",High School,Yes,Debate,11.2,6.7,82.3,54.3,60.7,56.7,57.26,Pass,D
James Gonzalez,"5970 Main St, Austin, TX",Bachelor's,Yes,Volunteer,13.7,8.7,87.9,66.6,70.8,76.8,71.12,Pass,C
Noah Hernandez,"9324 Highland Terrace, Atlanta, GA",PhD,No,Volunteer,20.6,7.2,81.9,74.6,81.6,71.9,76.22,Pass,C
James Martinez,"2319 Parkway Blvd, Denver, CO",High School,No,None,14.1,8.6,72.9,66.4,60.9,54.8,61.02,Pass,D
Evelyn Gonzalez,"6277 Main St, New York, NY",Bachelor's,Yes,Debate,19.1,7.1,86.0,74.8,82.2,69.7,75.86,Pass,C
Emma Hernandez,"8031 Highland Terrace, Atlanta, GA",Bachelor's,No,Debate,18.9,8.1,86.5,66.8,69.0,71.6,69.03,Pass,D
Sophia Johnson,"782 Oak Ave, Atlanta, GA",None,No,Volunteer,7.4,6.0,87.6,48.5,53.3,50.4,50.72,Pass,D
Theodore Moore,"5238 Main St, Seattle, WA",Master's,Yes,Sports,21.2,7.1,76.4,84.1,85.8,78.0,82.84,Pass,B
Sophia Gonzalez,"5863 Highland Terrace, Chicago, IL",None,No,None,10.7,6.1,91.7,63.1,70.8,58.0,64.23,Pass,D
Benjamin Taylor,"8435 Lakeview Dr, Seattle, WA",PhD,Yes,Music,15.0,7.0,61.9,63.2,57.7,52.9,58.19,Pass,D
Emma Anderson,"3730 Lakeview Dr, Seattle, WA",None,Yes,Debate,11.1,8.4,100.0,50.6,63.3,58.3,57.33,Pass,D
James Jackson,"355 Main St, Portland, OR",Bachelor's,Yes,None,11.2,8.0,92.1,57.2,58.5,63.0,59.37,Pass,D
Emma Martinez,"4038 Lakeview Dr, Austin, TX",High School,No,Music,14.7,7.0,72.2,60.6,64.8,57.3,61.07,Pass,D
Mia Gonzalez,"2654 Oak Ave, Austin, TX",Master's,Yes,Volunteer,11.8,4.9,70.1,56.8,55.3,53.7,55.34,Pass,D
Elijah Wilson,"9447 Lakeview Dr, Portland, OR",High School,No,Debate,6.6,8.6,99.2,53.9,67.1,59.8,60.25,Pass,D
Liam Wilson,"6278 Lakeview Dr, New York, NY",High School,No,Drama,4.2,9.0,92.7,37.9,38.4,38.3,38.21,Fail,F
Camila Smith,"6579 Main St, Portland, OR",PhD,No,Music,24.6,5.0,79.1,78.3,92.0,75.2,82.16,Pass,B
Amelia Williams,"1974 Main St, Portland, OR",High School,No,Sports,2.8,6.7,77.5,47.9,47.9,41.2,45.88,Fail,F
Charlotte Moore,"2842 Lakeview Dr, Denver, CO",PhD,No,Drama,20.8,7.6,87.4,65.5,53.4,60.4,59.75,Pass,D
Luna Martinez,"9440 Lakeview Dr, Miami, FL",None,Yes,Debate,9.4,7.7,100.0,68.6,59.9,56.8,62.03,Pass,D
James Williams,"8258 Oak Ave, Atlanta, GA",High School,Yes,Debate,17.1,6.4,100.0,75.0,66.5,77.3,72.73,Pass,C
Harper Brown,"3846 Main St, Los Angeles, CA",Bachelor's,Yes,Sports,13.2,7.4,78.3,72.8,71.1,69.0,71.08,Pass,C
Noah Davis,"6176 Parkway Blvd, New York, NY",PhD,Yes,Debate,20.0,6.0,92.4,68.4,70.8,75.1,71.22,Pass,C
Camila Johnson,"8351 Oak Ave, Portland, OR",High School,No,Sports,7.4,6.7,87.6,60.0,59.4,52.3,57.45,Pass,D
Theodore Smith,"5692 Lakeview Dr, Seattle, WA",High School,No,Debate,15.3,7.4,79.3,65.8,67.7,56.3,63.6,Pass,D
James Johnson,"6326 Oak Ave, New York, NY",Associate,Yes,Music,15.4,5.7,75.6,58.5,58.2,66.1,60.68,Pass,D
Charlotte Miller,"7290 Main St, Denver, CO",Bachelor's,Yes,Music,11.8,7.4,91.2,51.6,55.5,57.9,54.84,Pass,D
Camila Taylor,"9223 Oak Ave, Miami, FL",High School,No,Sports,9.2,7.8,100.0,70.8,58.2,57.2,62.3,Pass,D
Emma Williams,"8587 Highland Terrace, New York, NY",None,Yes,None,4.8,6.5,100.0,54.7,42.5,48.0,48.44,Fail,F
William Lopez,"2450 Main St, Austin, TX",PhD,Yes,Sports,15.7,7.5,94.2,64.3,65.7,65.4,65.14,Pass,D
Henry Smith,"1057 Parkway Blvd, Phoenix, AZ",Master's,Yes,Music,11.4,5.2,95.3,64.8,56.4,56.6,59.38,Pass,D
Olivia Jackson,"1311 Main St, Atlanta, GA",PhD,No,Volunteer,21.9,7.5,96.2,88.0,72.2,71.0,77.39,Pass,C
Henry Martinez,"6436 Parkway Blvd, Portland, OR",PhD,Yes,None,20.9,7.8,81.2,70.8,61.6,62.7,65.15,Pass,D
Harper Martin,"5754 Parkway Blvd, Miami, FL",Bachelor's,Yes,Debate,9.9,6.2,86.2,64.3,67.0,62.2,64.6,Pass,D
Luna Lopez,"2465 Lakeview Dr, Chicago, IL",PhD,Yes,Debate,17.1,6.2,76.6,56.6,59.6,65.0,60.15,Pass,D
Elijah Garcia,"443 Parkway Blvd, Denver, CO",Associate,Yes,Sports,8.1,6.0,100.0,72.6,66.1,65.0,68.07,Pass,D
Lucas Wilson,"8971 Oak Ave, Columbus, OH",Bachelor's,Yes,None,12.8,7.7,90.8,54.2,54.6,56.6,55.05,Pass,D
Mia Miller,"6999 Parkway Blvd, New York, NY",Bachelor's,No,Debate,12.2,7.3,75.5,70.0,56.3,51.6,59.68,Pass,D
Henry Anderson,"5634 Lakeview Dr, Denver, CO",PhD,No,Music,13.8,6.3,91.7,77.5,70.5,60.2,69.87,Pass,D
Benjamin Miller,"3654 Oak Ave, Chicago, IL",Master's,Yes,None,12.9,5.7,98.7,58.3,59.9,64.3,60.66,Pass,D
Camila Lopez,"9081 Parkway Blvd, Boston, MA",Associate,No,Music,5.0,6.9,81.0,45.0,54.1,52.2,50.34,Pass,D
Henry Jones,"1880 Highland Terrace, Boston, MA",PhD,No,Drama,16.9,6.6,63.4,68.6,59.6,51.4,60.28,Pass,D
Camila Wilson,"3367 Oak Ave, Austin, TX",Associate,Yes,None,18.3,8.1,89.7,73.9,80.1,77.6,77.16,Pass,C
Henry Taylor,"3054 Parkway Blvd, New York, NY",None,Yes,Debate,6.0,7.4,60.0,48.4,54.8,43.5,49.18,Fail,F
Theodore Garcia,"9330 Oak Ave, Miami, FL",PhD,No,Volunteer,5.3,7.9,82.1,42.1,58.3,44.2,48.4,Fail,F
James Jones,"5285 Parkway Blvd, New York, NY",High School,Yes,Debate,4.5,5.0,87.9,54.7,57.9,62.9,58.3,Pass,D
William Martin,"8793 Main St, Phoenix, AZ",PhD,Yes,Sports,16.6,7.4,90.6,58.6,50.6,65.5,57.86,Pass,D
Noah Smith,"964 Lakeview Dr, Austin, TX",None,No,Drama,5.7,7.0,92.6,45.6,45.5,46.7,45.89,Fail,F
James Jones,"5139 Main St, Chicago, IL",Associate,No,Volunteer,13.9,6.8,86.9,77.3,84.6,67.8,77.0,Pass,C
Lucas Thomas,"2970 Lakeview Dr, Denver, CO",Associate,Yes,Volunteer,9.6,7.7,100.0,70.1,63.1,72.0,68.21,Pass,D
Charlotte Jones,"6902 Main St, Seattle, WA",Master's,No,Music,15.4,6.0,100.0,68.3,69.8,66.1,68.19,Pass,D
Luna Moore,"7793 Lakeview Dr, Portland, OR",PhD,Yes,Sports,24.3,8.5,72.1,80.3,80.0,60.5,74.26,Pass,C
Oliver Anderson,"745 Oak Ave, Los Angeles, CA",Bachelor's,No,Debate,19.0,5.4,66.2,60.0,61.1,62.4,61.1,Pass,D
Harper Garcia,"9703 Lakeview Dr, Austin, TX",Bachelor's,Yes,Debate,10.6,7.5,88.1,60.6,58.7,50.9,57.01,Pass,D
Liam Thomas,"9386 Lakeview Dr, Portland, OR",Associate,Yes,Drama,16.7,6.7,86.9,68.5,56.6,62.0,62.37,Pass,D
Noah Garcia,"5016 Parkway Blvd, Seattle, WA",High School,Yes,None,8.2,6.8,86.0,49.4,59.1,52.5,53.73,Pass,D
James Hernandez,"1461 Lakeview Dr, Miami, FL",Master's,No,Sports,20.5,5.8,82.2,73.5,68.0,68.4,70.04,Pass,C
Camila Jackson,"2869 Lakeview Dr, New York, NY",Associate,Yes,Volunteer,17.8,6.8,96.6,74.8,68.7,70.8,71.47,Pass,C
Elijah Taylor,"8121 Lakeview Dr, Austin, TX",High School,Yes,None,13.1,7.8,99.3,67.9,69.0,68.5,68.45,Pass,D
Amelia Martinez,"7455 Parkway Blvd, Miami, FL",Associate,Yes,Drama,17.8,6.8,100.0,64.0,68.6,69.9,67.39,Pass,D
Lucas Williams,"9132 Main St, Denver, CO",High School,Yes,None,5.0,7.6,88.1,53.5,54.5,53.7,53.92,Pass,D
Theodore Smith,"6336 Oak Ave, Miami, FL",Bachelor's,No,Debate,13.3,6.8,80.4,59.2,67.1,64.8,63.62,Pass,D
Olivia Rodriguez,"6246 Lakeview Dr, Columbus, OH",Associate,No,Debate,17.1,7.5,82.4,74.1,80.8,63.5,73.29,Pass,C
William Jones,"4385 Highland Terrace, Denver, CO",High School,No,Drama,13.4,6.7,100.0,64.0,66.9,63.3,64.83,Pass,D
Elijah Williams,"1489 Lakeview Dr, Boston, MA",Master's,Yes,Sports,12.2,7.5,84.2,66.4,64.1,60.6,63.88,Pass,D
Oliver Brown,"1319 Oak Ave, Chicago, IL",Associate,Yes,Music,14.4,6.2,88.8,67.8,73.6,61.2,67.85,Pass,D
Theodore Davis,"1335 Main St, Los Angeles, CA",PhD,Yes,None,22.0,7.6,90.1,59.1,66.1,65.5,63.49,Pass,D
William Martin,"2659 Highland Terrace, Los Angeles, CA",PhD,No,None,21.7,6.6,86.6,64.5,54.1,63.0,60.4,Pass,D
William Brown,"2098 Main St, Phoenix, AZ",PhD,Yes,Music,15.2,5.6,97.8,67.0,66.0,68.8,67.21,Pass,D
Noah Garcia,"1600 Main St, Los Angeles, CA",Bachelor's,Yes,Music,14.7,6.1,81.5,73.2,76.5,64.7,71.82,Pass,C
Olivia Williams,"5349 Highland Terrace, New York, NY",High School,No,Music,15.9,6.7,70.5,55.9,52.4,51.8,53.44,Pass,D
Harper Martin,"3148 Parkway Blvd, Columbus, OH",Associate,Yes,Debate,11.1,6.4,85.3,52.6,54.2,61.3,55.78,Pass,D
Charlotte Taylor,"1403 Oak Ave, Austin, TX",High School,No,Music,13.3,7.6,90.9,70.2,58.2,57.0,62.03,Pass,D
Luna Jackson,"2131 Main St, Chicago, IL",High School,Yes,Drama,9.0,6.8,60.0,62.7,49.3,66.1,59.01,Pass,D
Amelia Garcia,"9804 Lakeview Dr, New York, NY",Master's,No,Volunteer,16.3,5.7,82.7,57.4,57.3,62.9,59.0,Pass,D
Sophia Miller,"4211 Lakeview Dr, New York, NY",PhD,Yes,Volunteer,13.9,8.2,75.7,68.4,66.6,62.9,66.15,Pass,D
Liam Rodriguez,"2742 Main St, Miami, FL",None,Yes,Debate,3.1,6.3,82.5,39.8,57.4,50.2,49.1,Fail,F
Mia Johnson,"7146 Main St, Phoenix, AZ",PhD,No,Sports,19.5,7.6,90.6,77.5,88.5,71.8,79.65,Pass,C
Noah Hernandez,"6022 Highland Terrace, Phoenix, AZ",PhD,Yes,Volunteer,13.4,7.5,75.7,64.1,58.9,54.8,59.49,Pass,D
Elijah Hernandez,"5967 Parkway Blvd, Boston, MA",Associate,No,Drama,15.8,6.7,78.9,65.1,51.4,49.6,55.66,Pass,D
Harper Hernandez,"3217 Oak Ave, Atlanta, GA",Master's,Yes,Sports,21.5,7.8,100.0,77.5,69.3,82.2,76.04,Pass,C
Mia Wilson,"7663 Lakeview Dr, Boston, MA",Bachelor's,No,Debate,16.4,6.7,83.9,77.3,71.0,69.6,72.78,Pass,C
Lucas Jones,"6417 Parkway Blvd, Seattle, WA",None,Yes,Drama,4.6,7.1,79.2,47.1,47.3,60.0,51.06,Pass,D
Henry Jones,"6091 Main St, New York, NY",Bachelor's,Yes,Music,13.6,6.4,88.0,67.9,55.4,63.3,62.15,Pass,D
Theodore Garcia,"1653 Main St, Chicago, IL",Bachelor's,No,Music,12.8,7.9,72.0,64.8,57.4,58.5,60.34,Pass,D
Elijah Hernandez,"455 Parkway Blvd, Chicago, IL",Bachelor's,Yes,Drama,7.9,8.1,76.5,56.9,54.0,52.7,54.63,Pass,D
Luna Rodriguez,"3212 Parkway Blvd, Chicago, IL",Master's,No,Debate,13.2,5.3,76.5,63.7,62.8,47.0,58.38,Pass,D
Evelyn Garcia,"1079 Lakeview Dr, Boston, MA",None,Yes,Drama,4.4,6.7,82.4,47.7,62.7,52.0,54.26,Pass,D
Harper Martin,"2417 Oak Ave, Miami, FL",Master's,No,Music,11.9,5.3,95.4,54.3,66.6,57.7,59.63,Pass,D
Evelyn Thomas,"5146 Oak Ave, Austin, TX",Associate,No,None,19.5,6.3,87.5,72.5,66.8,72.4,70.48,Pass,C
Camila Wilson,"2096 Highland Terrace, Phoenix, AZ",High School,No,Drama,14.5,6.6,97.1,65.9,70.9,61.4,66.28,Pass,D
Mia Jones,"9362 Parkway Blvd, Denver, CO",None,Yes,Debate,12.5,7.1,83.3,62.0,66.9,59.4,62.92,Pass,D
Mia Wilson,"3531 Lakeview Dr, Chicago, IL",PhD,Yes,Drama,17.9,7.4,94.9,55.4,52.3,63.4,56.74,Pass,D
Harper Rodriguez,"5682 Highland Terrace, Atlanta, GA",Associate,Yes,Music,10.5,6.1,100.0,71.5,64.6,56.5,64.56,Pass,D
William Jackson,"9813 Highland Terrace, Chicago, IL",High School,Yes,Debate,13.8,5.5,81.3,61.1,57.6,64.4,60.87,Pass,D
Theodore Thomas,"5235 Highland Terrace, Austin, TX",None,No,Music,3.8,7.8,77.9,47.6,49.2,44.2,47.17,Fail,F
Camila Hernandez,"8770 Parkway Blvd, Los Angeles, CA",Bachelor's,No,Sports,14.2,7.0,78.2,72.7,59.9,49.0,61.11,Pass,D
Lucas Gonzalez,"4625 Oak Ave, Chicago, IL",Associate,Yes,Debate,10.6,7.7,77.9,64.3,49.8,57.2,57.13,Pass,D
Amelia Davis,"150 Lakeview Dr, Portland, OR",Associate,No,Volunteer,13.3,8.2,91.8,78.3,82.8,74.4,78.72,Pass,C
Oliver Rodriguez,"8041 Lakeview Dr, Denver, CO",Master's,Yes,None,13.7,6.4,86.7,67.2,61.5,62.7,63.87,Pass,D
James Martin,"2072 Lakeview Dr, Phoenix, AZ",PhD,Yes,None,12.2,6.8,79.9,60.6,63.7,57.1,60.66,Pass,D
James Taylor,"4727 Oak Ave, Atlanta, GA",Bachelor's,No,None,16.8,7.2,90.0,78.7,82.6,75.4,79.08,Pass,C
Liam Martinez,"3446 Oak Ave, Miami, FL",Associate,Yes,Sports,11.2,8.3,90.5,65.7,68.5,68.9,67.65,Pass,D
Evelyn Williams,"7717 Oak Ave, Denver, CO",Bachelor's,No,Volunteer,16.7,5.5,82.7,74.2,67.5,57.6,66.84,Pass,D
Charlotte Martin,"5246 Main St, Boston, MA",Associate,No,Drama,12.3,7.0,98.6,57.7,63.8,48.0,56.89,Pass,D
James Martin,"4765 Oak Ave, Boston, MA",Master's,Yes,Drama,15.0,6.5,90.7,65.6,70.4,77.2,70.78,Pass,C
Liam Brown,"5449 Highland Terrace, Austin, TX",Bachelor's,No,Music,11.0,5.3,71.6,68.5,57.5,54.2,60.35,Pass,D
William Gonzalez,"517 Parkway Blvd, Atlanta, GA",PhD,No,Debate,9.5,6.7,99.9,62.5,69.1,61.4,64.47,Pass,D
Charlotte Hernandez,"665 Lakeview Dr, Phoenix, AZ",Associate,Yes,Volunteer,8.4,6.8,65.9,47.7,56.2,48.7,50.97,Pass,D
Olivia Jones,"1146 Main St, Boston, MA",High School,Yes,Sports,10.7,7.3,82.9,59.1,50.9,57.6,55.78,Pass,D
Benjamin Garcia,"3950 Main St, Columbus, OH",Associate,No,Drama,12.0,6.0,82.0,42.0,46.8,38.7,42.68,Fail,F
Noah Wilson,"1239 Parkway Blvd, Denver, CO",Bachelor's,Yes,Volunteer,13.7,6.3,71.6,61.3,54.9,46.0,54.47,Pass,D
Evelyn Gonzalez,"2639 Highland Terrace, Columbus, OH",None,Yes,Debate,8.6,5.4,93.6,49.2,55.7,62.6,55.46,Pass,D
Charlotte Brown,"3825 Oak Ave, Miami, FL",None,Yes,Sports,10.0,9.1,63.7,52.9,51.3,53.8,52.61,Pass,D
Amelia Thomas,"791 Oak Ave, Austin, TX",High School,Yes,Music,18.8,8.0,86.3,80.8,74.0,83.4,79.21,Pass,C
Benjamin Hernandez,"6449 Parkway Blvd, Denver, CO",None,No,Debate,14.1,7.6,98.0,72.2,74.9,59.4,69.3,Pass,D
Liam Wilson,"1213 Main St, Atlanta, GA",High School,Yes,Music,2.5,6.6,100.0,50.6,45.5,61.1,51.97,Pass,D
Amelia Jackson,"217 Lakeview Dr, Boston, MA",PhD,Yes,Volunteer,11.2,6.5,82.9,58.2,55.8,60.6,58.07,Pass,D
Mia Taylor,"6607 Oak Ave, Seattle, WA",High School,Yes,None,7.3,9.0,79.2,52.2,42.9,51.7,48.81,Fail,F
Camila Martinez,"9213 Lakeview Dr, Miami, FL",Master's,No,Music,22.4,6.1,95.3,91.3,77.1,77.1,82.08,Pass,B
James Martin,"5580 Oak Ave, Miami, FL",Associate,No,Debate,1.4,4.0,70.9,45.9,39.6,32.4,39.63,Fail,F
Emma Martinez,"572 Parkway Blvd, Boston, MA",Master's,No,Music,15.8,8.2,91.2,69.1,66.0,68.8,67.95,Pass,D
Charlotte Brown,"6448 Main St, Austin, TX",PhD,Yes,Music,16.4,6.6,100.0,70.9,77.6,71.1,73.32,Pass,C
Theodore Martinez,"3611 Highland Terrace, Columbus, OH",Associate,No,Debate,7.7,8.9,81.0,54.6,54.4,59.6,56.04,Pass,D
Olivia Davis,"4234 Oak Ave, Phoenix, AZ",Master's,Yes,Drama,12.2,7.9,90.8,62.3,53.3,62.2,59.13,Pass,D
Liam Miller,"5571 Oak Ave, Seattle, WA",Bachelor's,No,None,10.6,6.5,97.0,59.9,60.9,51.7,57.8,Pass,D
William Anderson,"9960 Oak Ave, New York, NY",Bachelor's,No,Volunteer,15.2,7.3,65.1,63.8,71.9,51.4,62.91,Pass,D
Camila Martinez,"4171 Main St, Portland, OR",Master's,Yes,Sports,16.4,7.8,85.5,58.0,73.2,67.6,66.24,Pass,D
Liam Martin,"283 Lakeview Dr, Austin, TX",None,No,Debate,11.5,5.7,84.9,65.6,77.1,69.5,70.79,Pass,C
Henry Jackson,"1693 Main St, Seattle, WA",Associate,Yes,None,1.0,6.7,82.9,39.1,46.8,52.0,45.67,Fail,F
James Wilson,"6208 Main St, Columbus, OH",Associate,No,None,12.8,6.7,67.0,76.0,65.9,58.7,67.28,Pass,D
Liam Martinez,"2067 Lakeview Dr, Austin, TX",High School,No,Debate,11.7,6.8,61.2,57.7,63.9,51.4,57.95,Pass,D
James Brown,"597 Parkway Blvd, Portland, OR",High School,Yes,Sports,11.7,5.8,77.0,44.9,52.1,58.2,51.43,Pass,D
Noah Davis,"9599 Highland Terrace, Boston, MA",Associate,No,Sports,13.5,7.1,89.7,70.6,55.5,62.7,62.93,Pass,D
Theodore Thomas,"2611 Oak Ave, Los Angeles, CA",None,No,None,12.7,7.0,83.5,47.9,60.9,55.6,54.76,Pass,D
Henry Smith,"8249 Parkway Blvd, Austin, TX",Bachelor's,No,Music,9.7,7.2,77.3,55.9,62.5,44.1,54.7,Pass,D
Liam Jackson,"1132 Lakeview Dr, Austin, TX",PhD,No,None,23.2,7.2,89.4,85.7,61.6,63.2,70.5,Pass,C
Harper Miller,"499 Lakeview Dr, Miami, FL",High School,Yes,None,13.4,6.1,93.8,67.5,61.1,70.3,66.11,Pass,D
Lucas Smith,"822 Highland Terrace, Portland, OR",Bachelor's,No,Music,12.5,8.1,80.1,52.0,54.6,53.9,53.49,Pass,D
Olivia Martinez,"1548 Highland Terrace, Denver, CO",Associate,No,Debate,14.5,6.6,87.1,66.8,68.6,63.9,66.56,Pass,D
Luna Garcia,"6182 Highland Terrace, Denver, CO",Master's,Yes,Drama,15.1,7.7,69.8,62.6,65.7,59.9,62.86,Pass,D
Mia Wilson,"9606 Parkway Blvd, Seattle, WA",Associate,No,Drama,9.6,7.7,83.0,36.2,48.0,48.7,44.07,Fail,F
Sophia Jones,"8202 Highland Terrace, Portland, OR",Bachelor's,No,Debate,13.3,6.3,78.7,55.7,54.1,56.9,55.49,Pass,D
Noah Martin,"2355 Lakeview Dr, Miami, FL",Associate,No,Debate,7.4,8.0,100.0,43.4,51.6,54.8,49.69,Fail,F
Luna Garcia,"5727 Highland Terrace, Austin, TX",PhD,Yes,Volunteer,10.0,7.8,96.6,64.7,70.9,67.2,67.65,Pass,D
William Moore,"2712 Highland Terrace, Portland, OR",High School,Yes,None,16.2,6.2,96.0,75.4,68.9,74.1,72.71,Pass,C
Henry Williams,"1933 Highland Terrace, New York, NY",Master's,Yes,Volunteer,9.5,7.3,83.8,57.6,62.7,65.3,61.71,Pass,D
Emma Jackson,"4273 Highland Terrace, Austin, TX",PhD,Yes,None,16.9,7.5,98.8,71.9,66.0,74.3,70.56,Pass,C
Amelia Hernandez,"2015 Lakeview Dr, Boston, MA",PhD,No,Volunteer,21.1,5.2,85.5,68.3,78.4,64.9,70.81,Pass,C
Henry Taylor,"6535 Oak Ave, Portland, OR",Master's,No,None,15.5,6.9,83.3,64.1,67.9,59.0,63.92,Pass,D
Evelyn Brown,"7532 Oak Ave, Chicago, IL",PhD,Yes,None,14.7,7.9,82.7,61.7,67.2,70.0,66.14,Pass,D
Liam Taylor,"8213 Oak Ave, Los Angeles, CA",None,No,Music,10.1,7.9,88.3,64.4,70.3,63.0,66.06,Pass,D
Henry Martinez,"8979 Main St, Chicago, IL",High School,Yes,Sports,13.6,6.9,85.9,59.0,62.4,67.2,62.68,Pass,D
Liam Martinez,"3492 Oak Ave, Los Angeles, CA",PhD,Yes,Sports,17.4,8.3,91.0,74.9,69.4,79.7,74.42,Pass,C
Elijah Anderson,"7012 Lakeview Dr, Los Angeles, CA",PhD,No,Sports,13.2,7.6,67.0,48.0,51.7,53.4,50.92,Pass,D
Camila Martinez,"6452 Lakeview Dr, Denver, CO",High School,No,Debate,7.4,6.1,83.7,55.4,61.4,52.7,56.72,Pass,D
Camila Jackson,"9821 Main St, Boston, MA",PhD,No,Sports,10.1,7.5,96.3,63.0,67.2,53.3,61.57,Pass,D
Harper Hernandez,"608 Lakeview Dr, Denver, CO",PhD,No,Debate,8.4,6.9,100.0,61.7,52.8,61.3,58.44,Pass,D
Luna Brown,"9719 Highland Terrace, New York, NY",Associate,No,Sports,10.8,6.9,74.9,57.1,68.6,65.2,63.56,Pass,D
Henry Johnson,"1522 Parkway Blvd, Boston, MA",Associate,Yes,Sports,9.9,7.6,90.3,50.3,60.6,73.5,60.88,Pass,D
Amelia Brown,"6323 Lakeview Dr, Boston, MA",High School,No,Sports,9.7,8.1,100.0,49.9,55.6,53.1,52.87,Pass,D
William Martinez,"7492 Oak Ave, Atlanta, GA",Master's,No,Sports,14.7,7.1,82.2,56.3,53.3,55.3,54.94,Pass,D
Liam Jones,"562 Highland Terrace, Phoenix, AZ",Bachelor's,Yes,Volunteer,13.3,7.8,81.7,71.8,82.0,70.0,74.87,Pass,C
Charlotte Anderson,"9357 Parkway Blvd, Miami, FL",Master's,Yes,Drama,12.0,7.3,90.0,65.9,64.6,63.5,64.7,Pass,D
Theodore Brown,"8566 Parkway Blvd, Columbus, OH",High School,No,Drama,12.5,7.3,83.7,63.0,64.1,57.4,61.73,Pass,D
Charlotte Johnson,"9948 Lakeview Dr, Miami, FL",Bachelor's,Yes,None,23.8,7.6,88.1,81.6,75.4,81.3,79.33,Pass,C
Oliver Williams,"7999 Parkway Blvd, Chicago, IL",High School,Yes,Debate,14.2,6.0,81.7,63.7,56.2,64.6,61.36,Pass,D
Charlotte Gonzalez,"5052 Oak Ave, Austin, TX",High School,No,None,8.7,9.8,70.7,37.8,47.0,49.8,44.62,Fail,F
Theodore Thomas,"7385 Main St, Chicago, IL",None,Yes,Music,11.4,8.4,81.8,70.3,67.4,66.3,68.08,Pass,D
Oliver Martin,"487 Parkway Blvd, Phoenix, AZ",Bachelor's,No,None,9.4,8.3,97.4,53.3,59.0,56.0,56.09,Pass,D
Evelyn Smith,"8704 Lakeview Dr, Columbus, OH",PhD,Yes,Debate,16.3,6.3,94.5,64.9,75.1,66.6,68.98,Pass,D
Harper Johnson,"7248 Highland Terrace, Miami, FL",PhD,No,Sports,14.1,8.6,81.7,60.5,61.5,56.5,59.62,Pass,D
Noah Williams,"5959 Parkway Blvd, Miami, FL",Bachelor's,Yes,Music,10.2,6.0,83.0,62.6,68.1,64.6,65.14,Pass,D
Emma Smith,"1515 Highland Terrace, Seattle, WA",High School,Yes,Debate,5.4,5.8,90.0,60.5,66.6,61.8,63.01,Pass,D
Luna Lopez,"4409 Parkway Blvd, Atlanta, GA",None,Yes,Volunteer,4.2,7.6,68.4,57.9,46.4,57.8,53.85,Pass,D
Evelyn Brown,"751 Oak Ave, Atlanta, GA",High School,Yes,Drama,4.7,7.0,73.7,46.0,43.7,43.0,44.28,Fail,F
Oliver Gonzalez,"6192 Main St, Austin, TX",Master's,Yes,Sports,15.8,6.5,84.9,62.6,66.3,63.9,64.28,Pass,D
Benjamin Rodriguez,"8792 Main St, Phoenix, AZ",Associate,Yes,Drama,14.7,6.8,75.4,61.4,55.6,59.2,58.71,Pass,D
Amelia Thomas,"3191 Parkway Blvd, Chicago, IL",Bachelor's,No,Music,20.6,8.6,75.6,59.8,60.1,51.1,57.28,Pass,D
Emma Garcia,"9160 Highland Terrace, New York, NY",None,Yes,None,10.6,7.8,91.6,59.6,60.5,55.6,58.71,Pass,D
Oliver Taylor,"1214 Parkway Blvd, Seattle, WA",Master's,Yes,Volunteer,19.3,7.3,100.0,74.3,68.8,81.4,74.52,Pass,C
Charlotte Davis,"6874 Lakeview Dr, Portland, OR",High School,No,Debate,8.6,6.9,82.8,44.9,47.0,32.8,42.0,Fail,F
Olivia Wilson,"5350 Parkway Blvd, Austin, TX",None,Yes,None,1.0,6.4,92.3,35.3,46.3,50.4,43.67,Fail,F
Mia Gonzalez,"3781 Oak Ave, Boston, MA",Bachelor's,No,None,13.8,8.2,88.4,71.0,75.6,68.6,71.89,Pass,C
Charlotte Davis,"8640 Lakeview Dr, Phoenix, AZ",Bachelor's,Yes,Debate,18.9,7.9,70.8,53.2,61.7,68.2,60.64,Pass,D
Camila Smith,"1186 Highland Terrace, New York, NY",None,Yes,None,7.0,6.7,91.1,62.5,56.8,56.2,58.64,Pass,D
Olivia Lopez,"6543 Lakeview Dr, Miami, FL",Bachelor's,No,Drama,9.3,6.6,78.7,50.0,50.3,60.4,53.22,Pass,D
Luna Martin,"5148 Parkway Blvd, Denver, CO",Master's,No,Debate,15.6,7.6,90.9,61.1,60.1,60.0,60.4,Pass,D
Theodore Moore,"9919 Highland Terrace, Portland, OR",High School,No,Drama,9.0,6.5,69.4,49.2,52.4,50.6,50.74,Pass,D
Noah Thomas,"8828 Highland Terrace, Denver, CO",Master's,Yes,Drama,22.1,7.8,79.6,78.8,81.1,75.0,78.46,Pass,C
Elijah Rodriguez,"9839 Highland Terrace, Miami, FL",High School,No,Drama,3.1,6.5,88.1,37.3,39.4,45.3,40.44,Fail,F
Amelia Jackson,"5810 Lakeview Dr, Chicago, IL",High School,No,Volunteer,8.4,6.9,90.9,59.3,71.5,56.4,62.72,Pass,D
Evelyn Rodriguez,"9893 Parkway Blvd, Miami, FL",PhD,Yes,Volunteer,14.6,5.9,93.9,68.8,63.0,64.9,65.58,Pass,D
Oliver Martinez,"6022 Highland Terrace, Chicago, IL",Master's,No,Music,23.4,6.2,90.5,51.7,52.4,57.2,53.61,Pass,D
Lucas Jackson,"2941 Main St, Atlanta, GA",PhD,No,None,15.4,5.9,100.0,58.2,69.2,59.6,62.46,Pass,D
Amelia Miller,"5627 Oak Ave, Phoenix, AZ",PhD,No,Drama,18.0,8.3,81.0,68.0,58.8,60.4,62.52,Pass,D
Amelia Gonzalez,"4535 Highland Terrace, Boston, MA",Bachelor's,No,Music,11.9,8.2,82.4,58.0,56.4,51.7,55.54,Pass,D
Elijah Martin,"4237 Main St, Los Angeles, CA",Bachelor's,No,Sports,4.3,7.8,86.1,42.7,43.6,47.2,44.38,Fail,F
Noah Miller,"8210 Parkway Blvd, Miami, FL",Master's,No,Volunteer,21.7,8.0,97.3,81.4,69.5,73.4,74.81,Pass,C
Theodore Wilson,"4453 Main St, Chicago, IL",Bachelor's,No,Volunteer,15.4,7.5,89.9,82.9,68.9,68.3,73.6,Pass,C
Emma Thomas,"6438 Lakeview Dr, New York, NY",None,Yes,Music,11.2,7.4,94.4,67.1,55.7,59.4,60.84,Pass,D
Emma Lopez,"772 Main St, Austin, TX",Associate,Yes,Volunteer,14.5,8.3,86.8,63.1,60.7,67.6,63.6,Pass,D
Luna Rodriguez,"1671 Parkway Blvd, Seattle, WA",High School,Yes,None,12.2,6.7,84.7,60.4,61.5,60.2,60.71,Pass,D
Theodore Johnson,"1925 Lakeview Dr, Austin, TX",Master's,No,Drama,13.4,7.2,93.6,74.9,65.0,57.3,66.15,Pass,D
Evelyn Davis,"3711 Highland Terrace, Chicago, IL",Master's,No,Volunteer,16.7,7.6,94.9,89.1,88.4,71.1,83.47,Pass,B
Mia Davis,"476 Highland Terrace, Seattle, WA",Master's,No,Music,9.7,6.3,83.3,61.2,62.3,58.2,60.7,Pass,D
Charlotte Gonzalez,"8975 Highland Terrace, Chicago, IL",None,Yes,Sports,5.6,7.9,82.4,57.9,49.3,48.4,52.04,Pass,D
Theodore Martin,"8066 Main St, Miami, FL",None,Yes,Debate,12.2,6.1,97.1,60.9,69.7,64.6,65.1,Pass,D
Amelia Davis,"2813 Oak Ave, Boston, MA",High School,No,Sports,14.0,6.8,75.9,70.9,70.8,67.2,69.77,Pass,D
Liam Davis,"5154 Parkway Blvd, Portland, OR",Master's,No,Debate,3.3,4.8,71.9,48.6,51.5,47.6,49.31,Fail,F
James Davis,"1443 Parkway Blvd, Los Angeles, CA",PhD,No,Debate,18.7,5.7,92.2,59.4,65.7,70.5,64.94,Pass,D
Oliver Gonzalez,"6328 Main St, Phoenix, AZ",Master's,No,Music,17.3,7.9,77.7,75.4,72.5,57.0,68.84,Pass,D
Harper Wilson,"5708 Lakeview Dr, Atlanta, GA",None,No,Volunteer,5.5,4.7,86.0,52.9,42.5,56.7,50.39,Pass,D
Camila Gonzalez,"3466 Lakeview Dr, Boston, MA",High School,Yes,Volunteer,8.9,6.0,90.6,60.9,66.4,47.5,58.82,Pass,D
Henry Garcia,"3493 Oak Ave, New York, NY",Associate,No,Debate,10.9,8.5,83.0,50.7,54.1,43.7,49.77,Fail,F
Elijah Davis,"4862 Oak Ave, Columbus, OH",Bachelor's,No,Sports,12.0,6.9,80.6,72.4,71.4,75.7,73.04,Pass,C
Theodore Davis,"1159 Parkway Blvd, Portland, OR",PhD,Yes,Debate,14.1,6.6,79.4,58.3,65.7,68.4,63.94,Pass,D
Theodore Lopez,"6341 Main St, Denver, CO",Bachelor's,No,None,9.8,5.6,100.0,46.6,53.3,48.8,49.61,Fail,F
Lucas Wilson,"7265 Lakeview Dr, Los Angeles, CA",Associate,Yes,Drama,9.6,8.2,82.8,55.8,64.4,68.2,62.5,Pass,D
Mia Rodriguez,"2690 Oak Ave, Boston, MA",High School,Yes,Sports,12.9,7.9,82.6,51.3,51.2,58.2,53.36,Pass,D
Henry Lopez,"3845 Main St, Austin, TX",PhD,Yes,Sports,13.9,7.7,82.8,56.1,54.0,57.5,55.77,Pass,D
Camila Moore,"4202 Main St, Austin, TX",Master's,No,Debate,11.3,7.1,68.9,49.2,57.0,40.7,49.37,Fail,F
Oliver Martinez,"7241 Lakeview Dr, Seattle, WA",High School,Yes,Debate,17.3,6.8,75.6,57.7,55.6,69.7,60.57,Pass,D
Sophia Garcia,"1194 Oak Ave, Atlanta, GA",None,Yes,Volunteer,8.5,7.4,68.0,59.2,60.0,57.6,59.0,Pass,D
Charlotte Martinez,"7804 Parkway Blvd, Atlanta, GA",High School,Yes,Sports,11.3,5.2,91.7,48.8,60.1,62.6,56.89,Pass,D
James Martin,"1362 Main St, Columbus, OH",None,No,Music,11.2,7.8,86.0,47.5,54.8,53.7,51.93,Pass,D
Luna Brown,"9167 Lakeview Dr, Boston, MA",PhD,Yes,Music,16.1,8.7,78.5,63.1,58.2,59.0,60.14,Pass,D
Luna Garcia,"243 Lakeview Dr, Chicago, IL",High School,No,Volunteer,13.0,8.8,71.6,62.2,62.6,54.1,59.9,Pass,D
Liam Taylor,"1031 Parkway Blvd, Atlanta, GA",High School,Yes,Sports,9.4,7.0,95.2,63.1,59.0,63.5,61.8,Pass,D
Harper Jones,"4063 Highland Terrace, Seattle, WA",Associate,No,Debate,15.9,6.7,76.7,58.7,57.6,58.4,58.23,Pass,D
Amelia Anderson,"1900 Oak Ave, Seattle, WA",High School,Yes,Sports,15.6,7.2,76.8,58.9,64.1,61.6,61.55,Pass,D
Henry Jones,"4805 Parkway Blvd, Austin, TX",Master's,No,None,19.8,7.6,78.5,66.5,69.0,56.1,64.26,Pass,D
Henry Moore,"6717 Highland Terrace, Atlanta, GA",Bachelor's,No,Volunteer,12.7,7.1,100.0,69.3,63.3,57.3,63.6,Pass,D
Theodore Gonzalez,"8676 Parkway Blvd, Miami, FL",High School,No,Music,11.7,7.5,78.6,67.1,59.0,66.4,64.08,Pass,D
Olivia Miller,"9927 Lakeview Dr, Los Angeles, CA",Associate,Yes,Volunteer,18.4,6.8,89.2,82.1,81.1,82.7,81.96,Pass,B
Evelyn Gonzalez,"5007 Lakeview Dr, New York, NY",None,No,Debate,7.3,7.5,77.8,44.6,57.9,52.9,51.73,Pass,D
James Smith,"7235 Oak Ave, Chicago, IL",Bachelor's,Yes,None,13.6,7.9,100.0,66.8,67.8,66.3,67.01,Pass,D
Sophia Gonzalez,"2431 Main St, Chicago, IL",High School,No,Drama,6.0,8.3,95.8,53.1,59.5,56.8,56.46,Pass,D
Harper Gonzalez,"7721 Lakeview Dr, Boston, MA",High School,No,Music,16.4,6.7,68.1,68.3,61.1,57.9,62.64,Pass,D
Evelyn Johnson,"2484 Main St, Chicago, IL",Associate,No,Sports,9.9,9.9,69.6,58.6,58.4,46.7,54.96,Pass,D
Mia Anderson,"7200 Main St, New York, NY",Master's,No,Drama,14.3,5.9,66.1,66.3,71.0,56.7,65.06,Pass,D
Benjamin Moore,"763 Parkway Blvd, Boston, MA",None,No,Drama,7.4,8.1,84.1,68.8,69.0,51.7,63.77,Pass,D
James Martinez,"2818 Main St, Atlanta, GA",None,Yes,None,9.1,7.4,82.4,59.8,62.1,66.5,62.63,Pass,D
Luna Rodriguez,"504 Highland Terrace, Austin, TX",High School,No,Sports,4.5,8.9,88.6,46.2,55.1,52.6,51.21,Pass,D
Lucas Gonzalez,"7641 Lakeview Dr, Denver, CO",Master's,No,Drama,15.0,4.7,75.8,59.3,62.2,63.6,61.59,Pass,D
Mia Johnson,"9694 Main St, Atlanta, GA",Bachelor's,No,Debate,10.9,7.7,76.1,63.8,62.8,55.8,61.06,Pass,D
Benjamin Johnson,"9078 Highland Terrace, Portland, OR",Master's,Yes,Music,13.6,8.1,100.0,49.8,58.2,63.3,56.79,Pass,D
Henry Hernandez,"7306 Lakeview Dr, Portland, OR",High School,Yes,Music,1.0,6.2,86.0,36.2,42.4,47.2,41.65,Fail,F
Noah Martin,"4618 Parkway Blvd, New York, NY",High School,Yes,Sports,6.5,5.2,82.8,53.8,40.1,54.3,49.15,Fail,F
Sophia Smith,"3286 Parkway Blvd, Seattle, WA",Master's,Yes,Debate,10.8,8.2,92.2,49.6,66.7,52.7,56.49,Pass,D
Oliver Wilson,"9409 Lakeview Dr, Atlanta, GA",High School,Yes,Sports,10.0,8.9,60.2,53.7,48.1,59.3,53.41,Pass,D
Charlotte Johnson,"8007 Main St, Miami, FL",High School,No,Music,5.1,8.8,62.0,36.9,40.1,36.6,37.95,Fail,F
Harper Brown,"7630 Lakeview Dr, Los Angeles, CA",Master's,No,Debate,15.3,7.1,87.7,66.9,69.5,65.1,67.27,Pass,D
Elijah Jackson,"9077 Lakeview Dr, Atlanta, GA",PhD,No,Volunteer,10.1,8.1,71.6,54.6,59.6,46.1,53.78,Pass,D
Oliver Jackson,"4670 Highland Terrace, Atlanta, GA",High School,Yes,Sports,6.6,6.3,82.8,50.1,46.7,58.6,51.46,Pass,D
Evelyn Thomas,"5476 Highland Terrace, Miami, FL",Associate,No,None,1.3,5.5,95.6,50.7,50.1,62.1,53.89,Pass,D
Henry Johnson,"5020 Lakeview Dr, Phoenix, AZ",None,Yes,Volunteer,5.0,7.2,83.7,63.2,61.8,56.0,60.55,Pass,D
Amelia Davis,"7707 Oak Ave, Chicago, IL",None,No,Debate,8.0,7.4,97.3,49.3,58.9,51.5,53.3,Pass,D
Henry Wilson,"5526 Lakeview Dr, Phoenix, AZ",None,Yes,Music,18.1,7.8,81.4,71.1,72.9,71.2,71.73,Pass,C
Camila Thomas,"1186 Lakeview Dr, Portland, OR",None,No,Debate,17.9,7.6,81.9,58.4,68.9,66.8,64.57,Pass,D
Evelyn Jones,"7852 Main St, New York, NY",Associate,No,Sports,1.0,7.0,84.6,44.9,55.2,41.6,47.52,Fail,F
Sophia Davis,"8158 Parkway Blvd, Boston, MA",Master's,Yes,Debate,10.3,7.5,87.0,51.0,58.9,59.4,56.29,Pass,D
Evelyn Davis,"4085 Highland Terrace, Miami, FL",High School,No,Music,6.4,4.6,80.2,53.1,54.1,51.1,52.83,Pass,D
Camila Hernandez,"6274 Main St, Phoenix, AZ",None,Yes,Sports,9.5,7.0,83.9,53.1,58.5,61.7,57.59,Pass,D
Liam Jones,"7121 Parkway Blvd, Atlanta, GA",None,Yes,Sports,11.4,7.2,78.4,55.0,58.6,60.7,57.98,Pass,D
Liam Thomas,"635 Oak Ave, Seattle, WA",Associate,No,None,2.6,8.5,96.9,51.0,58.7,49.8,53.34,Pass,D
Mia Jackson,"762 Oak Ave, Los Angeles, CA",Associate,No,Sports,8.0,6.6,79.6,37.5,40.2,42.6,39.98,Fail,F
Olivia Jackson,"747 Highland Terrace, Los Angeles, CA",None,Yes,Music,10.2,9.4,91.8,60.6,57.8,55.7,58.13,Pass,D
Henry Thomas,"4479 Highland Terrace, Los Angeles, CA",Associate,Yes,Volunteer,12.3,7.8,79.9,55.2,61.3,64.9,60.23,Pass,D
Sophia Jones,"7674 Highland Terrace, Los Angeles, CA",Associate,Yes,None,10.2,6.2,83.6,62.1,52.3,60.1,58.07,Pass,D
Benjamin Brown,"3766 Lakeview Dr, Boston, MA",None,No,Drama,4.2,6.1,85.7,58.9,49.3,48.0,52.26,Pass,D
Charlotte Thomas,"5977 Highland Terrace, Boston, MA",Associate,No,None,5.6,7.5,100.0,47.7,47.1,54.1,49.4,Fail,F
Henry Wilson,"5167 Lakeview Dr, Chicago, IL",High School,Yes,Debate,13.2,6.4,76.3,59.9,60.3,59.8,59.99,Pass,D
Oliver Jones,"1401 Main St, Austin, TX",Master's,Yes,Music,13.2,6.2,86.6,63.7,45.2,55.1,54.63,Pass,D
Emma Anderson,"2546 Main St, Seattle, WA",Associate,No,None,1.0,7.6,71.0,38.8,49.8,47.2,45.17,Fail,F
William Jackson,"7990 Parkway Blvd, Chicago, IL",Bachelor's,Yes,None,14.3,4.3,85.7,60.1,67.6,69.5,65.56,Pass,D
Luna Jackson,"3536 Parkway Blvd, Miami, FL",PhD,Yes,Drama,12.4,8.5,94.4,69.9,71.2,63.7,68.53,Pass,D
Charlotte Gonzalez,"5753 Main St, Chicago, IL",None,Yes,Drama,8.6,7.4,90.1,62.7,61.0,64.5,62.67,Pass,D
Henry Garcia,"7694 Parkway Blvd, Boston, MA",PhD,No,Debate,14.2,7.7,93.9,70.6,79.4,64.6,71.87,Pass,C
Oliver Hernandez,"7019 Lakeview Dr, Columbus, OH",Master's,Yes,Sports,16.7,6.1,84.8,76.7,75.3,67.2,73.36,Pass,C
Charlotte Rodriguez,"1627 Parkway Blvd, New York, NY",Associate,Yes,Sports,7.8,8.3,90.9,48.4,65.3,57.9,57.18,Pass,D
Oliver Davis,"9994 Parkway Blvd, Atlanta, GA",Associate,Yes,None,14.0,6.9,80.5,55.3,53.0,61.9,56.49,Pass,D
Charlotte Wilson,"251 Lakeview Dr, Austin, TX",PhD,No,Volunteer,10.3,5.8,90.5,52.0,65.2,49.6,55.9,Pass,D
Mia Hernandez,"1813 Parkway Blvd, Austin, TX",Master's,Yes,Music,17.5,6.8,82.0,53.2,54.7,52.4,53.48,Pass,D
Oliver Hernandez,"8373 Lakeview Dr, Portland, OR",Master's,No,Volunteer,9.1,7.6,89.4,62.6,63.0,67.2,64.11,Pass,D
Theodore Martin,"3322 Parkway Blvd, Phoenix, AZ",PhD,Yes,Debate,13.6,7.0,93.9,50.2,68.5,59.1,59.3,Pass,D
Theodore Moore,"8927 Parkway Blvd, Miami, FL",None,No,Drama,9.0,9.0,91.3,47.1,61.4,57.8,55.29,Pass,D
Liam Wilson,"1128 Parkway Blvd, Phoenix, AZ",Bachelor's,No,Volunteer,16.1,5.6,94.3,77.0,60.3,57.7,65.38,Pass,D
Theodore Davis,"9781 Oak Ave, Denver, CO",Bachelor's,No,Drama,20.7,7.0,81.9,79.0,68.2,57.7,68.86,Pass,D
Olivia Davis,"9595 Lakeview Dr, Portland, OR",Bachelor's,No,Sports,18.5,8.9,85.7,72.1,63.9,62.1,66.2,Pass,D
Benjamin Davis,"3733 Parkway Blvd, Austin, TX",High School,No,Sports,7.3,8.0,100.0,56.2,51.6,60.8,55.96,Pass,D
Evelyn Johnson,"4583 Highland Terrace, Los Angeles, CA",Master's,No,Sports,22.5,5.5,100.0,80.8,79.6,72.3,77.83,Pass,C
Benjamin Martinez,"938 Parkway Blvd, Phoenix, AZ",Master's,Yes,Volunteer,12.7,8.9,100.0,67.0,78.0,76.1,73.59,Pass,C
Luna Martinez,"3947 Parkway Blvd, Los Angeles, CA",Master's,No,Music,7.0,6.4,82.8,51.3,52.8,49.6,51.33,Pass,D
Luna Miller,"7136 Main St, Austin, TX",Associate,Yes,Debate,6.1,6.6,89.1,57.2,63.6,53.6,58.36,Pass,D
Liam Brown,"4330 Oak Ave, Seattle, WA",PhD,No,None,15.5,7.9,79.9,60.0,60.1,54.2,58.29,Pass,D
Elijah Wilson,"7086 Oak Ave, Seattle, WA",PhD,Yes,Drama,14.0,9.0,89.6,71.1,77.3,78.7,75.58,Pass,C
Emma Martinez,"8985 Highland Terrace, Miami, FL",PhD,Yes,Sports,15.9,5.7,91.4,70.4,71.1,83.7,74.65,Pass,C
Oliver Brown,"4024 Main St, Austin, TX",Associate,Yes,Sports,7.7,7.6,74.6,48.3,54.4,54.3,52.23,Pass,D
Lucas Hernandez,"8299 Highland Terrace, Los Angeles, CA",Bachelor's,Yes,Debate,9.8,6.8,98.7,58.0,53.4,52.8,54.84,Pass,D
Camila Rodriguez,"5936 Main St, Los Angeles, CA",Associate,Yes,Debate,7.1,7.2,79.3,53.3,44.6,54.0,50.47,Pass,D
James Moore,"398 Highland Terrace, Miami, FL",None,Yes,Music,5.4,6.4,86.3,54.8,56.5,59.1,56.66,Pass,D
Oliver Hernandez,"8653 Highland Terrace, Seattle, WA",High School,No,None,6.2,6.8,85.8,46.4,46.0,49.0,47.02,Fail,F
Mia Smith,"6477 Parkway Blvd, Denver, CO",None,No,Music,10.8,8.1,91.7,51.7,61.4,52.3,55.29,Pass,D
Charlotte Miller,"8020 Highland Terrace, Phoenix, AZ",PhD,Yes,None,14.3,6.6,95.7,67.1,62.5,60.0,63.35,Pass,D
Amelia Thomas,"7601 Parkway Blvd, Atlanta, GA",Associate,No,Music,12.8,8.9,75.7,68.6,67.3,55.9,64.33,Pass,D
Olivia Johnson,"3181 Main St, Boston, MA",Master's,No,Sports,17.1,6.5,91.3,81.1,80.9,65.9,76.49,Pass,C
Mia Hernandez,"221 Lakeview Dr, New York, NY",Bachelor's,Yes,Music,15.3,7.2,69.3,52.1,59.3,52.3,54.67,Pass,D
Emma Martin,"9298 Main St, Atlanta, GA",Master's,Yes,Debate,12.9,9.1,95.0,65.7,73.4,84.7,74.09,Pass,C
Harper Moore,"5682 Main St, Atlanta, GA",Master's,Yes,None,15.2,7.0,92.9,59.3,73.6,57.9,63.88,Pass,D
William Davis,"8899 Parkway Blvd, Miami, FL",Associate,Yes,Sports,15.8,6.3,81.4,67.9,58.6,56.8,61.32,Pass,D
Olivia Martinez,"2343 Lakeview Dr, Portland, OR",Bachelor's,Yes,Drama,12.3,7.6,72.6,62.9,58.7,58.3,60.05,Pass,D
William Wilson,"8799 Lakeview Dr, Los Angeles, CA",None,No,Drama,12.8,7.7,82.2,67.2,69.1,59.2,65.47,Pass,D
Sophia Wilson,"528 Lakeview Dr, Austin, TX",Associate,Yes,None,9.2,8.8,88.4,49.5,57.6,54.4,53.83,Pass,D
Noah Jones,"9978 Highland Terrace, Atlanta, GA",None,No,Sports,14.1,5.8,92.6,63.4,73.0,62.6,66.51,Pass,D
Emma Rodriguez,"5315 Main St, Denver, CO",High School,Yes,Volunteer,6.7,8.0,92.0,47.7,62.6,57.8,55.92,Pass,D
Noah Davis,"4630 Lakeview Dr, Austin, TX",Master's,Yes,None,11.7,7.3,75.3,54.8,65.8,65.0,61.71,Pass,D
Luna Jackson,"9046 Lakeview Dr, Columbus, OH",Master's,No,Sports,10.3,8.3,78.3,58.1,67.3,58.5,61.43,Pass,D
Henry Johnson,"6984 Main St, Miami, FL",PhD,No,Drama,13.2,7.2,84.1,68.1,58.7,56.8,61.42,Pass,D
Olivia Jones,"1645 Highland Terrace, Los Angeles, CA",None,Yes,Debate,10.7,5.7,75.9,60.8,50.4,64.6,58.3,Pass,D
Olivia Thomas,"6751 Highland Terrace, Denver, CO",None,No,Music,1.8,7.4,80.2,41.2,47.4,48.4,45.5,Fail,F
Theodore Moore,"1443 Lakeview Dr, Chicago, IL",High School,Yes,None,6.3,8.4,82.0,59.0,42.7,59.9,53.56,Pass,D
Theodore Brown,"375 Parkway Blvd, Portland, OR",High School,Yes,Music,13.7,5.2,79.5,66.9,59.1,56.2,60.96,Pass,D
Benjamin Davis,"186 Highland Terrace, New York, NY",Associate,Yes,Debate,13.4,7.8,86.4,58.8,53.7,57.5,56.63,Pass,D
Luna Davis,"7140 Oak Ave, Austin, TX",Master's,No,Music,14.2,7.4,75.3,64.6,54.7,60.4,59.86,Pass,D
Benjamin Martinez,"2331 Parkway Blvd, Denver, CO",Master's,No,Volunteer,16.0,5.2,68.0,64.9,66.8,53.0,62.01,Pass,D
Sophia Rodriguez,"2142 Parkway Blvd, Chicago, IL",Associate,No,Sports,13.9,7.0,75.9,84.5,65.5,66.4,72.42,Pass,C
Emma Gonzalez,"3232 Lakeview Dr, Phoenix, AZ",PhD,Yes,Volunteer,18.8,6.6,97.7,77.4,82.2,71.5,77.32,Pass,C
Charlotte Jackson,"4176 Oak Ave, Los Angeles, CA",PhD,Yes,Music,13.6,6.8,85.2,72.2,74.4,66.7,71.31,Pass,C
Amelia Johnson,"1282 Parkway Blvd, Columbus, OH",High School,Yes,Drama,16.1,6.5,93.5,75.0,73.9,80.3,76.2,Pass,C
Emma Jackson,"3543 Main St, Austin, TX",PhD,Yes,Debate,18.7,7.8,74.2,61.7,66.4,65.7,64.55,Pass,D
Emma Hernandez,"7424 Oak Ave, Chicago, IL",High School,Yes,Drama,15.8,5.8,86.4,70.4,64.8,67.3,67.51,Pass,D
William Wilson,"8601 Lakeview Dr, New York, NY",Bachelor's,Yes,None,10.8,7.5,83.2,57.7,54.5,60.3,57.35,Pass,D
Oliver Miller,"5886 Oak Ave, New York, NY",PhD,Yes,Debate,14.9,6.7,98.4,71.5,70.3,62.0,68.23,Pass,D
Harper Rodriguez,"901 Lakeview Dr, New York, NY",None,No,Debate,7.8,6.5,96.5,54.9,58.9,47.4,54.02,Pass,D
Charlotte Johnson,"7616 Highland Terrace, Austin, TX",Associate,Yes,Debate,13.9,6.3,86.5,58.3,59.8,53.4,57.37,Pass,D
Emma Martinez,"4743 Lakeview Dr, Seattle, WA",High School,No,Sports,8.1,7.0,60.0,51.0,63.7,46.1,53.99,Pass,D
Harper Taylor,"9708 Parkway Blvd, Los Angeles, CA",Associate,No,None,13.0,6.2,78.4,57.2,49.4,43.8,50.47,Pass,D
Amelia Anderson,"4615 Parkway Blvd, Chicago, IL",Bachelor's,No,Music,15.3,7.0,82.4,78.3,80.2,63.5,74.54,Pass,C
Harper Davis,"2287 Main St, Boston, MA",High School,No,Debate,8.0,7.2,83.1,56.7,62.2,56.5,58.58,Pass,D
Amelia Moore,"2470 Main St, Atlanta, GA",Associate,No,Volunteer,5.6,8.8,81.3,37.3,42.9,40.0,40.08,Fail,F
Elijah Brown,"8562 Lakeview Dr, Miami, FL",PhD,No,Sports,16.7,7.5,99.0,63.5,81.2,63.8,69.82,Pass,D
Noah Jackson,"4052 Lakeview Dr, Los Angeles, CA",Associate,Yes,None,16.6,8.7,80.3,59.2,69.7,63.6,64.23,Pass,D
Luna Martin,"8782 Oak Ave, Phoenix, AZ",PhD,No,Volunteer,23.6,8.3,73.7,76.8,75.3,67.0,73.34,Pass,C
Liam Jones,"5463 Highland Terrace, Austin, TX",Bachelor's,No,Sports,13.1,7.1,83.3,68.3,69.0,65.4,67.66,Pass,D
Harper Miller,"1877 Lakeview Dr, Seattle, WA",PhD,No,Drama,15.9,7.6,79.8,71.0,72.6,72.5,72.02,Pass,C
Elijah Jackson,"6685 Highland Terrace, Chicago, IL",Master's,No,Sports,10.2,7.0,70.1,60.2,60.6,50.7,57.51,Pass,D
Henry Thomas,"3315 Oak Ave, Phoenix, AZ",Associate,Yes,Drama,10.6,4.4,83.6,68.4,75.9,77.0,73.62,Pass,C
Mia Thomas,"8824 Lakeview Dr, Chicago, IL",Bachelor's,Yes,Debate,14.8,7.0,95.5,51.0,63.9,68.1,60.64,Pass,D
Luna Smith,"1349 Main St, Columbus, OH",Master's,Yes,Music,14.0,4.4,73.4,61.1,55.4,64.2,60.07,Pass,D
Evelyn Johnson,"7752 Parkway Blvd, Chicago, IL",Master's,Yes,Sports,13.6,7.6,84.2,73.2,70.1,72.7,71.97,Pass,C
Luna Anderson,"2323 Oak Ave, Columbus, OH",PhD,Yes,Music,12.0,7.2,84.4,53.1,53.0,62.7,55.96,Pass,D
Mia Brown,"4301 Main St, Austin, TX",Master's,No,Sports,14.3,8.5,81.4,67.7,54.9,53.8,59.03,Pass,D
Elijah Jackson,"3525 Main St, Boston, MA",Associate,Yes,Volunteer,13.4,5.9,84.6,64.7,65.8,68.5,66.21,Pass,D
Emma Williams,"9902 Highland Terrace, Miami, FL",PhD,Yes,Sports,13.3,6.9,74.7,76.2,63.6,75.1,71.46,Pass,C
Harper Rodriguez,"2836 Main St, Atlanta, GA",Bachelor's,Yes,Debate,10.1,7.7,69.0,53.0,55.1,50.0,52.85,Pass,D
William Brown,"8352 Highland Terrace, Los Angeles, CA",High School,No,Sports,8.1,6.3,84.0,45.3,68.4,44.5,53.14,Pass,D
Evelyn Lopez,"7511 Highland Terrace, Denver, CO",PhD,Yes,Sports,8.9,7.1,65.0,54.3,60.3,55.7,56.86,Pass,D
Emma Jackson,"4609 Oak Ave, Austin, TX",High School,Yes,Music,6.2,7.9,100.0,48.2,57.7,60.7,55.29,Pass,D
Olivia Garcia,"3525 Oak Ave, Chicago, IL",High School,No,Debate,13.1,6.8,93.3,60.8,70.5,63.7,65.05,Pass,D
Olivia Anderson,"2303 Main St, Chicago, IL",None,Yes,Drama,1.5,7.7,88.4,32.6,51.6,50.8,44.68,Fail,F
Sophia Wilson,"1136 Oak Ave, Seattle, WA",Bachelor's,No,Sports,9.4,8.4,83.5,53.2,61.6,48.9,54.86,Pass,D
Charlotte Lopez,"8833 Oak Ave, Austin, TX",PhD,No,Sports,16.0,7.0,88.5,75.5,59.1,58.4,64.6,Pass,D
Noah Garcia,"1299 Oak Ave, Chicago, IL",Bachelor's,Yes,Debate,4.8,6.9,79.7,47.5,50.8,56.5,51.35,Pass,D
Amelia Garcia,"8623 Highland Terrace, Miami, FL",PhD,No,Debate,12.2,6.3,79.2,54.0,67.2,64.7,61.83,Pass,D
Charlotte Martin,"9394 Oak Ave, Atlanta, GA",Bachelor's,No,Music,9.5,7.0,72.5,65.0,62.4,56.8,61.64,Pass,D
Camila Anderson,"5272 Lakeview Dr, Miami, FL",Master's,Yes,None,12.0,8.6,82.8,66.5,61.7,63.2,63.81,Pass,D
Liam Miller,"4942 Parkway Blvd, New York, NY",Master's,No,Sports,16.4,7.3,76.0,56.5,48.5,56.1,53.57,Pass,D
Theodore Brown,"2177 Main St, Columbus, OH",High School,Yes,Volunteer,12.1,6.2,78.3,62.7,68.5,60.8,64.15,Pass,D
Harper Gonzalez,"9613 Oak Ave, Portland, OR",None,Yes,Volunteer,6.7,8.0,69.6,57.1,57.5,53.1,56.04,Pass,D
Amelia Jones,"931 Highland Terrace, Chicago, IL",Master's,Yes,Music,18.6,8.0,100.0,77.8,70.3,76.5,74.8,Pass,C
Luna Moore,"5656 Highland Terrace, Los Angeles, CA",Master's,Yes,Drama,17.8,6.9,98.5,84.5,64.8,75.1,74.8,Pass,C
Elijah Hernandez,"2331 Oak Ave, Atlanta, GA",None,No,Debate,1.0,5.5,83.0,38.5,43.3,47.4,42.86,Fail,F
James Jones,"1564 Highland Terrace, Chicago, IL",High School,No,Sports,13.6,8.0,86.0,52.4,48.1,46.1,49.02,Fail,F
Evelyn Moore,"5373 Parkway Blvd, Los Angeles, CA",High School,No,Drama,11.9,6.4,99.8,59.2,49.9,56.4,55.11,Pass,D
Liam Johnson,"547 Main St, Austin, TX",PhD,Yes,Sports,10.2,7.7,83.0,47.2,69.7,64.4,60.24,Pass,D
William Garcia,"9698 Main St, Columbus, OH",None,Yes,Debate,6.3,7.5,67.8,53.0,55.0,59.8,55.75,Pass,D
Emma Anderson,"6187 Main St, Atlanta, GA",PhD,Yes,None,23.7,6.3,86.5,82.5,82.7,82.7,82.61,Pass,B
Oliver Lopez,"6310 Main St, Denver, CO",Master's,No,Drama,15.0,6.8,100.0,64.4,62.7,62.7,63.3,Pass,D
Elijah Garcia,"9041 Oak Ave, Los Angeles, CA",Master's,No,Drama,11.8,5.5,85.2,54.5,57.8,62.1,57.96,Pass,D
Harper Taylor,"2567 Oak Ave, Los Angeles, CA",Associate,Yes,Drama,13.5,6.0,96.6,67.2,80.9,68.4,72.35,Pass,C
Henry Thomas,"8409 Parkway Blvd, Austin, TX",Bachelor's,Yes,Sports,16.9,7.3,70.2,72.8,72.1,63.7,69.81,Pass,D
Camila Johnson,"4380 Oak Ave, Austin, TX",Bachelor's,No,None,11.1,8.2,84.0,61.8,60.6,55.1,59.38,Pass,D
William Williams,"8552 Lakeview Dr, Denver, CO",Master's,Yes,Debate,13.4,6.4,87.1,60.3,61.4,62.2,61.25,Pass,D
Henry Jackson,"3963 Parkway Blvd, Los Angeles, CA",High School,No,Volunteer,6.4,6.3,94.3,55.9,66.1,64.9,62.14,Pass,D
Amelia Hernandez,"902 Lakeview Dr, Denver, CO",Associate,Yes,Volunteer,11.1,7.1,88.1,57.5,58.0,63.8,59.6,Pass,D
Henry Johnson,"745 Parkway Blvd, Atlanta, GA",None,No,Music,8.0,6.8,91.8,59.7,58.4,64.5,60.69,Pass,D
Amelia Wilson,"9246 Parkway Blvd, Phoenix, AZ",Master's,No,Sports,24.4,6.8,88.5,76.2,70.6,65.8,71.15,Pass,C
Camila Taylor,"2160 Main St, Seattle, WA",None,No,Sports,9.6,7.2,79.7,57.4,51.7,59.4,56.04,Pass,D
Emma Gonzalez,"8760 Main St, Miami, FL",Master's,Yes,Drama,14.4,7.9,79.6,45.3,48.9,57.0,50.05,Pass,D
Elijah Garcia,"7860 Parkway Blvd, Atlanta, GA",High School,Yes,Debate,10.9,5.8,71.5,74.3,63.2,59.1,65.85,Pass,D
James Taylor,"1151 Parkway Blvd, Portland, OR",Associate,Yes,Music,15.0,6.0,97.7,69.4,78.0,77.2,74.74,Pass,C
Noah Jones,"6654 Highland Terrace, Columbus, OH",PhD,No,None,21.9,7.9,67.7,69.1,75.7,61.0,68.97,Pass,D
Charlotte Taylor,"5138 Parkway Blvd, Phoenix, AZ",Associate,Yes,Sports,8.6,7.0,70.5,44.2,53.0,53.8,50.13,Pass,D
Amelia Wilson,"2238 Lakeview Dr, Columbus, OH",PhD,No,Music,17.5,8.4,90.2,77.2,72.2,72.6,74.09,Pass,C
Emma Martinez,"1446 Parkway Blvd, Miami, FL",None,No,Drama,17.8,9.2,99.6,64.4,66.5,58.5,63.36,Pass,D
Henry Garcia,"6222 Lakeview Dr, Denver, CO",None,Yes,Debate,3.1,6.2,60.0,40.7,57.5,58.7,51.97,Pass,D
Amelia Lopez,"9004 Oak Ave, Denver, CO",Associate,Yes,None,16.2,5.4,94.5,58.8,57.7,66.4,60.71,Pass,D
Liam Williams,"6281 Lakeview Dr, Boston, MA",Bachelor's,No,Drama,12.6,7.5,78.1,52.1,50.6,49.0,50.63,Pass,D
Benjamin Jackson,"8377 Main St, Atlanta, GA",High School,Yes,Drama,8.3,7.6,74.6,64.9,59.8,75.5,66.3,Pass,D
Amelia Moore,"8307 Highland Terrace, Columbus, OH",High School,No,Drama,8.5,8.7,86.6,45.5,57.1,62.8,54.77,Pass,D
Oliver Anderson,"1108 Lakeview Dr, Phoenix, AZ",None,No,None,3.1,7.2,78.8,53.8,48.5,50.9,51.05,Pass,D
Olivia Martinez,"3452 Oak Ave, Chicago, IL",High School,No,Music,4.2,8.4,80.2,40.1,43.9,42.7,42.23,Fail,F
Benjamin Rodriguez,"5262 Main St, Phoenix, AZ",Bachelor's,Yes,Music,10.6,6.2,91.9,76.8,64.3,63.2,68.34,Pass,D
Emma Williams,"9928 Parkway Blvd, Los Angeles, CA",Master's,No,None,15.3,7.2,88.3,64.5,77.8,68.2,70.27,Pass,C
Emma Moore,"3354 Oak Ave, Austin, TX",Master's,Yes,None,12.9,7.2,89.2,77.0,77.7,71.2,75.5,Pass,C
James Thomas,"2307 Parkway Blvd, Chicago, IL",PhD,No,Music,23.1,6.4,90.6,71.7,59.7,68.2,66.47,Pass,D
Olivia Wilson,"1358 Main St, Austin, TX",Master's,No,Drama,14.1,8.0,87.4,56.4,59.1,53.1,56.36,Pass,D
Henry Brown,"8303 Parkway Blvd, Boston, MA",Master's,Yes,Sports,15.3,5.3,83.1,61.6,66.2,63.4,63.75,Pass,D
Charlotte Miller,"581 Highland Terrace, Austin, TX",None,No,Debate,6.7,6.5,76.4,48.9,52.2,50.4,50.5,Pass,D
Emma Moore,"9884 Highland Terrace, Seattle, WA",None,Yes,None,3.9,9.6,71.0,39.3,44.7,51.5,44.85,Fail,F
Henry Hernandez,"8248 Lakeview Dr, Boston, MA",PhD,No,Volunteer,18.1,7.2,80.6,71.7,68.4,64.6,68.44,Pass,D
Emma Wilson,"3601 Parkway Blvd, Austin, TX",Associate,No,Music,10.9,8.1,84.8,70.5,74.6,51.8,66.31,Pass,D
Olivia Williams,"9990 Main St, Miami, FL",None,No,Sports,10.4,7.3,76.1,67.5,58.8,59.0,61.93,Pass,D
Luna Martinez,"3890 Parkway Blvd, Chicago, IL",Master's,No,Drama,10.7,7.3,83.6,60.0,60.6,58.5,59.78,Pass,D
Liam Jackson,"6772 Oak Ave, Seattle, WA",High School,Yes,Music,12.6,7.7,76.4,60.8,56.9,61.8,59.73,Pass,D
Camila Martin,"2522 Main St, Atlanta, GA",High School,No,Drama,12.6,6.6,85.0,66.7,69.7,57.3,64.94,Pass,D
William Hernandez,"1357 Main St, New York, NY",Associate,Yes,None,10.1,6.2,71.5,55.5,54.0,53.0,54.2,Pass,D
Sophia Jones,"8883 Parkway Blvd, Atlanta, GA",PhD,Yes,Drama,22.3,7.3,76.6,66.9,66.6,68.0,67.12,Pass,D
Liam Hernandez,"8167 Parkway Blvd, Chicago, IL",Bachelor's,No,None,13.0,8.8,96.9,56.0,57.8,66.4,59.74,Pass,D
Olivia Taylor,"1672 Main St, Columbus, OH",PhD,Yes,Debate,13.5,8.0,78.8,63.8,74.2,68.5,68.84,Pass,D
Liam Johnson,"1007 Highland Terrace, Chicago, IL",High School,No,Debate,9.0,8.5,78.7,57.1,57.5,54.0,56.3,Pass,D
Henry Martin,"546 Parkway Blvd, Los Angeles, CA",High School,No,Sports,5.9,6.4,79.4,56.1,49.6,41.3,49.37,Fail,F
William Miller,"2975 Oak Ave, Los Angeles, CA",Associate,No,Drama,5.1,7.0,98.6,44.1,47.7,45.6,45.81,Fail,F
Olivia Wilson,"9115 Oak Ave, Atlanta, GA",Bachelor's,Yes,Debate,17.2,8.4,86.5,71.7,64.7,64.8,67.18,Pass,D
Harper Wilson,"2436 Highland Terrace, Atlanta, GA",High School,No,Drama,14.9,6.2,80.9,61.7,59.2,56.9,59.39,Pass,D
Olivia Brown,"5080 Highland Terrace, Chicago, IL",None,No,Music,11.7,5.6,85.3,69.4,76.2,59.4,68.76,Pass,D
William Martinez,"7913 Highland Terrace, Chicago, IL",PhD,Yes,Debate,16.1,6.3,85.5,82.5,73.7,86.7,80.67,Pass,B
Olivia Miller,"6232 Highland Terrace, Chicago, IL",PhD,Yes,Sports,19.9,7.2,71.1,84.1,78.6,66.7,76.93,Pass,C
Emma Lopez,"395 Highland Terrace, Boston, MA",None,No,Volunteer,6.2,8.5,79.0,37.6,52.6,40.0,43.54,Fail,F
Theodore Williams,"4781 Highland Terrace, Miami, FL",High School,Yes,None,2.0,8.5,79.5,40.4,36.5,51.1,42.23,Fail,F
Lucas Rodriguez,"2813 Parkway Blvd, Phoenix, AZ",Master's,No,Volunteer,15.4,7.8,100.0,79.9,72.9,73.6,75.56,Pass,C
Theodore Gonzalez,"4956 Highland Terrace, Portland, OR",PhD,No,Sports,18.1,7.1,78.2,66.0,57.8,67.0,63.42,Pass,D
Benjamin Martinez,"8869 Lakeview Dr, Seattle, WA",Master's,No,None,15.4,7.3,88.3,56.4,58.9,57.0,57.47,Pass,D
Theodore Davis,"5512 Highland Terrace, Seattle, WA",None,No,Sports,14.9,7.1,87.3,65.7,72.3,67.3,68.52,Pass,D
Benjamin Martinez,"3285 Oak Ave, Phoenix, AZ",High School,Yes,Music,12.2,7.7,82.1,64.1,64.5,61.0,63.3,Pass,D
Amelia Martinez,"7143 Parkway Blvd, Seattle, WA",Master's,Yes,Debate,12.6,9.4,91.0,55.1,59.8,56.9,57.28,Pass,D
Camila Smith,"7849 Oak Ave, Atlanta, GA",Bachelor's,Yes,Debate,10.3,8.4,64.2,37.3,47.2,43.8,42.71,Fail,F
Evelyn Smith,"7341 Oak Ave, Portland, OR",PhD,Yes,Drama,21.5,6.0,87.0,67.4,64.4,67.9,66.52,Pass,D
Luna Davis,"3710 Lakeview Dr, Atlanta, GA",PhD,No,None,23.6,7.0,65.8,74.0,76.5,65.4,72.3,Pass,C
Amelia Taylor,"9293 Main St, Seattle, WA",Associate,Yes,Drama,12.4,8.2,75.7,67.2,67.9,68.6,67.87,Pass,D
Evelyn Brown,"9377 Highland Terrace, Seattle, WA",Bachelor's,No,Sports,18.9,6.8,88.8,74.6,73.3,64.3,71.07,Pass,C
Luna Jones,"9774 Lakeview Dr, New York, NY",Master's,Yes,Debate,16.2,7.4,85.9,92.2,71.0,69.6,78.0,Pass,C
Elijah Williams,"6365 Highland Terrace, Atlanta, GA",Bachelor's,No,Debate,12.1,6.5,87.5,50.6,54.8,49.1,51.61,Pass,D
Noah Miller,"9304 Parkway Blvd, Austin, TX",Bachelor's,Yes,None,17.5,7.9,91.8,77.8,73.2,70.1,73.88,Pass,C
Oliver Miller,"5239 Highland Terrace, Atlanta, GA",Associate,Yes,Drama,9.4,7.7,79.8,53.2,56.1,48.6,52.84,Pass,D
James Rodriguez,"8971 Oak Ave, New York, NY",High School,No,Volunteer,8.3,6.6,74.0,74.2,61.1,54.8,63.82,Pass,D
Elijah Johnson,"2790 Parkway Blvd, Austin, TX",High School,Yes,Sports,9.4,7.1,77.2,59.8,57.0,50.6,56.06,Pass,D
Benjamin Wilson,"6500 Parkway Blvd, Phoenix, AZ",None,Yes,Sports,5.8,8.3,85.5,49.0,51.8,63.3,54.27,Pass,D
Henry Taylor,"1329 Main St, Chicago, IL",PhD,Yes,Volunteer,18.3,7.5,100.0,68.8,82.4,68.8,73.53,Pass,C
William Smith,"1184 Parkway Blvd, Austin, TX",Master's,Yes,Volunteer,8.1,6.6,80.3,53.1,56.8,63.9,57.67,Pass,D
Elijah Williams,"1298 Lakeview Dr, Miami, FL",None,No,Debate,10.2,6.8,75.3,53.7,47.8,42.5,48.27,Fail,F
Charlotte Taylor,"9643 Parkway Blvd, Chicago, IL",PhD,No,None,20.5,6.5,84.2,77.3,74.9,68.7,73.87,Pass,C
Oliver Johnson,"6135 Oak Ave, Columbus, OH",PhD,No,Drama,11.7,7.2,76.5,44.7,47.2,44.1,45.38,Fail,F
Liam Thomas,"7353 Highland Terrace, Boston, MA",Associate,No,Music,16.8,5.7,97.7,64.6,59.8,60.4,61.67,Pass,D
Olivia Anderson,"6706 Parkway Blvd, Seattle, WA",PhD,Yes,Volunteer,24.5,7.3,92.5,85.9,85.8,88.3,86.58,Pass,B
Oliver Lopez,"9200 Main St, Austin, TX",PhD,No,None,12.5,7.5,68.8,59.4,54.6,57.5,57.18,Pass,D
Harper Gonzalez,"2737 Highland Terrace, Austin, TX",PhD,Yes,Drama,15.5,6.6,84.8,64.8,69.0,57.8,64.17,Pass,D
Liam Gonzalez,"8841 Lakeview Dr, Atlanta, GA",None,Yes,Music,8.7,7.9,86.5,59.5,63.4,64.9,62.5,Pass,D
James Anderson,"1561 Oak Ave, Chicago, IL",Associate,No,None,12.2,6.9,82.5,56.2,60.6,54.6,57.24,Pass,D
Charlotte Miller,"6675 Main St, Denver, CO",Bachelor's,Yes,Debate,12.9,7.0,69.0,61.9,62.3,56.9,60.55,Pass,D
Liam Miller,"1765 Main St, Seattle, WA",Master's,Yes,Sports,17.5,7.2,82.3,60.1,60.4,59.1,59.88,Pass,D
Henry Brown,"7012 Oak Ave, Chicago, IL",Master's,No,Music,16.9,7.2,79.0,63.4,57.3,49.7,57.14,Pass,D
Lucas Thomas,"9495 Lakeview Dr, Atlanta, GA",Bachelor's,Yes,Music,10.9,8.9,91.2,79.1,74.9,73.3,75.91,Pass,C
James Anderson,"9032 Lakeview Dr, Los Angeles, CA",Associate,No,Volunteer,14.5,6.5,90.7,55.7,54.5,62.4,57.3,Pass,D
Olivia Garcia,"5392 Main St, Phoenix, AZ",High School,No,Drama,10.9,5.5,76.8,63.2,59.2,58.5,60.36,Pass,D
Benjamin Johnson,"7164 Lakeview Dr, Los Angeles, CA",Associate,Yes,Music,10.1,7.7,92.1,61.2,57.3,63.5,60.53,Pass,D
Lucas Miller,"4198 Main St, Portland, OR",Bachelor's,No,Volunteer,12.6,8.3,79.9,64.2,70.9,60.7,65.5,Pass,D
Emma Jones,"8286 Highland Terrace, Boston, MA",High School,Yes,Sports,14.5,5.0,60.0,51.4,50.0,45.5,49.14,Fail,F
Liam Garcia,"1611 Parkway Blvd, Portland, OR",Master's,Yes,Sports,4.9,7.2,92.1,52.4,55.9,60.1,55.92,Pass,D
James Rodriguez,"6979 Oak Ave, Atlanta, GA",Master's,No,None,7.5,8.2,100.0,50.7,58.1,55.7,54.78,Pass,D
Harper Martin,"3931 Parkway Blvd, Boston, MA",High School,Yes,Sports,1.4,5.2,80.0,49.1,51.7,55.1,51.83,Pass,D
Benjamin Garcia,"5317 Parkway Blvd, Atlanta, GA",None,No,Music,5.0,7.5,91.2,50.9,50.3,46.3,49.28,Fail,F
Theodore Anderson,"475 Parkway Blvd, Columbus, OH",PhD,No,Debate,18.0,7.4,63.2,66.5,63.0,55.2,61.88,Pass,D
Emma Anderson,"1100 Parkway Blvd, Boston, MA",Bachelor's,Yes,Debate,11.2,7.0,100.0,45.9,49.2,56.0,50.08,Pass,D
Benjamin Jones,"6081 Main St, Austin, TX",Bachelor's,Yes,Sports,12.1,8.7,89.2,71.0,78.5,63.0,71.21,Pass,C
Charlotte Garcia,"5822 Lakeview Dr, Chicago, IL",PhD,Yes,Sports,12.8,7.7,88.5,70.5,74.0,76.0,73.37,Pass,C
Henry Lopez,"5589 Highland Terrace, Austin, TX",Bachelor's,Yes,None,19.7,8.9,71.2,70.5,62.7,60.3,64.71,Pass,D
Elijah Gonzalez,"2563 Main St, Phoenix, AZ",Master's,Yes,Sports,14.5,8.3,84.5,71.4,62.4,57.8,64.18,Pass,D
Theodore Jones,"9403 Parkway Blvd, Denver, CO",Bachelor's,Yes,Volunteer,12.3,5.8,74.7,66.6,57.6,52.6,59.23,Pass,D
Theodore Moore,"4499 Oak Ave, Portland, OR",Bachelor's,No,Volunteer,8.3,6.2,74.0,66.4,58.1,41.5,56.01,Pass,D
Liam Garcia,"719 Lakeview Dr, Seattle, WA",None,Yes,None,6.8,6.7,66.5,59.3,60.0,65.7,61.48,Pass,D
Luna Wilson,"9901 Lakeview Dr, Columbus, OH",Master's,No,None,15.2,5.5,78.0,63.7,60.9,55.7,60.32,Pass,D
Oliver Martinez,"5633 Highland Terrace, Phoenix, AZ",Master's,Yes,None,12.3,7.0,74.9,67.7,70.0,65.1,67.77,Pass,D
Noah Martinez,"7503 Highland Terrace, Denver, CO",Master's,No,Sports,16.1,6.0,85.1,67.4,60.1,60.6,62.82,Pass,D
Lucas Williams,"3033 Oak Ave, Denver, CO",Master's,No,Debate,18.3,6.9,75.8,74.2,76.4,73.1,74.65,Pass,C
Henry Thomas,"8935 Oak Ave, Chicago, IL",None,No,Drama,17.9,7.2,96.9,79.6,74.7,63.8,73.13,Pass,C
Henry Williams,"1140 Parkway Blvd, Phoenix, AZ",Bachelor's,No,Debate,17.0,7.3,82.6,82.1,79.2,59.9,74.41,Pass,C
Luna Jones,"9514 Parkway Blvd, Phoenix, AZ",Master's,No,None,14.3,8.0,96.1,74.8,63.1,59.8,66.21,Pass,D
Oliver Jones,"8556 Highland Terrace, Denver, CO",High School,No,None,7.6,7.5,69.8,55.4,68.2,54.6,59.63,Pass,D
Olivia Moore,"8691 Main St, Denver, CO",Bachelor's,Yes,None,11.5,7.4,100.0,62.2,61.8,66.4,63.32,Pass,D
Amelia Lopez,"4512 Main St, Austin, TX",PhD,No,Debate,20.1,6.9,66.9,66.7,62.7,51.7,60.82,Pass,D
Henry Martin,"7581 Highland Terrace, Denver, CO",None,Yes,None,4.5,7.7,84.8,55.9,53.1,63.3,57.17,Pass,D
Emma Garcia,"8976 Oak Ave, Miami, FL",PhD,No,Drama,19.0,8.1,100.0,80.6,75.2,72.8,76.39,Pass,C
Elijah Rodriguez,"8678 Parkway Blvd, Seattle, WA",Bachelor's,No,Music,8.2,7.3,88.0,60.0,58.4,51.2,56.84,Pass,D
Oliver Lopez,"4919 Oak Ave, Phoenix, AZ",PhD,Yes,None,10.7,6.8,99.6,67.2,70.5,71.0,69.51,Pass,D
Oliver Moore,"9538 Lakeview Dr, Columbus, OH",Bachelor's,Yes,Music,16.3,6.4,88.0,55.8,57.4,54.4,55.96,Pass,D
Luna Jackson,"5673 Parkway Blvd, Los Angeles, CA",High School,No,Sports,15.9,6.8,89.5,77.2,81.6,78.8,79.23,Pass,C
William Garcia,"5635 Parkway Blvd, Atlanta, GA",High School,No,Debate,5.5,5.2,100.0,45.8,53.0,44.7,47.98,Fail,F
Charlotte Jackson,"6713 Highland Terrace, Seattle, WA",High School,Yes,Drama,13.4,8.3,79.3,75.9,68.0,64.5,69.72,Pass,D
Benjamin Martin,"6162 Main St, Portland, OR",High School,Yes,Volunteer,12.9,8.4,87.6,77.9,74.4,74.2,75.57,Pass,C
Henry Lopez,"520 Parkway Blvd, Denver, CO",Master's,No,Debate,7.0,8.4,82.1,56.6,68.9,62.9,62.83,Pass,D
Luna Hernandez,"5350 Parkway Blvd, Austin, TX",PhD,No,Drama,13.7,9.7,82.1,72.0,63.2,54.5,63.69,Pass,D
Amelia Smith,"5123 Highland Terrace, Chicago, IL",None,Yes,Sports,9.0,7.1,72.6,61.3,46.6,59.9,55.74,Pass,D
Harper Martin,"2800 Main St, Boston, MA",High School,No,Volunteer,7.8,6.3,100.0,68.1,67.0,61.9,65.86,Pass,D
Amelia Rodriguez,"1509 Lakeview Dr, Austin, TX",High School,No,Drama,12.8,6.9,93.5,53.4,63.0,59.7,58.65,Pass,D
Noah Hernandez,"7533 Main St, Miami, FL",Associate,No,Music,18.5,4.8,69.4,62.6,67.8,52.5,61.39,Pass,D
Emma Miller,"2942 Lakeview Dr, Columbus, OH",Master's,Yes,Debate,18.8,7.4,89.6,70.2,63.0,63.9,65.75,Pass,D
Harper Taylor,"4001 Parkway Blvd, Los Angeles, CA",Bachelor's,No,Sports,7.6,6.6,63.6,59.7,57.2,54.1,57.13,Pass,D
Liam Martin,"2552 Main St, Miami, FL",Associate,Yes,Sports,12.3,5.6,91.5,54.9,50.9,70.5,58.2,Pass,D
Mia Garcia,"6373 Highland Terrace, Boston, MA",Master's,Yes,None,20.5,5.4,81.1,57.2,59.2,64.7,60.14,Pass,D
Theodore Taylor,"9299 Main St, Boston, MA",Master's,Yes,Debate,20.7,8.1,75.3,84.4,76.7,74.5,78.73,Pass,C
Liam Rodriguez,"2226 Oak Ave, Denver, CO",Master's,No,Debate,15.1,6.0,77.7,62.4,62.5,53.8,59.86,Pass,D
Charlotte Jones,"9232 Parkway Blvd, Denver, CO",Bachelor's,Yes,Drama,12.0,7.7,82.0,67.9,69.5,54.6,64.45,Pass,D
Theodore Taylor,"7469 Highland Terrace, New York, NY",Bachelor's,No,Drama,5.7,5.7,72.8,44.0,48.4,44.7,45.73,Fail,F
Charlotte Jones,"5635 Highland Terrace, Boston, MA",Associate,No,Volunteer,11.9,7.1,66.0,62.6,59.1,53.9,58.76,Pass,D
William Jackson,"6059 Lakeview Dr, New York, NY",PhD,No,Music,19.1,6.8,69.3,77.1,74.4,64.4,72.37,Pass,C
Benjamin Jones,"2044 Main St, Miami, FL",PhD,No,Drama,22.6,6.9,100.0,78.3,80.0,90.0,82.41,Pass,B
Liam Jones,"745 Main St, Austin, TX",High School,No,Drama,8.1,7.1,70.9,36.9,43.5,32.1,37.77,Fail,F
Amelia Jackson,"3902 Main St, Portland, OR",High School,Yes,None,14.9,6.9,81.2,67.5,68.8,66.3,67.58,Pass,D
Emma Hernandez,"1234 Oak Ave, Denver, CO",None,No,Drama,12.9,6.7,76.9,69.9,58.2,49.1,59.57,Pass,D
Harper Johnson,"3443 Parkway Blvd, Atlanta, GA",Master's,Yes,None,17.0,6.4,77.8,64.6,62.8,69.3,65.4,Pass,D
Emma Martinez,"4759 Highland Terrace, Miami, FL",Master's,No,Debate,13.9,5.5,75.9,59.4,52.0,51.9,54.54,Pass,D
Theodore Martin,"8138 Oak Ave, Columbus, OH",Bachelor's,Yes,Debate,10.0,9.6,92.6,40.6,51.1,57.6,49.39,Fail,F
Lucas Anderson,"4895 Parkway Blvd, Columbus, OH",High School,Yes,Music,13.4,7.2,76.3,55.1,63.6,54.6,57.91,Pass,D
Mia Taylor,"2847 Lakeview Dr, Columbus, OH",Associate,Yes,Sports,14.8,7.1,74.7,51.9,54.9,62.0,55.97,Pass,D
Benjamin Miller,"9002 Main St, Seattle, WA",PhD,Yes,Music,13.8,6.4,89.9,62.9,60.2,63.0,61.99,Pass,D
Noah Jones,"2446 Main St, Chicago, IL",PhD,No,Volunteer,17.3,7.9,100.0,76.7,85.6,73.7,78.94,Pass,C
Noah Johnson,"232 Main St, New York, NY",Master's,Yes,Debate,16.1,7.5,96.1,76.1,72.4,70.3,73.09,Pass,C
Elijah Thomas,"3441 Highland Terrace, Seattle, WA",Bachelor's,No,Sports,12.3,7.7,85.7,58.6,56.9,53.5,56.45,Pass,D
Luna Garcia,"6719 Highland Terrace, Boston, MA",PhD,Yes,None,12.6,5.0,100.0,76.4,70.2,75.3,73.91,Pass,C
Lucas Garcia,"5835 Parkway Blvd, Seattle, WA",Bachelor's,No,Drama,14.4,7.8,90.5,66.2,73.3,57.3,66.0,Pass,D
Mia Moore,"4452 Parkway Blvd, Portland, OR",High School,No,Music,13.3,7.5,95.0,63.0,70.2,58.0,64.01,Pass,D
Theodore Johnson,"2433 Highland Terrace, Denver, CO",None,No,Debate,7.7,5.8,69.6,62.1,63.8,65.8,63.81,Pass,D
Luna Davis,"1775 Parkway Blvd, Columbus, OH",None,Yes,None,8.2,6.5,74.4,55.3,42.5,53.2,50.2,Pass,D
Lucas Brown,"7780 Oak Ave, Portland, OR",None,No,None,7.9,5.8,90.2,66.5,70.0,56.5,64.73,Pass,D
James Miller,"3659 Highland Terrace, Boston, MA",PhD,Yes,Sports,14.4,8.4,89.0,77.7,73.2,68.5,73.32,Pass,C
William Garcia,"2642 Highland Terrace, Seattle, WA",Master's,Yes,None,12.9,5.9,83.1,79.1,70.7,69.1,73.16,Pass,C
Evelyn Garcia,"7097 Lakeview Dr, Los Angeles, CA",PhD,Yes,None,11.7,8.4,83.2,64.2,63.3,63.6,63.73,Pass,D
Sophia Davis,"9121 Oak Ave, Atlanta, GA",High School,Yes,Drama,18.0,7.2,76.9,66.6,69.5,69.3,68.43,Pass,D
Mia Davis,"8950 Oak Ave, Phoenix, AZ",Associate,No,Drama,12.2,4.7,88.3,53.8,59.4,55.2,56.18,Pass,D
Evelyn Brown,"7686 Parkway Blvd, Boston, MA",High School,Yes,Debate,13.0,6.8,85.0,49.0,55.4,44.5,49.9,Fail,F
Sophia Davis,"9455 Lakeview Dr, Austin, TX",Associate,No,Volunteer,11.3,5.4,87.4,60.5,55.2,52.2,56.14,Pass,D
Harper Martin,"2008 Oak Ave, Columbus, OH",Bachelor's,No,Sports,21.1,6.2,85.5,79.9,81.6,72.5,78.32,Pass,C
Charlotte Jackson,"7311 Main St, Seattle, WA",High School,Yes,Drama,7.1,8.5,87.5,78.1,63.2,70.2,70.51,Pass,C
Amelia Martin,"8734 Parkway Blvd, Boston, MA",PhD,Yes,Music,25.0,6.6,92.0,85.8,99.0,87.4,90.9,Pass,A
Harper Hernandez,"9595 Highland Terrace, Seattle, WA",Master's,Yes,Music,14.2,7.5,88.1,55.3,56.9,53.0,55.18,Pass,D
Oliver Smith,"1714 Oak Ave, Portland, OR",Associate,No,None,9.6,8.4,89.7,65.7,65.6,61.7,64.48,Pass,D
Olivia Moore,"2938 Main St, Chicago, IL",None,No,Volunteer,13.0,6.5,88.1,68.7,70.1,52.5,64.35,Pass,D
Harper Martin,"7728 Highland Terrace, Portland, OR",Master's,No,Drama,16.5,8.0,87.8,74.6,81.7,67.3,74.9,Pass,C
James Lopez,"8526 Lakeview Dr, Portland, OR",High School,Yes,None,6.0,6.1,90.7,52.3,53.0,57.7,54.19,Pass,D
Luna Gonzalez,"762 Oak Ave, Austin, TX",None,No,Drama,9.0,8.0,73.1,56.8,58.7,59.5,58.26,Pass,D
Amelia Gonzalez,"1443 Highland Terrace, Portland, OR",Master's,No,Sports,14.5,6.1,88.3,60.8,64.3,56.1,60.63,Pass,D
Lucas Williams,"2770 Oak Ave, Denver, CO",PhD,Yes,Sports,10.0,7.7,96.2,65.2,65.2,58.8,63.29,Pass,D
Oliver Jackson,"9715 Lakeview Dr, Seattle, WA",PhD,Yes,Sports,20.2,8.2,84.4,65.3,70.1,62.9,66.25,Pass,D
Sophia Miller,"4641 Highland Terrace, Boston, MA",High School,Yes,Volunteer,9.6,5.5,78.4,49.3,51.8,59.6,53.27,Pass,D
James Smith,"6908 Parkway Blvd, Phoenix, AZ",None,Yes,None,12.9,7.3,92.2,63.2,70.9,72.2,68.61,Pass,D
Theodore Thomas,"1986 Oak Ave, Los Angeles, CA",Bachelor's,Yes,None,15.7,6.0,97.4,76.2,80.1,81.8,79.27,Pass,C
Oliver Jones,"3495 Oak Ave, Los Angeles, CA",None,No,Debate,7.7,5.9,91.9,63.0,52.9,44.5,53.93,Pass,D
Lucas Jones,"1986 Highland Terrace, Austin, TX",PhD,Yes,Sports,22.8,7.8,90.9,78.6,75.4,66.9,73.96,Pass,C
Emma Gonzalez,"1812 Oak Ave, New York, NY",High School,Yes,Sports,10.8,7.3,98.1,51.4,57.8,56.2,55.08,Pass,D
Camila Johnson,"2328 Lakeview Dr, Boston, MA",PhD,No,Music,12.7,7.5,100.0,59.6,59.7,67.9,62.14,Pass,D
James Martin,"3607 Main St, Columbus, OH",Associate,Yes,Debate,18.4,8.4,60.0,61.8,57.5,55.4,58.37,Pass,D
Henry Hernandez,"8884 Main St, Chicago, IL",PhD,Yes,Debate,18.8,5.3,76.0,81.7,78.9,67.0,76.32,Pass,C
Sophia Taylor,"2551 Lakeview Dr, Los Angeles, CA",High School,Yes,Sports,7.7,7.7,85.1,61.7,60.7,53.9,59.02,Pass,D
Sophia Smith,"6568 Highland Terrace, Atlanta, GA",High School,No,Sports,10.3,7.4,71.7,67.2,58.6,44.9,57.52,Pass,D
Theodore Hernandez,"2559 Highland Terrace, Seattle, WA",Associate,No,Music,6.1,7.5,93.6,53.3,55.3,52.8,53.85,Pass,D
Liam Jackson,"6108 Lakeview Dr, Chicago, IL",PhD,No,Sports,12.9,8.1,71.1,57.7,60.2,55.2,57.82,Pass,D
Liam Miller,"9420 Highland Terrace, Columbus, OH",Associate,Yes,None,6.3,6.4,68.2,53.0,48.9,51.0,50.96,Pass,D
Theodore Thomas,"1692 Oak Ave, Austin, TX",Bachelor's,Yes,Music,5.6,8.9,77.4,62.5,61.3,68.8,63.96,Pass,D
Elijah Miller,"5982 Highland Terrace, New York, NY",Associate,No,Debate,9.6,6.3,86.9,53.0,59.0,50.4,54.33,Pass,D
Sophia Jones,"543 Lakeview Dr, Chicago, IL",None,Yes,Sports,9.4,8.1,93.5,56.9,63.2,64.5,61.39,Pass,D
Oliver Thomas,"7021 Main St, Austin, TX",Associate,Yes,Debate,9.1,7.5,74.7,48.0,56.2,44.7,49.88,Fail,F
Amelia Moore,"4653 Main St, Boston, MA",High School,Yes,Debate,6.5,7.7,96.0,44.1,53.4,58.2,51.61,Pass,D
Noah Wilson,"9779 Main St, New York, NY",Bachelor's,Yes,Music,7.5,6.9,82.9,46.7,56.6,57.5,53.38,Pass,D
Oliver Martinez,"1853 Lakeview Dr, Atlanta, GA",Associate,No,Music,12.1,6.8,92.3,66.3,64.3,58.4,63.23,Pass,D
Liam Davis,"4776 Main St, Columbus, OH",High School,Yes,Sports,1.8,6.4,93.8,51.8,61.0,53.0,55.37,Pass,D
Liam Martin,"6744 Parkway Blvd, Denver, CO",Master's,No,Drama,11.6,6.2,82.8,63.1,64.7,42.2,57.37,Pass,D
Evelyn Martinez,"1163 Lakeview Dr, Phoenix, AZ",Bachelor's,No,Drama,16.4,6.3,90.4,70.8,67.9,63.4,67.55,Pass,D
Sophia Wilson,"4132 Lakeview Dr, Seattle, WA",Bachelor's,Yes,Music,12.5,6.8,70.0,45.3,52.3,49.2,48.92,Fail,F
Elijah Anderson,"144 Main St, New York, NY",None,Yes,Sports,12.3,4.5,100.0,62.1,66.0,70.4,65.96,Pass,D
Benjamin Brown,"3495 Main St, Austin, TX",PhD,No,Volunteer,12.1,7.1,86.3,53.4,54.4,51.7,53.23,Pass,D
Amelia Brown,"6631 Lakeview Dr, Boston, MA",None,No,Music,8.2,4.8,91.6,65.5,48.9,50.7,55.27,Pass,D
Evelyn Taylor,"9019 Main St, Austin, TX",Master's,Yes,None,17.7,7.0,60.0,67.1,65.8,55.7,63.25,Pass,D
Mia Anderson,"2526 Highland Terrace, Los Angeles, CA",None,Yes,Drama,5.5,6.0,81.1,44.3,53.3,53.7,50.24,Pass,D
Olivia Anderson,"3302 Highland Terrace, Los Angeles, CA",None,No,Debate,8.9,7.9,92.0,51.9,58.3,57.0,55.69,Pass,D
Emma Davis,"7668 Oak Ave, Austin, TX",Associate,Yes,Sports,8.3,9.0,94.1,58.1,59.8,65.2,60.82,Pass,D
Sophia Lopez,"4614 Parkway Blvd, Atlanta, GA",Associate,Yes,Debate,11.1,6.4,94.8,44.3,50.9,55.4,49.93,Fail,F
Charlotte Brown,"3320 Main St, Columbus, OH",None,No,Music,16.4,5.8,80.2,60.7,64.8,55.9,60.71,Pass,D
Mia Moore,"5921 Parkway Blvd, Atlanta, GA",Bachelor's,No,Volunteer,9.5,7.6,99.9,68.4,67.1,65.3,67.02,Pass,D
Elijah Thomas,"3451 Main St, Austin, TX",Master's,Yes,Drama,13.0,8.6,98.5,54.3,62.3,61.0,59.09,Pass,D
James Miller,"6695 Oak Ave, Phoenix, AZ",Bachelor's,No,Debate,14.1,7.5,96.4,60.7,65.5,57.6,61.45,Pass,D
Henry Wilson,"1393 Lakeview Dr, Seattle, WA",Master's,Yes,Volunteer,20.6,7.8,64.2,64.5,75.4,63.0,67.86,Pass,D
Amelia Jones,"7882 Main St, Columbus, OH",None,Yes,Drama,10.8,6.0,88.6,46.3,52.9,50.4,49.83,Fail,F
Henry Wilson,"1741 Lakeview Dr, New York, NY",Associate,Yes,Sports,11.5,7.4,75.3,59.3,51.5,54.4,55.12,Pass,D
Emma Johnson,"9742 Parkway Blvd, Boston, MA",PhD,No,Sports,11.2,8.1,96.9,78.6,82.3,70.3,77.42,Pass,C
Elijah Johnson,"4403 Highland Terrace, Austin, TX",High School,Yes,None,14.4,8.1,96.3,63.6,60.3,66.1,63.17,Pass,D
Theodore Rodriguez,"149 Lakeview Dr, Phoenix, AZ",High School,Yes,Drama,14.1,7.3,80.7,62.4,73.7,63.1,66.56,Pass,D
Charlotte Johnson,"8322 Main St, Miami, FL",Master's,No,None,10.4,7.3,95.3,61.5,70.5,59.1,63.91,Pass,D
Camila Thomas,"8770 Parkway Blvd, New York, NY",PhD,Yes,None,14.9,6.0,67.8,64.3,72.2,67.6,68.04,Pass,D
Noah Miller,"9771 Parkway Blvd, Boston, MA",PhD,Yes,Debate,22.6,6.8,79.7,83.5,79.4,69.1,77.77,Pass,C
Henry Martin,"4894 Main St, Atlanta, GA",Bachelor's,No,Sports,7.9,9.1,84.7,52.1,57.5,57.2,55.51,Pass,D
Oliver Miller,"4796 Main St, Boston, MA",Bachelor's,No,Volunteer,14.2,6.8,81.4,60.4,69.3,50.6,60.58,Pass,D
Elijah Davis,"2954 Lakeview Dr, Chicago, IL",Bachelor's,Yes,Music,7.4,6.6,94.6,55.7,67.2,69.3,63.81,Pass,D
Benjamin Jackson,"4836 Highland Terrace, Phoenix, AZ",Master's,Yes,Volunteer,17.9,5.7,62.1,69.1,59.2,49.7,59.84,Pass,D
Lucas Smith,"4427 Oak Ave, Los Angeles, CA",Bachelor's,Yes,Sports,9.3,6.6,83.3,53.3,53.5,62.5,56.12,Pass,D
James Anderson,"8547 Parkway Blvd, Austin, TX",Master's,Yes,Sports,16.8,6.6,96.7,66.8,78.9,72.9,72.89,Pass,C
Noah Wilson,"2694 Main St, Austin, TX",PhD,No,Sports,13.5,7.8,78.8,67.7,66.6,61.2,65.38,Pass,D
Luna Williams,"6151 Highland Terrace, Chicago, IL",Master's,No,Music,15.5,8.2,83.2,67.5,70.7,58.5,65.93,Pass,D
Emma Williams,"467 Highland Terrace, Boston, MA",Master's,No,None,14.1,7.8,77.0,51.8,58.6,54.3,54.95,Pass,D
Benjamin Smith,"9055 Parkway Blvd, Los Angeles, CA",Associate,No,Volunteer,9.2,7.4,87.6,45.5,51.5,46.3,47.83,Fail,F
Oliver Garcia,"7493 Lakeview Dr, Los Angeles, CA",Master's,Yes,Volunteer,16.0,6.3,94.3,66.5,65.5,67.2,66.37,Pass,D
Lucas Taylor,"7270 Main St, Denver, CO",Master's,Yes,Sports,17.3,6.4,73.7,77.1,69.2,66.7,71.21,Pass,C
Liam Rodriguez,"867 Parkway Blvd, Atlanta, GA",Bachelor's,No,Debate,10.5,8.3,94.5,65.1,65.9,63.1,64.79,Pass,D
Noah Garcia,"6330 Highland Terrace, Chicago, IL",None,No,Volunteer,8.5,7.4,82.9,55.8,54.5,50.4,53.71,Pass,D
Henry Williams,"1476 Oak Ave, Portland, OR",Master's,No,None,16.8,4.0,100.0,62.8,58.5,53.2,58.42,Pass,D
Theodore Rodriguez,"9928 Parkway Blvd, Seattle, WA",Master's,Yes,Debate,21.8,6.6,92.8,77.4,80.9,82.1,80.05,Pass,B
Henry Jackson,"7917 Main St, Portland, OR",Associate,Yes,Volunteer,9.8,8.1,100.0,64.2,53.2,59.1,58.8,Pass,D
Mia Davis,"2031 Lakeview Dr, Columbus, OH",None,No,Sports,4.0,8.4,100.0,49.8,65.2,53.8,56.37,Pass,D
Mia Wilson,"8199 Highland Terrace, Austin, TX",PhD,Yes,Music,16.6,8.4,90.8,90.9,86.7,79.3,85.94,Pass,B
Harper Martinez,"9163 Highland Terrace, Portland, OR",High School,No,None,6.7,5.9,86.5,47.6,59.0,60.8,55.57,Pass,D
Henry Lopez,"7640 Highland Terrace, Los Angeles, CA",PhD,No,Music,15.7,6.4,100.0,65.5,64.5,63.4,64.5,Pass,D
Sophia Johnson,"7008 Lakeview Dr, Phoenix, AZ",Master's,No,Debate,12.5,8.6,89.6,62.0,70.6,65.2,65.99,Pass,D
Luna Davis,"4438 Highland Terrace, Columbus, OH",Bachelor's,Yes,Drama,18.4,6.6,82.1,75.4,66.1,68.3,70.03,Pass,C
Lucas Taylor,"2585 Main St, Miami, FL",Bachelor's,Yes,Music,10.4,6.5,97.5,66.5,69.6,67.1,67.78,Pass,D
Luna Hernandez,"6423 Oak Ave, Los Angeles, CA",High School,No,Volunteer,11.1,7.7,80.1,62.2,62.6,58.5,61.23,Pass,D
Amelia Wilson,"8990 Highland Terrace, Miami, FL",High School,Yes,Volunteer,11.6,7.8,81.4,61.3,59.7,55.2,58.91,Pass,D
Theodore Davis,"8859 Parkway Blvd, Miami, FL",Master's,Yes,Volunteer,15.0,8.0,87.1,69.5,64.9,70.5,68.17,Pass,D
Olivia Wilson,"4335 Parkway Blvd, Seattle, WA",Bachelor's,Yes,Volunteer,11.9,4.5,99.7,71.3,71.1,70.0,70.85,Pass,C
Lucas Martin,"1216 Parkway Blvd, Phoenix, AZ",None,Yes,Sports,13.1,6.5,74.7,39.8,42.5,48.2,43.26,Fail,F
Sophia Williams,"1950 Highland Terrace, Chicago, IL",PhD,Yes,Drama,19.3,7.4,87.5,72.3,72.6,78.5,74.27,Pass,C
Camila Garcia,"6774 Main St, Chicago, IL",High School,Yes,Debate,12.9,7.9,79.9,60.5,71.8,63.8,65.48,Pass,D
Evelyn Smith,"3156 Oak Ave, Denver, CO",None,No,Drama,1.9,6.6,100.0,57.1,64.4,55.5,59.16,Pass,D
Luna Taylor,"6663 Lakeview Dr, Los Angeles, CA",PhD,Yes,Music,13.0,7.5,78.0,56.2,56.9,53.8,55.72,Pass,D
Mia Rodriguez,"8219 Oak Ave, Miami, FL",Associate,Yes,Volunteer,16.2,6.3,76.5,63.6,59.8,72.6,64.96,Pass,D
Emma Wilson,"617 Oak Ave, Denver, CO",PhD,No,Drama,17.3,7.9,94.4,71.1,68.6,74.6,71.27,Pass,C
Liam Jackson,"6687 Main St, New York, NY",Bachelor's,No,None,11.2,5.3,78.5,62.1,46.8,53.8,54.24,Pass,D
Noah Taylor,"4338 Highland Terrace, Seattle, WA",Master's,Yes,Volunteer,24.0,6.1,66.7,73.4,69.2,64.8,69.34,Pass,D
Luna Smith,"7664 Highland Terrace, New York, NY",High School,Yes,Drama,5.0,4.7,88.6,50.5,50.6,60.8,53.63,Pass,D
Noah Anderson,"6878 Highland Terrace, Miami, FL",None,Yes,Drama,6.7,6.7,98.9,61.5,78.0,71.4,70.23,Pass,C
Camila Garcia,"6269 Lakeview Dr, New York, NY",Master's,No,Volunteer,17.7,6.9,87.7,63.6,67.9,66.7,66.03,Pass,D
Luna Martin,"9631 Parkway Blvd, Chicago, IL",PhD,No,Drama,19.6,6.1,88.8,65.8,70.2,62.6,66.4,Pass,D
Benjamin Gonzalez,"5217 Main St, Phoenix, AZ",Associate,No,Volunteer,8.1,8.1,78.8,56.7,54.0,52.9,54.61,Pass,D
Elijah Hernandez,"907 Main St, Portland, OR",None,Yes,None,9.2,6.2,90.9,71.4,79.6,63.2,71.8,Pass,C
Camila Garcia,"7927 Lakeview Dr, Austin, TX",High School,No,None,10.7,6.9,93.8,48.4,54.6,56.0,52.88,Pass,D
Olivia Lopez,"1253 Parkway Blvd, Los Angeles, CA",None,No,None,10.4,7.2,96.6,58.4,64.4,52.8,58.81,Pass,D
Olivia Davis,"8911 Highland Terrace, Phoenix, AZ",Bachelor's,Yes,Debate,11.9,6.2,80.1,63.3,65.5,54.4,61.4,Pass,D
William Davis,"2160 Main St, New York, NY",Master's,No,Drama,14.2,8.3,96.1,58.3,70.0,56.4,61.84,Pass,D
Mia Martin,"6309 Parkway Blvd, Austin, TX",None,Yes,Sports,9.8,6.8,76.8,65.1,70.1,70.4,68.44,Pass,D
Camila Jackson,"2326 Lakeview Dr, Miami, FL",Master's,No,Music,22.4,6.1,100.0,73.0,79.5,72.9,75.23,Pass,C
Olivia Martinez,"6244 Lakeview Dr, New York, NY",PhD,No,Debate,19.3,7.1,100.0,69.7,73.0,68.5,70.47,Pass,C
Harper Wilson,"5455 Parkway Blvd, Austin, TX",Associate,Yes,Sports,12.8,6.3,72.5,60.3,47.5,61.2,56.08,Pass,D
Sophia Hernandez,"6066 Parkway Blvd, New York, NY",Bachelor's,No,Volunteer,6.1,7.3,80.0,45.7,41.5,39.3,42.3,Fail,F
Liam Jackson,"5154 Lakeview Dr, Boston, MA",High School,Yes,Volunteer,6.5,5.8,86.4,56.9,58.2,55.5,56.97,Pass,D
Camila Smith,"2243 Oak Ave, New York, NY",Associate,No,Debate,11.6,5.4,96.8,63.4,61.3,65.3,63.24,Pass,D
Henry Jones,"3119 Parkway Blvd, Portland, OR",Associate,No,Sports,13.0,7.9,78.0,58.0,57.0,52.9,56.13,Pass,D
Emma Gonzalez,"5572 Highland Terrace, Portland, OR",Master's,No,Music,17.7,8.3,60.0,65.0,54.2,55.6,58.39,Pass,D
Olivia Smith,"7071 Oak Ave, Columbus, OH",High School,Yes,Music,12.4,5.6,96.0,68.3,66.8,79.2,71.04,Pass,C
Oliver Martinez,"7504 Parkway Blvd, Seattle, WA",Bachelor's,No,Drama,24.4,6.3,80.3,81.8,86.1,69.0,79.45,Pass,C
Henry Jones,"1203 Parkway Blvd, Denver, CO",None,Yes,Sports,8.4,6.3,85.4,55.7,57.3,59.0,57.25,Pass,D
Charlotte Rodriguez,"1737 Main St, Columbus, OH",Associate,No,Volunteer,18.0,6.6,76.6,69.9,73.4,62.1,68.78,Pass,D
Benjamin Gonzalez,"200 Highland Terrace, Austin, TX",None,Yes,Debate,12.4,7.5,60.0,55.8,59.6,51.5,55.84,Pass,D
Theodore Taylor,"7983 Parkway Blvd, New York, NY",Master's,Yes,Music,18.7,7.8,90.7,75.6,75.1,79.5,76.6,Pass,C
Noah Garcia,"9857 Lakeview Dr, Phoenix, AZ",Bachelor's,Yes,Drama,18.8,7.5,81.8,76.4,60.8,64.7,67.45,Pass,D
Lucas Jones,"6793 Lakeview Dr, Columbus, OH",High School,No,Sports,13.8,6.5,81.7,68.2,76.6,61.2,69.02,Pass,D
Oliver Brown,"976 Oak Ave, Seattle, WA",Master's,No,Music,13.3,7.2,92.1,59.8,60.6,50.8,57.37,Pass,D
Harper Hernandez,"7146 Lakeview Dr, Chicago, IL",PhD,No,Volunteer,19.2,7.7,98.2,72.2,67.9,68.3,69.54,Pass,D
Olivia Anderson,"5840 Oak Ave, Atlanta, GA",Associate,No,Volunteer,18.2,8.3,84.0,76.2,74.3,54.2,68.91,Pass,D
Charlotte Martinez,"2121 Highland Terrace, Seattle, WA",PhD,Yes,Volunteer,15.5,5.5,80.6,70.9,70.5,61.8,68.03,Pass,D
William Rodriguez,"4496 Main St, Denver, CO",None,No,Drama,9.9,7.2,93.7,56.6,52.1,50.7,53.23,Pass,D
Sophia Lopez,"7754 Lakeview Dr, Miami, FL",PhD,Yes,Music,9.8,8.1,100.0,48.2,58.0,59.6,55.05,Pass,D
Noah Brown,"3271 Oak Ave, Seattle, WA",PhD,No,Drama,14.4,7.8,88.8,65.7,63.2,58.5,62.65,Pass,D
Luna Martin,"8148 Highland Terrace, Columbus, OH",PhD,Yes,Debate,17.9,7.0,85.7,77.3,72.1,76.4,75.21,Pass,C
Lucas Gonzalez,"4079 Lakeview Dr, Chicago, IL",PhD,Yes,Debate,14.4,5.9,91.1,51.4,59.9,52.9,54.81,Pass,D
Charlotte Smith,"9194 Highland Terrace, Chicago, IL",Bachelor's,Yes,Sports,16.0,8.3,83.0,52.8,57.7,61.6,57.15,Pass,D
Harper Lopez,"306 Highland Terrace, Columbus, OH",None,Yes,Volunteer,12.1,5.4,90.1,55.0,58.0,55.4,56.18,Pass,D
Henry Davis,"4276 Lakeview Dr, Austin, TX",PhD,Yes,Sports,17.1,6.6,100.0,70.6,58.9,66.0,65.15,Pass,D
Henry Martin,"5424 Highland Terrace, Chicago, IL",Master's,Yes,Drama,15.0,7.7,82.0,78.9,70.6,65.0,71.83,Pass,C
Camila Davis,"3860 Lakeview Dr, Denver, CO",None,Yes,None,18.1,6.4,86.3,63.5,59.0,69.4,63.72,Pass,D
Emma Taylor,"6593 Parkway Blvd, Los Angeles, CA",Bachelor's,No,Volunteer,11.4,5.8,84.9,64.7,67.2,56.6,63.17,Pass,D
Noah Wilson,"2922 Lakeview Dr, Denver, CO",Associate,No,None,7.7,7.8,87.8,64.8,66.3,54.0,62.09,Pass,D
Mia Rodriguez,"7104 Main St, Miami, FL",Master's,Yes,Volunteer,14.3,7.7,90.4,70.6,72.9,78.7,73.84,Pass,C
Mia Williams,"9975 Highland Terrace, Boston, MA",High School,No,None,18.5,5.8,77.6,63.2,71.9,46.7,61.32,Pass,D
Luna Brown,"5351 Oak Ave, Austin, TX",PhD,Yes,Music,17.9,7.4,85.3,65.5,65.0,66.6,65.65,Pass,D
Luna Anderson,"8496 Lakeview Dr, Atlanta, GA",Master's,No,Volunteer,14.8,6.5,81.1,59.3,48.2,52.4,53.34,Pass,D
Theodore Jackson,"9706 Highland Terrace, New York, NY",Master's,Yes,None,10.7,7.1,97.9,72.4,70.6,75.6,72.74,Pass,C
Camila Johnson,"5252 Parkway Blvd, Miami, FL",Master's,Yes,Debate,13.4,8.0,84.2,73.4,64.0,70.2,69.18,Pass,D
Emma Rodriguez,"2353 Lakeview Dr, Boston, MA",Bachelor's,Yes,Sports,12.9,7.4,60.0,65.4,56.4,53.8,58.73,Pass,D
Noah Martin,"6347 Lakeview Dr, Atlanta, GA",High School,No,Music,7.1,7.0,75.9,54.4,59.8,52.7,55.8,Pass,D
James Moore,"3809 Highland Terrace, Portland, OR",Bachelor's,Yes,Volunteer,11.0,7.0,89.4,52.7,64.0,60.5,59.01,Pass,D
Amelia Davis,"1790 Oak Ave, Phoenix, AZ",None,No,Sports,7.3,6.6,87.2,63.4,61.2,57.9,61.0,Pass,D
Henry Garcia,"3542 Oak Ave, Phoenix, AZ",Master's,Yes,None,14.9,6.3,100.0,66.0,73.3,67.2,68.92,Pass,D
Theodore Moore,"2848 Oak Ave, Chicago, IL",None,Yes,Sports,3.7,7.5,89.9,46.1,54.7,44.5,48.65,Fail,F
Liam Garcia,"2979 Main St, Chicago, IL",None,Yes,None,7.3,5.3,73.3,45.9,52.3,57.0,51.48,Pass,D
Benjamin Gonzalez,"7210 Parkway Blvd, Boston, MA",None,Yes,Sports,10.9,8.2,91.4,55.6,49.7,60.7,55.08,Pass,D
Benjamin Martin,"9244 Parkway Blvd, Portland, OR",PhD,No,Sports,13.1,6.7,82.0,56.7,59.7,50.8,55.96,Pass,D
Liam Moore,"4941 Oak Ave, Los Angeles, CA",Associate,No,Sports,11.1,6.8,94.4,63.4,63.4,59.8,62.33,Pass,D
Sophia Johnson,"3954 Highland Terrace, Columbus, OH",Associate,No,None,7.5,5.9,92.8,49.5,58.5,49.5,52.65,Pass,D
Amelia Williams,"8461 Main St, Phoenix, AZ",Bachelor's,No,Debate,10.6,5.4,74.5,68.4,56.7,59.9,61.76,Pass,D
Luna Jones,"5258 Lakeview Dr, Chicago, IL",Bachelor's,No,None,18.3,5.3,100.0,62.0,70.8,65.8,66.22,Pass,D
Emma Johnson,"3353 Main St, Austin, TX",Bachelor's,No,Music,10.7,7.1,100.0,60.6,67.2,57.7,62.06,Pass,D
Liam Lopez,"5497 Highland Terrace, Miami, FL",Bachelor's,No,Sports,10.4,6.5,89.9,66.0,60.9,67.0,64.51,Pass,D
William Smith,"854 Parkway Blvd, Columbus, OH",Bachelor's,No,Debate,9.3,7.8,69.5,53.5,68.5,51.0,57.99,Pass,D
Elijah Williams,"313 Parkway Blvd, Los Angeles, CA",Associate,No,Sports,12.0,6.3,74.6,54.1,40.3,57.1,50.16,Pass,D
Noah Davis,"125 Parkway Blvd, Miami, FL",Master's,No,Sports,9.8,8.0,74.8,59.0,63.7,48.6,57.5,Pass,D
Henry Martin,"4505 Highland Terrace, Phoenix, AZ",Bachelor's,Yes,Volunteer,14.7,8.1,92.0,64.6,67.8,65.1,65.89,Pass,D
Camila Smith,"9302 Oak Ave, Denver, CO",Bachelor's,No,Volunteer,15.8,8.1,68.5,57.4,60.2,61.8,59.7,Pass,D
James Martinez,"2407 Parkway Blvd, Atlanta, GA",Master's,No,Music,16.4,6.0,73.2,71.9,63.0,56.8,64.23,Pass,D
Henry Martin,"352 Highland Terrace, Boston, MA",High School,No,Volunteer,5.8,7.0,87.7,58.0,58.1,53.0,56.54,Pass,D
Luna Taylor,"9369 Main St, Portland, OR",Bachelor's,No,Volunteer,14.9,8.0,78.3,56.5,51.7,51.9,53.44,Pass,D
Noah Lopez,"6178 Highland Terrace, Austin, TX",Bachelor's,Yes,Drama,17.0,6.7,81.3,72.4,66.8,72.4,70.46,Pass,C
Lucas Williams,"7546 Parkway Blvd, Phoenix, AZ",None,Yes,Music,4.5,8.5,94.9,66.9,67.6,67.9,67.43,Pass,D
Liam Williams,"7171 Lakeview Dr, Seattle, WA",Bachelor's,Yes,Debate,9.7,5.3,81.5,61.7,54.7,63.7,59.84,Pass,D
Liam Martinez,"9165 Main St, Los Angeles, CA",Master's,No,Music,19.3,5.7,80.1,71.8,67.4,58.4,66.2,Pass,D
Noah Anderson,"5598 Highland Terrace, Denver, CO",Associate,Yes,Debate,12.8,6.2,86.9,60.7,73.1,76.9,69.86,Pass,D
Harper Anderson,"1578 Oak Ave, Miami, FL",Bachelor's,No,Debate,14.9,6.2,81.6,70.4,70.9,76.7,72.47,Pass,C
Camila Garcia,"1682 Highland Terrace, Los Angeles, CA",PhD,Yes,Drama,19.0,7.9,75.4,79.2,67.7,75.7,74.12,Pass,C
Noah Martin,"9802 Parkway Blvd, Columbus, OH",High School,No,Drama,6.8,6.5,82.5,47.4,49.3,37.8,45.2,Fail,F
Charlotte Garcia,"9982 Parkway Blvd, Seattle, WA",Associate,Yes,Debate,7.1,6.7,75.5,60.3,69.8,62.4,64.23,Pass,D
Olivia Rodriguez,"6103 Lakeview Dr, Columbus, OH",High School,Yes,Volunteer,11.1,7.3,87.3,53.8,63.3,70.2,62.05,Pass,D
Mia Martinez,"8064 Main St, Denver, CO",Associate,No,Volunteer,6.2,6.4,89.2,87.0,72.6,73.3,77.86,Pass,C
Oliver Smith,"2418 Oak Ave, Phoenix, AZ",Associate,No,Sports,9.7,8.1,84.7,43.7,53.7,48.4,48.61,Fail,F
Theodore Smith,"915 Main St, Columbus, OH",PhD,No,Music,19.8,7.8,72.2,69.0,75.0,63.9,69.54,Pass,D
William Wilson,"965 Parkway Blvd, Miami, FL",High School,Yes,Music,7.6,8.3,93.2,52.2,51.6,62.6,55.1,Pass,D
Elijah Thomas,"8342 Oak Ave, Seattle, WA",Master's,No,None,9.8,6.6,74.4,40.2,37.9,39.4,39.16,Fail,F
Elijah Smith,"1557 Parkway Blvd, Austin, TX",Master's,Yes,Music,9.9,8.9,81.6,60.8,63.9,57.1,60.75,Pass,D
Elijah Anderson,"1576 Oak Ave, Chicago, IL",Bachelor's,Yes,Debate,10.8,8.3,82.7,70.9,72.9,68.5,70.86,Pass,C
Luna Lopez,"7988 Main St, Austin, TX",None,No,Volunteer,9.5,6.4,90.5,52.8,55.3,47.9,52.23,Pass,D
Olivia Williams,"9510 Lakeview Dr, Los Angeles, CA",None,Yes,Debate,9.2,7.9,94.4,37.2,49.9,49.3,45.27,Fail,F
Emma Williams,"3146 Parkway Blvd, Denver, CO",None,Yes,None,6.3,7.0,90.9,45.1,52.4,58.8,51.73,Pass,D
Mia Davis,"972 Highland Terrace, Boston, MA",High School,Yes,Sports,4.4,7.1,69.6,40.0,40.9,47.9,42.69,Fail,F
Olivia Anderson,"7148 Highland Terrace, Los Angeles, CA",Associate,Yes,Sports,7.5,7.0,78.0,46.3,51.9,51.3,49.75,Fail,F
Harper Rodriguez,"1519 Highland Terrace, Columbus, OH",Master's,No,Volunteer,18.5,8.3,93.4,77.6,73.8,64.6,72.38,Pass,C
William Martinez,"2407 Highland Terrace, Chicago, IL",Master's,No,Debate,11.5,7.7,85.0,54.3,58.5,51.4,54.9,Pass,D
Theodore Moore,"3595 Parkway Blvd, Phoenix, AZ",Associate,Yes,Volunteer,8.8,6.3,77.6,58.5,56.7,55.4,56.95,Pass,D
Elijah Rodriguez,"1993 Parkway Blvd, Boston, MA",PhD,Yes,Volunteer,14.3,6.0,96.3,67.4,61.8,67.2,65.38,Pass,D
Benjamin Jones,"3412 Lakeview Dr, Boston, MA",Master's,Yes,Music,18.0,7.8,92.7,61.6,56.3,58.7,58.86,Pass,D
Noah Johnson,"5544 Main St, Miami, FL",High School,No,Volunteer,15.7,6.5,86.2,82.9,72.2,69.1,75.01,Pass,C
Camila Gonzalez,"3101 Main St, Chicago, IL",Bachelor's,No,Music,9.7,7.5,93.3,67.1,64.1,59.6,63.77,Pass,D
Mia Anderson,"8685 Oak Ave, Miami, FL",Associate,Yes,Debate,5.3,7.5,86.3,57.9,48.7,63.6,56.38,Pass,D
Benjamin Johnson,"4572 Highland Terrace, New York, NY",Bachelor's,Yes,None,14.6,6.7,74.6,72.8,73.7,69.3,72.08,Pass,C
Evelyn Anderson,"9738 Highland Terrace, Chicago, IL",High School,No,Drama,9.6,6.5,87.7,58.0,58.3,66.3,60.58,Pass,D
Luna Taylor,"9064 Lakeview Dr, Chicago, IL",High School,No,Music,12.2,7.8,98.3,73.7,66.5,66.5,69.0,Pass,D
Henry Martinez,"2359 Highland Terrace, New York, NY",None,No,Drama,3.5,7.5,70.1,44.8,39.8,38.8,41.27,Fail,F
Olivia Anderson,"4633 Main St, Boston, MA",Bachelor's,No,Debate,9.5,6.8,86.7,67.1,61.8,60.7,63.29,Pass,D
Camila Hernandez,"1411 Lakeview Dr, Denver, CO",Bachelor's,Yes,Music,13.9,7.3,85.8,76.0,78.0,61.7,72.41,Pass,C
Theodore Garcia,"259 Highland Terrace, Columbus, OH",None,No,Drama,10.4,8.1,86.9,46.5,46.6,51.2,47.9,Fail,F
Emma Johnson,"5170 Main St, Boston, MA",PhD,Yes,Music,10.5,6.9,76.8,65.2,64.2,65.9,65.05,Pass,D
Emma Williams,"7680 Highland Terrace, Los Angeles, CA",Bachelor's,Yes,Volunteer,19.9,6.1,90.8,79.2,78.2,78.7,78.69,Pass,C
Liam Jones,"4932 Parkway Blvd, Denver, CO",PhD,No,Sports,24.2,7.4,80.4,92.5,74.5,70.3,79.54,Pass,C
Charlotte Garcia,"489 Parkway Blvd, Portland, OR",PhD,No,Music,16.3,8.0,77.2,61.0,54.5,58.9,58.12,Pass,D
William Rodriguez,"1462 Oak Ave, Columbus, OH",None,Yes,None,11.8,7.4,73.5,63.4,57.5,52.9,58.17,Pass,D
Oliver Garcia,"5240 Highland Terrace, Boston, MA",Associate,Yes,Sports,15.9,6.6,96.3,62.5,66.8,66.8,65.25,Pass,D
Charlotte Wilson,"931 Main St, Columbus, OH",Associate,Yes,Drama,10.6,8.1,77.5,60.7,62.9,51.7,58.79,Pass,D
James Garcia,"9737 Lakeview Dr, Denver, CO",Bachelor's,No,Sports,7.2,7.6,80.2,26.7,48.2,40.8,38.41,Fail,F
Lucas Martinez,"8166 Main St, Austin, TX",Bachelor's,Yes,Music,9.5,7.1,90.0,70.4,66.8,69.5,68.89,Pass,D
Lucas Martin,"911 Lakeview Dr, Atlanta, GA",PhD,No,None,13.4,5.1,87.4,73.7,80.3,57.9,71.26,Pass,C
Liam Davis,"1177 Main St, Portland, OR",None,No,Drama,11.5,7.2,85.3,57.8,58.5,55.8,57.44,Pass,D
Camila Miller,"299 Oak Ave, Miami, FL",PhD,Yes,Sports,11.3,8.6,84.3,57.9,54.7,60.5,57.57,Pass,D
Elijah Lopez,"614 Oak Ave, Seattle, WA",Bachelor's,Yes,Volunteer,7.6,6.3,86.4,47.3,53.3,47.2,49.36,Fail,F
Camila Martinez,"1279 Highland Terrace, Los Angeles, CA",Associate,Yes,Music,13.7,6.0,65.7,40.2,46.0,52.2,45.82,Fail,F
William Martin,"2955 Highland Terrace, Phoenix, AZ",Associate,No,Music,20.6,6.1,95.9,70.7,88.9,74.6,78.24,Pass,C
Mia Jackson,"2500 Main St, Denver, CO",Associate,No,Sports,11.3,5.5,87.7,64.8,65.4,55.3,62.15,Pass,D
Olivia Johnson,"8077 Highland Terrace, New York, NY",Master's,Yes,None,21.1,9.1,83.7,62.4,66.4,60.5,63.23,Pass,D
Liam Gonzalez,"7120 Highland Terrace, Phoenix, AZ",None,Yes,Volunteer,4.7,7.3,88.2,40.0,35.3,57.6,43.62,Fail,F
Henry Anderson,"4405 Main St, Boston, MA",PhD,Yes,Debate,11.5,7.2,87.7,57.5,60.8,55.3,58.01,Pass,D
Benjamin Rodriguez,"2153 Oak Ave, Columbus, OH",PhD,Yes,Volunteer,12.0,7.6,78.9,70.4,72.6,68.9,70.73,Pass,C
Sophia Martinez,"6243 Oak Ave, Phoenix, AZ",None,Yes,Debate,1.8,8.4,99.1,43.3,55.6,52.9,50.49,Pass,D
Harper Anderson,"2675 Lakeview Dr, New York, NY",Associate,Yes,Music,8.9,7.8,100.0,77.4,68.4,72.2,72.7,Pass,C
Charlotte Lopez,"1294 Parkway Blvd, Austin, TX",High School,No,Drama,13.4,9.4,94.0,61.5,63.4,54.4,59.99,Pass,D
Elijah Jones,"3108 Lakeview Dr, New York, NY",None,No,Volunteer,6.5,7.2,86.2,54.4,58.9,52.4,55.38,Pass,D
Elijah Garcia,"1101 Oak Ave, Phoenix, AZ",PhD,Yes,Music,20.3,7.3,86.8,64.2,71.9,71.8,69.18,Pass,D
Amelia Martinez,"1660 Main St, Denver, CO",None,Yes,Volunteer,16.3,7.8,62.1,64.1,61.5,58.6,61.51,Pass,D
Olivia Wilson,"860 Lakeview Dr, Portland, OR",High School,Yes,None,13.5,7.3,77.7,64.1,59.4,67.4,63.46,Pass,D
Luna Moore,"8462 Lakeview Dr, New York, NY",High School,Yes,Music,4.0,6.2,79.6,49.7,48.1,56.8,51.25,Pass,D
Emma Williams,"6532 Parkway Blvd, New York, NY",High School,Yes,Volunteer,13.5,7.4,100.0,66.6,66.7,57.9,63.99,Pass,D
Liam Martinez,"5580 Parkway Blvd, Portland, OR",Associate,No,Drama,12.2,6.1,82.4,67.8,59.9,69.8,65.63,Pass,D
Theodore Garcia,"2901 Highland Terrace, Los Angeles, CA",PhD,No,Drama,11.1,6.7,79.9,71.4,55.6,54.5,60.78,Pass,D
Charlotte Gonzalez,"3883 Oak Ave, Austin, TX",Bachelor's,Yes,Sports,15.0,5.9,79.8,60.2,59.2,58.0,59.23,Pass,D
Oliver Anderson,"5895 Highland Terrace, Denver, CO",High School,Yes,Drama,14.7,5.9,81.8,58.9,61.2,54.7,58.44,Pass,D
Lucas Anderson,"9862 Oak Ave, Austin, TX",None,No,Sports,11.5,7.4,99.3,62.4,82.0,63.8,69.66,Pass,D
Noah Lopez,"3797 Highland Terrace, Seattle, WA",None,Yes,Music,8.6,8.1,98.8,58.5,54.8,57.6,56.94,Pass,D
Evelyn Garcia,"2900 Main St, Los Angeles, CA",Associate,Yes,Volunteer,10.5,7.8,93.9,65.5,51.5,65.3,60.56,Pass,D
Theodore Thomas,"170 Lakeview Dr, Columbus, OH",Master's,Yes,Debate,15.7,5.7,77.5,66.7,61.7,65.8,64.68,Pass,D
Emma Brown,"7252 Oak Ave, Atlanta, GA",Master's,No,Drama,20.7,7.3,95.0,70.9,74.8,67.6,71.28,Pass,C
Luna Moore,"9742 Lakeview Dr, Los Angeles, CA",Master's,No,None,19.2,5.7,99.3,70.8,71.4,62.0,68.35,Pass,D
Harper Garcia,"1643 Parkway Blvd, Columbus, OH",Master's,Yes,None,17.4,6.5,84.8,74.3,68.4,68.8,70.58,Pass,C
Olivia Hernandez,"7943 Highland Terrace, Chicago, IL",PhD,Yes,Sports,15.5,6.6,100.0,86.2,71.7,77.8,78.58,Pass,C
Luna Gonzalez,"2632 Highland Terrace, Phoenix, AZ",Master's,No,Music,19.5,7.3,80.2,64.2,70.3,56.9,64.11,Pass,D
Benjamin Rodriguez,"5195 Main St, Denver, CO",PhD,Yes,Volunteer,12.0,8.0,71.5,65.5,68.4,63.9,66.03,Pass,D
Oliver Garcia,"7911 Oak Ave, Columbus, OH",None,Yes,Music,7.7,8.0,97.6,50.4,57.3,50.3,52.77,Pass,D
Luna Miller,"4925 Highland Terrace, Phoenix, AZ",High School,Yes,Music,11.6,6.8,83.7,52.2,48.5,63.8,54.36,Pass,D
Oliver Johnson,"1552 Lakeview Dr, Miami, FL",Associate,No,Drama,14.6,6.3,80.6,65.5,69.4,58.2,64.7,Pass,D
James Jones,"8699 Main St, Columbus, OH",None,No,Drama,4.0,6.9,83.4,59.6,57.5,60.8,59.22,Pass,D
Theodore Martin,"3315 Main St, Columbus, OH",PhD,Yes,None,16.5,7.6,86.8,56.0,67.9,61.1,61.66,Pass,D
Liam Jones,"3505 Main St, Austin, TX",Associate,Yes,Music,10.9,9.8,81.9,57.5,53.3,54.5,55.15,Pass,D
Oliver Jones,"7291 Parkway Blvd, Columbus, OH",Associate,Yes,None,15.0,7.6,60.0,66.3,58.1,66.2,63.42,Pass,D
Emma Davis,"3277 Main St, Denver, CO",High School,Yes,Debate,12.2,8.8,96.0,72.9,68.9,78.9,73.28,Pass,C
William Johnson,"4252 Parkway Blvd, New York, NY",High School,Yes,None,4.5,7.7,84.2,47.4,47.0,52.0,48.65,Fail,F
Olivia Lopez,"9846 Oak Ave, Columbus, OH",Bachelor's,No,Debate,5.3,5.7,83.6,53.8,45.3,54.8,51.14,Pass,D
Mia Gonzalez,"1672 Highland Terrace, Phoenix, AZ",Master's,Yes,Music,12.8,6.1,87.9,61.8,57.3,59.1,59.39,Pass,D
Noah Smith,"2752 Highland Terrace, Portland, OR",None,No,None,3.4,7.2,72.4,47.9,51.5,48.1,49.24,Fail,F
Noah Thomas,"6295 Highland Terrace, Miami, FL",None,Yes,Volunteer,10.4,5.0,86.0,50.4,70.0,61.0,60.45,Pass,D
Benjamin Miller,"577 Lakeview Dr, Los Angeles, CA",High School,No,Sports,8.6,6.5,84.4,73.8,64.4,55.0,64.9,Pass,D
Camila Gonzalez,"2757 Oak Ave, New York, NY",Master's,Yes,Music,22.9,7.7,83.4,71.4,62.1,68.3,67.22,Pass,D
Emma Wilson,"329 Highland Terrace, Boston, MA",None,No,Debate,4.0,6.8,96.6,50.4,53.4,53.0,52.23,Pass,D
Luna Lopez,"6543 Parkway Blvd, New York, NY",None,No,Music,5.7,6.2,81.8,43.6,49.8,49.4,47.54,Fail,F
Henry Jones,"9444 Highland Terrace, Los Angeles, CA",Bachelor's,No,Drama,14.2,7.6,89.5,58.7,72.4,63.6,64.99,Pass,D
Olivia Martinez,"4801 Lakeview Dr, Phoenix, AZ",Associate,Yes,Debate,15.8,6.0,90.3,72.8,65.0,73.8,70.37,Pass,C
Evelyn Gonzalez,"5116 Highland Terrace, Chicago, IL",High School,Yes,Volunteer,9.8,6.5,97.0,57.9,61.2,53.5,57.71,Pass,D
Evelyn Lopez,"5052 Highland Terrace, Austin, TX",Bachelor's,Yes,Debate,3.1,7.9,79.1,47.1,44.9,50.3,47.27,Fail,F
James Jones,"6413 Oak Ave, Seattle, WA",Bachelor's,Yes,Sports,13.0,8.8,100.0,59.3,60.9,57.8,59.41,Pass,D
Sophia Jones,"3646 Parkway Blvd, Miami, FL",PhD,Yes,None,17.4,7.9,79.8,71.2,63.7,62.8,66.04,Pass,D
William Moore,"5352 Lakeview Dr, Columbus, OH",PhD,Yes,Sports,19.0,6.6,73.6,63.9,62.2,55.7,60.85,Pass,D
Benjamin Taylor,"743 Highland Terrace, Portland, OR",PhD,No,Volunteer,13.2,6.4,73.0,49.9,61.1,54.7,55.25,Pass,D
Camila Brown,"6777 Oak Ave, Columbus, OH",PhD,Yes,None,12.2,7.1,73.0,62.6,61.5,59.7,61.33,Pass,D
Sophia Williams,"9943 Highland Terrace, Portland, OR",PhD,No,Drama,17.7,8.3,100.0,91.3,77.1,77.9,82.33,Pass,B
Amelia Miller,"5651 Oak Ave, Atlanta, GA",High School,No,Debate,3.3,6.7,100.0,43.1,50.3,46.9,46.79,Fail,F
Charlotte Lopez,"1043 Lakeview Dr, Portland, OR",Master's,Yes,Music,14.1,6.3,100.0,71.3,68.0,67.5,69.0,Pass,D
Amelia Rodriguez,"669 Oak Ave, Chicago, IL",None,Yes,None,8.1,7.6,97.9,53.8,66.1,69.2,62.73,Pass,D
Mia Taylor,"6746 Main St, Boston, MA",Associate,No,Drama,11.5,5.6,78.9,49.5,50.1,56.7,51.89,Pass,D
Lucas Gonzalez,"9335 Lakeview Dr, Columbus, OH",Bachelor's,No,Debate,10.3,6.7,77.3,32.7,44.8,35.5,37.79,Fail,F
Henry Jackson,"4495 Lakeview Dr, Columbus, OH",High School,No,Music,7.5,7.0,84.0,62.1,63.0,55.2,60.34,Pass,D
Evelyn Lopez,"7836 Lakeview Dr, Phoenix, AZ",Bachelor's,No,None,14.9,7.4,77.3,71.8,68.8,63.8,68.32,Pass,D
Camila Taylor,"1141 Parkway Blvd, New York, NY",High School,No,Music,6.3,7.3,76.9,56.5,67.7,54.5,59.82,Pass,D
Noah Garcia,"4778 Lakeview Dr, Denver, CO",None,Yes,Volunteer,4.9,6.8,100.0,46.6,45.1,62.0,50.69,Pass,D
William Martin,"8423 Main St, Miami, FL",Associate,Yes,Debate,7.9,7.3,75.1,56.1,61.4,59.9,59.1,Pass,D
Camila Jones,"6181 Highland Terrace, Denver, CO",Bachelor's,No,Drama,10.8,6.4,83.4,56.7,58.3,49.7,55.15,Pass,D
Lucas Garcia,"4024 Main St, Los Angeles, CA",Bachelor's,No,Music,11.5,6.6,76.6,63.6,63.2,58.9,62.05,Pass,D
Amelia Lopez,"9742 Main St, Columbus, OH",Associate,Yes,Debate,16.2,5.9,87.9,71.9,67.8,79.6,72.79,Pass,C
Emma Martinez,"4438 Highland Terrace, Austin, TX",Master's,Yes,Music,17.6,7.3,93.6,84.9,74.5,78.8,79.39,Pass,C
Charlotte Wilson,"5031 Lakeview Dr, Los Angeles, CA",Associate,Yes,None,12.1,8.9,84.4,60.4,57.8,56.6,58.35,Pass,D
Olivia Anderson,"6860 Oak Ave, Phoenix, AZ",PhD,No,Music,15.9,7.0,88.3,75.5,77.4,59.6,71.39,Pass,C
Emma Smith,"8851 Main St, Austin, TX",Bachelor's,No,Music,14.4,7.3,100.0,54.7,51.8,60.9,55.53,Pass,D
Oliver Brown,"6135 Highland Terrace, Los Angeles, CA",Bachelor's,Yes,Volunteer,15.6,7.5,88.9,63.9,65.4,63.6,64.34,Pass,D
Elijah Hernandez,"3526 Lakeview Dr, Seattle, WA",PhD,No,None,12.1,6.8,61.1,60.2,55.7,48.3,55.06,Pass,D
Charlotte Wilson,"7647 Lakeview Dr, Atlanta, GA",Associate,No,Sports,15.0,8.6,83.8,55.9,56.8,52.1,55.08,Pass,D
Emma Thomas,"2780 Main St, Chicago, IL",PhD,No,Drama,12.3,6.3,86.0,33.4,58.7,42.5,44.98,Fail,F
Oliver Davis,"7682 Parkway Blvd, Boston, MA",High School,No,Debate,10.1,8.0,100.0,62.2,63.2,69.8,64.82,Pass,D
William Wilson,"3294 Parkway Blvd, Chicago, IL",None,Yes,Drama,8.8,6.7,83.7,48.8,49.5,54.0,50.62,Pass,D
Olivia Johnson,"5950 Oak Ave, Portland, OR",Bachelor's,Yes,Sports,14.7,6.3,85.9,66.0,62.4,61.7,63.44,Pass,D
Mia Hernandez,"8605 Main St, Portland, OR",None,Yes,Music,7.5,7.9,85.4,49.8,55.3,56.7,53.82,Pass,D
Harper Garcia,"2197 Main St, Columbus, OH",Associate,Yes,Drama,11.3,7.2,95.0,59.4,56.1,71.4,61.87,Pass,D
Lucas Miller,"7070 Main St, Los Angeles, CA",Master's,No,Music,8.3,6.9,93.6,51.8,52.8,62.4,55.31,Pass,D
Theodore Brown,"6620 Highland Terrace, Chicago, IL",PhD,Yes,Debate,18.2,7.3,86.6,79.7,70.4,63.0,71.44,Pass,C
Charlotte Johnson,"2092 Oak Ave, Chicago, IL",Bachelor's,No,Drama,15.0,7.5,86.1,69.1,70.8,63.6,68.02,Pass,D
Oliver Taylor,"2983 Main St, New York, NY",Master's,Yes,Volunteer,19.8,9.4,70.9,70.6,55.0,61.7,62.49,Pass,D
Harper Davis,"2194 Lakeview Dr, Denver, CO",Master's,No,None,16.6,7.0,75.1,64.3,60.0,53.5,59.51,Pass,D
James Davis,"2868 Oak Ave, Seattle, WA",PhD,No,Music,9.2,7.8,89.8,62.2,65.3,65.6,64.3,Pass,D
Camila Miller,"9985 Highland Terrace, Atlanta, GA",High School,Yes,Drama,7.6,8.2,80.0,55.6,43.9,58.0,52.23,Pass,D
Mia Thomas,"3738 Lakeview Dr, Columbus, OH",High School,Yes,Music,16.2,7.0,88.9,78.7,76.1,82.3,78.87,Pass,C
Evelyn Wilson,"8411 Lakeview Dr, Los Angeles, CA",None,No,Debate,8.6,6.4,73.3,52.1,59.3,59.0,56.73,Pass,D
Noah Johnson,"7622 Main St, Atlanta, GA",Master's,Yes,Debate,19.1,6.6,88.4,72.7,73.3,70.8,72.35,Pass,C
Camila Thomas,"8384 Oak Ave, Los Angeles, CA",High School,No,Sports,6.9,9.3,80.7,59.6,48.0,39.5,49.49,Fail,F
Emma Smith,"2142 Oak Ave, Boston, MA",Bachelor's,Yes,Drama,16.6,8.0,79.8,67.6,65.5,69.1,67.31,Pass,D
Luna Davis,"9278 Oak Ave, Atlanta, GA",PhD,Yes,Debate,14.9,7.0,91.7,73.0,67.0,67.6,69.28,Pass,D
Evelyn Rodriguez,"4331 Parkway Blvd, Atlanta, GA",Bachelor's,Yes,Drama,16.5,7.3,81.8,62.2,71.1,66.8,66.71,Pass,D
Lucas Rodriguez,"2478 Oak Ave, Seattle, WA",High School,Yes,Music,19.6,7.1,92.6,81.0,89.1,81.8,84.09,Pass,B
Charlotte Taylor,"1838 Highland Terrace, Austin, TX",Associate,No,Music,17.9,6.1,76.8,70.3,74.0,65.6,70.2,Pass,C
Mia Moore,"9374 Oak Ave, Portland, OR",PhD,Yes,Music,19.0,6.2,73.0,63.2,58.9,65.8,62.5,Pass,D
Mia Gonzalez,"6277 Oak Ave, Austin, TX",Master's,No,Music,22.1,6.9,82.5,83.4,74.4,75.1,77.73,Pass,C
Mia Johnson,"4068 Parkway Blvd, New York, NY",High School,Yes,None,1.0,7.9,96.8,54.9,45.1,53.7,51.07,Pass,D
Emma Moore,"4549 Parkway Blvd, Austin, TX",PhD,No,Drama,12.6,7.0,100.0,61.2,65.4,62.3,63.02,Pass,D
Emma Davis,"8055 Lakeview Dr, Austin, TX",High School,No,Sports,7.4,7.4,70.9,29.8,32.7,22.8,28.72,Fail,F
Luna Hernandez,"322 Main St, Seattle, WA",High School,No,Music,14.5,7.7,99.1,59.0,72.6,65.9,65.81,Pass,D
Henry Johnson,"4799 Parkway Blvd, Atlanta, GA",High School,No,None,1.9,6.4,94.5,48.8,51.6,56.9,52.2,Pass,D
Mia Gonzalez,"5241 Lakeview Dr, Los Angeles, CA",Bachelor's,Yes,Drama,12.9,6.3,100.0,68.7,64.8,61.9,65.29,Pass,D
William Rodriguez,"1291 Oak Ave, Phoenix, AZ",PhD,Yes,Drama,18.8,8.5,98.5,72.4,68.2,71.2,70.59,Pass,C
Noah Wilson,"4485 Main St, Columbus, OH",None,No,Drama,7.1,7.7,81.6,34.9,44.2,42.2,40.33,Fail,F
Evelyn Rodriguez,"9431 Main St, Austin, TX",Master's,No,Volunteer,10.5,6.9,87.3,71.6,70.6,62.2,68.41,Pass,D
James Jackson,"7486 Highland Terrace, Denver, CO",Bachelor's,No,Music,5.6,7.5,87.5,40.7,45.1,50.1,45.04,Fail,F
Olivia Thomas,"2346 Main St, Austin, TX",Associate,Yes,Debate,7.0,5.2,79.3,61.3,49.8,59.6,56.76,Pass,D
Charlotte Smith,"8228 Main St, Los Angeles, CA",High School,Yes,Music,15.2,7.1,77.1,55.5,53.6,65.6,57.83,Pass,D
Sophia Williams,"9464 Oak Ave, Chicago, IL",PhD,No,Volunteer,15.1,7.7,95.1,53.6,49.2,57.6,53.29,Pass,D
Henry Anderson,"9382 Parkway Blvd, Atlanta, GA",Bachelor's,Yes,Volunteer,10.4,6.5,77.0,67.8,71.9,57.8,66.23,Pass,D
Benjamin Thomas,"1315 Oak Ave, Chicago, IL",Bachelor's,No,Debate,22.4,7.3,83.2,63.7,67.1,64.9,65.26,Pass,D
Amelia Williams,"3137 Oak Ave, Phoenix, AZ",Bachelor's,No,None,20.0,6.7,81.7,75.2,74.5,66.5,72.36,Pass,C
Liam Anderson,"9549 Highland Terrace, Denver, CO",Master's,No,None,16.3,6.4,81.3,59.1,53.3,48.7,53.94,Pass,D
Luna Wilson,"3986 Oak Ave, Denver, CO",PhD,No,Music,23.0,6.9,90.6,59.6,46.2,54.2,53.27,Pass,D
Emma Martin,"6362 Lakeview Dr, Los Angeles, CA",Associate,Yes,Sports,14.8,7.2,91.4,77.3,69.2,75.3,73.87,Pass,C
Benjamin Jackson,"5586 Oak Ave, Portland, OR",High School,Yes,Music,6.5,5.9,74.9,51.7,46.5,46.6,48.33,Fail,F
Olivia Garcia,"9702 Main St, Los Angeles, CA",Associate,Yes,Drama,12.3,7.5,94.6,63.9,69.1,69.0,67.26,Pass,D
Harper Gonzalez,"4733 Highland Terrace, Miami, FL",PhD,No,Drama,11.6,9.0,78.2,51.4,60.1,48.1,53.45,Pass,D
Harper Smith,"918 Main St, Columbus, OH",High School,No,Volunteer,13.6,7.4,94.5,77.5,73.2,74.0,74.97,Pass,C
Lucas Gonzalez,"5165 Highland Terrace, Miami, FL",PhD,No,Debate,17.4,6.1,87.8,62.8,51.7,52.7,55.88,Pass,D
Henry Martinez,"7437 Highland Terrace, Phoenix, AZ",Bachelor's,No,Sports,19.2,9.2,82.7,63.4,60.0,51.6,58.68,Pass,D
Evelyn Miller,"5794 Parkway Blvd, New York, NY",PhD,Yes,Drama,18.1,5.7,84.3,56.1,57.7,72.3,61.53,Pass,D
William Johnson,"6763 Oak Ave, Austin, TX",Associate,No,None,11.8,6.7,86.5,69.6,82.0,76.6,76.04,Pass,C
Amelia Thomas,"716 Highland Terrace, Chicago, IL",PhD,No,Drama,15.7,6.6,80.5,66.2,53.0,57.6,59.0,Pass,D
Theodore Wilson,"3155 Parkway Blvd, Phoenix, AZ",Bachelor's,Yes,Sports,12.4,7.1,93.9,73.9,61.2,66.6,67.26,Pass,D
Theodore Lopez,"9427 Parkway Blvd, Seattle, WA",High School,No,Music,1.0,6.2,74.1,46.6,41.8,38.3,42.44,Fail,F
Olivia Lopez,"7734 Main St, Phoenix, AZ",High School,No,Drama,3.5,6.6,64.3,41.8,44.2,48.9,44.75,Fail,F
Emma Garcia,"2739 Parkway Blvd, Atlanta, GA",Bachelor's,Yes,Debate,16.2,8.2,96.1,64.1,76.9,70.8,70.58,Pass,C
Sophia Davis,"5244 Highland Terrace, Los Angeles, CA",Associate,No,Volunteer,13.2,5.2,67.7,58.1,56.8,50.4,55.31,Pass,D
Henry Lopez,"6882 Parkway Blvd, Miami, FL",High School,No,Drama,13.0,7.1,91.8,52.7,57.1,60.2,56.49,Pass,D
Elijah Martinez,"3727 Lakeview Dr, Columbus, OH",PhD,No,Sports,14.7,6.8,82.5,73.9,69.3,50.4,65.25,Pass,D
Sophia Martin,"6580 Highland Terrace, Los Angeles, CA",Master's,Yes,Volunteer,22.2,5.9,78.9,81.5,78.6,80.7,80.23,Pass,B
Amelia Rodriguez,"9575 Parkway Blvd, Miami, FL",Associate,Yes,Volunteer,7.8,7.9,71.8,55.4,59.0,49.3,54.83,Pass,D
Elijah Wilson,"381 Highland Terrace, Miami, FL",PhD,Yes,Music,9.0,5.1,92.1,65.0,78.7,73.6,72.38,Pass,C
Amelia Johnson,"5477 Highland Terrace, Phoenix, AZ",Bachelor's,Yes,Volunteer,10.9,7.5,86.0,62.6,55.1,50.7,56.38,Pass,D
Harper Miller,"8835 Highland Terrace, Phoenix, AZ",Master's,No,Sports,13.2,7.3,72.0,60.0,62.3,50.5,57.96,Pass,D
Amelia Garcia,"230 Highland Terrace, Los Angeles, CA",Bachelor's,Yes,Sports,7.7,6.8,76.7,64.6,61.3,62.8,62.9,Pass,D
Charlotte Brown,"810 Parkway Blvd, Boston, MA",Associate,No,Volunteer,25.0,8.4,85.4,94.1,90.8,85.4,90.36,Pass,A
Mia Miller,"6863 Lakeview Dr, Miami, FL",Associate,No,Volunteer,9.0,6.8,88.2,56.2,64.2,50.7,57.34,Pass,D
Oliver Jones,"4104 Main St, Austin, TX",None,No,Drama,8.7,5.1,82.7,50.9,58.7,58.8,56.0,Pass,D
Theodore Wilson,"6350 Main St, Miami, FL",High School,Yes,Volunteer,5.4,4.9,85.3,42.0,38.2,57.1,45.17,Fail,F
Olivia Smith,"5928 Main St, Seattle, WA",High School,Yes,Music,16.6,6.4,96.1,60.2,64.4,66.0,63.38,Pass,D
Lucas Hernandez,"5936 Highland Terrace, New York, NY",PhD,No,Music,12.9,7.3,92.5,64.2,63.1,60.8,62.79,Pass,D
William Jackson,"7822 Main St, Denver, CO",Master's,No,Sports,15.2,7.3,85.9,70.0,60.2,61.8,64.1,Pass,D
Theodore Martin,"1226 Lakeview Dr, Chicago, IL",PhD,No,Volunteer,15.0,6.9,83.8,68.1,61.6,53.4,61.41,Pass,D
Sophia Miller,"5461 Parkway Blvd, Miami, FL",Bachelor's,Yes,Sports,16.6,7.2,92.5,77.1,76.5,75.7,76.49,Pass,C
Noah Davis,"9123 Lakeview Dr, Atlanta, GA",None,Yes,Drama,3.6,7.0,81.1,41.3,36.1,57.2,44.23,Fail,F
Charlotte Miller,"2681 Oak Ave, New York, NY",None,Yes,Music,8.7,4.7,97.4,54.3,57.2,59.5,56.89,Pass,D
Sophia Anderson,"3100 Lakeview Dr, Miami, FL",Bachelor's,Yes,None,18.8,8.0,91.7,71.7,63.4,59.6,65.2,Pass,D
Emma Smith,"3900 Parkway Blvd, Miami, FL",PhD,No,Volunteer,17.4,6.8,85.3,58.2,69.1,51.5,60.03,Pass,D
Henry Moore,"635 Highland Terrace, Austin, TX",PhD,No,None,16.0,8.2,84.4,79.8,70.7,69.0,73.35,Pass,C
Oliver Jackson,"6349 Highland Terrace, Miami, FL",None,Yes,None,8.0,6.3,87.0,56.1,56.7,64.8,58.91,Pass,D
Noah Thomas,"4786 Main St, Boston, MA",Bachelor's,No,Music,7.8,4.0,77.8,50.2,54.4,49.5,51.49,Pass,D
Olivia Martinez,"5318 Main St, Chicago, IL",High School,Yes,Volunteer,12.3,5.4,90.3,72.6,72.8,68.9,71.53,Pass,C
Mia Johnson,"2753 Highland Terrace, Seattle, WA",Master's,No,Debate,7.8,7.9,72.2,46.6,46.1,45.3,46.02,Fail,F
Henry Hernandez,"7447 Lakeview Dr, Seattle, WA",PhD,Yes,Music,16.0,6.2,90.4,72.0,76.6,82.4,76.72,Pass,C
James Jones,"2611 Highland Terrace, Atlanta, GA",High School,Yes,Music,12.3,8.4,86.5,74.4,59.5,63.9,66.05,Pass,D
Liam Jones,"6674 Highland Terrace, Denver, CO",None,Yes,Music,1.0,6.3,76.0,43.5,46.8,48.4,46.1,Fail,F
Liam Davis,"3695 Oak Ave, Austin, TX",Associate,No,Debate,9.9,5.7,81.2,67.2,59.8,52.1,60.08,Pass,D
Lucas Williams,"2112 Parkway Blvd, Columbus, OH",Bachelor's,No,Sports,9.9,7.3,79.7,56.5,70.7,53.9,60.7,Pass,D
Lucas Wilson,"7937 Highland Terrace, Seattle, WA",Master's,No,Drama,7.2,5.9,76.4,51.1,59.6,57.6,56.0,Pass,D
Amelia Johnson,"4654 Lakeview Dr, Seattle, WA",High School,Yes,Sports,9.1,8.1,78.7,67.8,59.3,63.4,63.53,Pass,D
Charlotte Davis,"9630 Highland Terrace, Columbus, OH",Associate,No,Music,14.0,6.5,73.4,65.7,69.3,53.0,63.16,Pass,D
Amelia Smith,"4537 Oak Ave, Chicago, IL",None,Yes,Volunteer,6.0,5.4,95.1,35.9,45.6,49.3,43.32,Fail,F
Sophia Anderson,"9627 Main St, Los Angeles, CA",None,No,None,3.1,8.2,81.8,44.6,61.1,44.4,50.32,Pass,D
Charlotte Garcia,"2269 Lakeview Dr, Portland, OR",None,No,Sports,6.5,6.5,73.6,58.3,57.3,57.5,57.69,Pass,D
Lucas Wilson,"9053 Parkway Blvd, Miami, FL",PhD,Yes,Debate,11.3,5.7,72.4,61.5,71.8,66.8,66.67,Pass,D
Harper Hernandez,"6881 Main St, Miami, FL",Master's,Yes,Drama,15.0,8.9,99.0,66.3,52.1,68.2,61.9,Pass,D
Olivia Gonzalez,"8973 Oak Ave, Denver, CO",Master's,No,Music,15.9,7.4,92.3,67.7,69.3,65.7,67.67,Pass,D
Harper Jones,"8386 Main St, Denver, CO",High School,Yes,Drama,6.9,7.3,89.6,68.6,62.9,54.3,62.34,Pass,D
Camila Johnson,"5723 Parkway Blvd, Phoenix, AZ",Bachelor's,No,None,21.6,6.2,92.1,75.2,74.0,81.6,76.72,Pass,C
Elijah Taylor,"2515 Oak Ave, Columbus, OH",Bachelor's,Yes,None,10.3,6.7,83.4,64.1,52.2,64.3,60.0,Pass,D
James Anderson,"1350 Oak Ave, Phoenix, AZ",None,Yes,Sports,12.8,7.1,100.0,64.4,67.5,67.4,66.37,Pass,D
Noah Johnson,"8798 Parkway Blvd, Los Angeles, CA",Master's,Yes,Music,21.2,5.8,87.5,55.0,51.7,68.3,57.87,Pass,D
Mia Moore,"919 Main St, New York, NY",Bachelor's,Yes,Debate,11.2,6.5,89.9,59.8,58.6,59.4,59.28,Pass,D
Sophia Johnson,"3795 Highland Terrace, Portland, OR",High School,No,Sports,6.7,6.3,91.0,50.9,59.1,49.7,53.42,Pass,D
Theodore Martin,"4225 Lakeview Dr, Phoenix, AZ",High School,No,None,12.9,7.2,79.7,80.3,67.7,57.8,69.14,Pass,D
Emma Thomas,"2928 Oak Ave, Los Angeles, CA",High School,No,Debate,9.1,8.7,75.0,49.0,53.8,44.5,49.31,Fail,F
Elijah Davis,"9235 Parkway Blvd, Chicago, IL",High School,Yes,Sports,4.8,7.3,75.9,44.1,46.9,39.5,43.67,Fail,F
Mia Martinez,"2464 Main St, Seattle, WA",Bachelor's,Yes,Debate,8.9,7.5,89.0,51.3,63.8,71.8,61.81,Pass,D
William Rodriguez,"6366 Oak Ave, Phoenix, AZ",High School,Yes,None,9.3,6.8,81.8,57.6,63.9,56.5,59.48,Pass,D
Luna Miller,"4849 Lakeview Dr, Chicago, IL",Associate,No,Sports,11.9,6.4,85.2,43.1,51.7,43.5,46.22,Fail,F
Sophia Taylor,"8277 Highland Terrace, Atlanta, GA",Master's,No,Sports,22.1,5.6,91.5,70.2,75.3,61.5,69.36,Pass,D
Elijah Anderson,"2823 Main St, Austin, TX",Associate,No,Volunteer,13.1,7.5,88.2,52.6,51.5,46.8,50.47,Pass,D
Mia Williams,"5231 Oak Ave, Phoenix, AZ",PhD,No,Debate,22.1,6.0,80.0,72.6,71.3,69.0,71.05,Pass,C
Elijah Martin,"3076 Parkway Blvd, Columbus, OH",Bachelor's,Yes,Music,14.8,5.2,91.4,48.7,54.1,56.3,52.89,Pass,D
Camila Hernandez,"3920 Lakeview Dr, New York, NY",High School,No,Debate,9.4,6.7,97.6,57.9,59.5,64.2,60.37,Pass,D
Harper Hernandez,"2721 Lakeview Dr, Seattle, WA",Master's,Yes,Sports,17.5,5.0,91.1,65.0,64.9,65.4,65.09,Pass,D
Evelyn Williams,"5822 Highland Terrace, New York, NY",None,Yes,Volunteer,12.0,6.7,97.0,59.6,58.6,64.1,60.62,Pass,D
Oliver Smith,"6143 Highland Terrace, Portland, OR",PhD,Yes,Music,19.2,4.7,93.0,73.9,80.5,70.3,75.12,Pass,C
Theodore Martinez,"1268 Lakeview Dr, Los Angeles, CA",Bachelor's,Yes,Sports,11.8,5.9,86.7,62.4,72.3,71.8,68.67,Pass,D
Oliver Jackson,"5274 Highland Terrace, Denver, CO",Bachelor's,Yes,Debate,8.1,8.3,85.4,64.1,55.6,50.0,56.92,Pass,D
Amelia Anderson,"2625 Parkway Blvd, Portland, OR",High School,No,None,8.9,7.3,94.4,58.9,65.6,67.0,63.68,Pass,D
Charlotte Johnson,"6276 Main St, New York, NY",Associate,No,Volunteer,6.9,6.2,69.1,47.2,54.7,40.8,47.91,Fail,F
Benjamin Smith,"9131 Lakeview Dr, Portland, OR",None,Yes,Music,2.7,8.7,100.0,60.0,55.3,63.9,59.5,Pass,D
Emma Davis,"8919 Main St, Portland, OR",None,No,Volunteer,2.9,6.2,87.9,42.0,48.1,44.2,44.8,Fail,F
Luna Davis,"2672 Main St, Columbus, OH",PhD,Yes,Music,13.9,7.1,89.4,78.9,79.6,78.9,79.15,Pass,C
Oliver Brown,"1349 Lakeview Dr, Seattle, WA",PhD,No,Volunteer,16.9,6.9,85.6,65.5,69.0,64.5,66.41,Pass,D
Emma Lopez,"2617 Parkway Blvd, Atlanta, GA",Master's,No,Volunteer,15.7,6.9,82.7,65.8,69.5,60.7,65.56,Pass,D
Harper Gonzalez,"238 Main St, Miami, FL",Master's,Yes,Volunteer,19.0,7.6,77.9,71.3,79.5,66.6,72.76,Pass,C
William Rodriguez,"8902 Main St, Atlanta, GA",Bachelor's,No,Drama,13.1,6.5,71.1,68.4,61.5,45.9,59.22,Pass,D
Oliver Smith,"6461 Oak Ave, Austin, TX",Master's,No,Debate,10.6,8.6,86.3,62.9,67.8,53.1,61.67,Pass,D
Benjamin Thomas,"5239 Highland Terrace, Chicago, IL",Associate,No,None,6.8,6.1,78.2,44.5,59.7,38.7,48.06,Fail,F
Henry Martinez,"5192 Main St, New York, NY",Master's,No,None,20.0,5.9,90.0,74.3,78.0,75.8,76.02,Pass,C
Oliver Miller,"3053 Main St, Miami, FL",Master's,Yes,None,10.8,8.7,96.5,60.4,63.7,56.7,60.46,Pass,D
Evelyn Jones,"1330 Oak Ave, Seattle, WA",High School,Yes,Drama,12.0,6.5,88.5,57.9,57.9,59.8,58.48,Pass,D
Noah Johnson,"2772 Highland Terrace, Miami, FL",Associate,Yes,Sports,3.1,7.3,84.3,47.2,51.0,52.6,50.14,Pass,D
Sophia Thomas,"9411 Main St, Atlanta, GA",None,No,Volunteer,8.0,4.9,86.3,55.7,52.9,60.9,56.27,Pass,D
Lucas Jones,"9735 Highland Terrace, New York, NY",Master's,No,Volunteer,11.5,7.4,83.0,43.0,49.3,53.5,48.35,Fail,F
Benjamin Brown,"2735 Highland Terrace, Portland, OR",PhD,Yes,Sports,21.5,6.1,80.5,71.7,74.2,67.9,71.45,Pass,C
Luna Smith,"3693 Parkway Blvd, Austin, TX",Bachelor's,No,Sports,19.7,7.9,75.8,70.7,78.3,67.3,72.31,Pass,C
Charlotte Smith,"188 Lakeview Dr, Austin, TX",High School,Yes,Volunteer,14.7,7.3,90.7,76.2,74.1,71.7,74.09,Pass,C
William Miller,"6588 Oak Ave, Atlanta, GA",None,Yes,Drama,14.3,7.2,83.6,73.2,64.6,68.6,68.8,Pass,D
Olivia Hernandez,"4526 Oak Ave, Seattle, WA",Master's,Yes,Volunteer,12.0,8.2,100.0,75.6,77.8,69.1,74.43,Pass,C
Liam Lopez,"2751 Parkway Blvd, Atlanta, GA",Master's,Yes,None,20.8,8.1,78.9,64.4,63.1,77.2,67.79,Pass,D
Theodore Martin,"1077 Parkway Blvd, Austin, TX",Bachelor's,No,Music,10.8,8.2,98.6,66.5,60.8,58.4,62.08,Pass,D
Lucas Wilson,"3821 Oak Ave, Chicago, IL",Master's,Yes,Volunteer,17.8,7.2,79.9,71.9,75.6,71.4,73.04,Pass,C
Camila Gonzalez,"3439 Oak Ave, Portland, OR",Bachelor's,No,None,12.1,7.6,75.7,54.9,51.0,46.2,50.94,Pass,D
Noah Taylor,"1968 Highland Terrace, Denver, CO",Bachelor's,Yes,Debate,13.8,5.8,78.6,52.6,69.0,64.7,61.99,Pass,D
Lucas Brown,"7211 Highland Terrace, Chicago, IL",Associate,Yes,Sports,16.1,5.3,72.4,68.7,67.0,55.3,64.08,Pass,D
Noah Miller,"8387 Oak Ave, Seattle, WA",High School,Yes,None,8.4,6.7,76.9,43.9,54.5,54.1,50.68,Pass,D
Camila Jones,"8956 Highland Terrace, Los Angeles, CA",PhD,Yes,Drama,15.4,4.5,91.4,66.5,73.4,68.2,69.43,Pass,D
Charlotte Anderson,"9931 Main St, Columbus, OH",Master's,No,Drama,7.8,6.4,92.3,57.5,68.4,64.6,63.47,Pass,D
Liam Gonzalez,"8177 Parkway Blvd, Boston, MA",None,Yes,Debate,16.2,6.2,97.7,76.7,74.2,84.8,78.24,Pass,C
Mia Jackson,"202 Highland Terrace, Seattle, WA",Master's,Yes,None,14.2,5.8,93.8,74.0,68.5,63.4,68.89,Pass,D
Elijah Davis,"2187 Parkway Blvd, Los Angeles, CA",Master's,No,Debate,18.6,6.8,89.6,70.2,69.7,63.7,68.07,Pass,D
Emma Anderson,"1913 Lakeview Dr, Atlanta, GA",Master's,No,Volunteer,19.3,5.4,95.6,69.2,68.1,53.8,64.18,Pass,D
Luna Davis,"4997 Lakeview Dr, Atlanta, GA",PhD,No,Music,15.0,8.3,83.9,69.1,66.2,65.1,66.9,Pass,D
Liam Jones,"6502 Parkway Blvd, Columbus, OH",Associate,No,Volunteer,12.2,6.9,91.9,68.6,70.5,60.3,66.77,Pass,D
Henry Garcia,"5898 Highland Terrace, Phoenix, AZ",None,Yes,Drama,13.5,8.6,100.0,56.2,56.7,59.5,57.38,Pass,D
Lucas Miller,"8410 Highland Terrace, Miami, FL",Master's,Yes,Drama,3.8,8.4,79.1,53.2,48.6,50.4,50.74,Pass,D
William Davis,"4570 Parkway Blvd, Phoenix, AZ",PhD,Yes,Debate,19.7,6.8,79.7,72.1,66.4,69.6,69.34,Pass,D
Sophia Jones,"468 Parkway Blvd, Phoenix, AZ",Associate,No,Music,6.0,7.5,91.5,54.9,50.4,41.6,49.36,Fail,F
Camila Wilson,"9770 Lakeview Dr, New York, NY",None,No,Volunteer,5.3,5.7,76.1,50.7,62.1,47.2,53.65,Pass,D
Camila Gonzalez,"453 Highland Terrace, Boston, MA",None,No,Drama,10.6,4.9,86.7,56.0,64.5,38.2,53.66,Pass,D
Harper Rodriguez,"5866 Highland Terrace, Atlanta, GA",Master's,No,Debate,3.6,8.0,84.2,41.4,50.9,47.0,46.4,Fail,F
Elijah Williams,"3270 Highland Terrace, Atlanta, GA",Master's,No,Sports,19.6,7.1,81.0,77.5,78.9,71.4,76.16,Pass,C
Evelyn Anderson,"4834 Parkway Blvd, Chicago, IL",Master's,No,Music,20.4,6.1,81.7,68.0,73.6,57.0,66.68,Pass,D
Henry Jackson,"8836 Main St, Atlanta, GA",Bachelor's,No,Volunteer,18.3,6.9,87.9,69.7,63.6,59.0,64.34,Pass,D
Luna Smith,"4851 Lakeview Dr, Miami, FL",None,Yes,None,9.1,7.1,94.5,64.1,67.4,65.0,65.53,Pass,D
Benjamin Gonzalez,"5452 Oak Ave, Austin, TX",None,Yes,Music,4.0,7.5,73.5,47.4,55.1,60.0,53.87,Pass,D
Henry Jones,"740 Parkway Blvd, Boston, MA",Bachelor's,No,Volunteer,12.0,7.3,78.5,62.8,67.6,61.4,64.05,Pass,D
Camila Johnson,"9018 Oak Ave, Austin, TX",Associate,No,Drama,11.4,6.3,76.7,54.5,50.5,55.4,53.37,Pass,D
Benjamin Brown,"108 Highland Terrace, Chicago, IL",Master's,Yes,None,18.2,6.2,82.4,78.8,77.0,72.5,76.29,Pass,C
Olivia Hernandez,"5099 Highland Terrace, Boston, MA",Master's,Yes,Volunteer,14.9,6.6,82.4,67.5,78.3,71.4,72.44,Pass,C
Camila Thomas,"1836 Highland Terrace, Miami, FL",Associate,No,Music,18.4,4.7,81.1,75.2,72.2,60.8,69.85,Pass,D
Liam Jones,"6171 Main St, Boston, MA",None,Yes,Music,11.1,6.7,75.5,67.6,57.0,60.4,61.75,Pass,D
Olivia Lopez,"6495 Parkway Blvd, Columbus, OH",None,No,None,2.1,8.2,86.6,23.9,34.8,33.9,30.68,Fail,F
James Smith,"6447 Lakeview Dr, Denver, CO",None,No,Volunteer,3.1,6.3,89.3,55.4,58.1,52.4,55.47,Pass,D
James Anderson,"4920 Parkway Blvd, Atlanta, GA",Bachelor's,Yes,Volunteer,13.2,6.6,83.7,65.8,66.7,60.0,64.35,Pass,D
Harper Smith,"2038 Highland Terrace, Portland, OR",Bachelor's,Yes,Debate,8.8,6.4,84.6,57.8,59.0,52.5,56.62,Pass,D
Olivia Smith,"3443 Parkway Blvd, Los Angeles, CA",Associate,Yes,Sports,13.6,6.3,83.2,57.5,67.3,67.5,63.95,Pass,D
Amelia Rodriguez,"5064 Lakeview Dr, Miami, FL",High School,Yes,Debate,13.1,8.3,60.0,55.6,56.1,53.0,55.0,Pass,D
Harper Rodriguez,"5718 Parkway Blvd, Portland, OR",Master's,No,Drama,10.8,7.4,99.7,73.6,70.6,59.9,68.43,Pass,D
Charlotte Martinez,"6290 Oak Ave, Austin, TX",High School,Yes,Drama,11.2,6.8,98.6,66.1,76.7,79.1,73.69,Pass,C
Mia Martin,"7246 Parkway Blvd, Phoenix, AZ",High School,No,Debate,7.0,6.7,93.1,58.2,56.4,62.3,58.79,Pass,D
Charlotte Garcia,"2146 Highland Terrace, Seattle, WA",None,No,Music,9.9,6.7,80.1,50.6,57.4,54.9,54.3,Pass,D
James Martinez,"581 Lakeview Dr, Boston, MA",Bachelor's,No,Debate,12.6,7.9,86.4,70.1,52.6,59.1,60.69,Pass,D
Henry Martinez,"4827 Lakeview Dr, Atlanta, GA",Associate,Yes,Volunteer,13.7,7.7,84.3,56.6,63.5,67.0,62.12,Pass,D
Evelyn Hernandez,"1679 Oak Ave, Seattle, WA",Master's,Yes,Drama,25.0,7.0,96.9,69.9,70.5,72.4,70.85,Pass,C
Liam Thomas,"2347 Lakeview Dr, Los Angeles, CA",Associate,No,Music,17.0,7.6,80.2,63.7,67.0,64.4,65.1,Pass,D
Emma Garcia,"9863 Main St, Columbus, OH",None,Yes,Debate,5.0,8.5,80.6,59.6,57.3,45.6,54.59,Pass,D
Oliver Garcia,"1213 Parkway Blvd, Los Angeles, CA",High School,Yes,None,9.9,6.5,81.9,74.2,75.4,75.0,74.86,Pass,C
Lucas Thomas,"7073 Lakeview Dr, Seattle, WA",Master's,Yes,Volunteer,13.8,7.2,100.0,60.2,57.2,66.6,61.09,Pass,D
Mia Moore,"5363 Highland Terrace, Denver, CO",Associate,Yes,Music,14.5,7.4,82.4,78.8,75.5,64.4,73.34,Pass,C
Theodore Martinez,"5773 Oak Ave, Seattle, WA",PhD,No,Sports,17.2,5.9,93.0,55.1,53.3,53.6,54.01,Pass,D
Henry Brown,"5468 Parkway Blvd, Atlanta, GA",Associate,Yes,Debate,16.2,6.1,86.5,68.9,57.4,70.6,65.37,Pass,D
Noah Johnson,"955 Highland Terrace, Denver, CO",PhD,Yes,Drama,21.6,6.5,83.4,81.4,78.2,72.3,77.56,Pass,C
Sophia Martin,"4332 Parkway Blvd, Los Angeles, CA",Bachelor's,No,Drama,11.5,7.7,73.3,54.4,53.3,45.0,51.18,Pass,D
Harper Davis,"3619 Lakeview Dr, Denver, CO",High School,No,Debate,17.7,7.6,78.7,62.2,46.1,64.6,57.3,Pass,D
Benjamin Martinez,"7657 Main St, Los Angeles, CA",Associate,No,None,7.9,5.9,84.7,68.1,56.3,53.3,59.51,Pass,D
Theodore Anderson,"4359 Lakeview Dr, Chicago, IL",Master's,Yes,Sports,15.3,8.8,98.7,62.4,66.6,66.6,65.09,Pass,D
William Davis,"8464 Highland Terrace, Boston, MA",None,Yes,Music,17.7,7.2,98.6,74.3,72.1,67.8,71.55,Pass,C
Emma Taylor,"7002 Main St, Chicago, IL",None,Yes,Music,14.0,8.7,75.5,63.0,71.3,62.7,65.81,Pass,D
Benjamin Martin,"7097 Main St, Seattle, WA",Master's,No,Volunteer,14.9,6.7,79.7,73.2,54.2,53.6,60.65,Pass,D
Luna Garcia,"1219 Lakeview Dr, Atlanta, GA",High School,No,Volunteer,5.7,8.3,100.0,53.1,50.3,58.6,53.78,Pass,D
Harper Miller,"4773 Highland Terrace, Austin, TX",Bachelor's,Yes,Drama,21.6,6.7,78.2,62.3,56.5,72.0,63.19,Pass,D
Noah Hernandez,"2102 Parkway Blvd, Seattle, WA",PhD,No,Debate,20.9,7.2,72.8,79.2,75.3,59.9,72.06,Pass,C
William Miller,"3809 Parkway Blvd, Denver, CO",Master's,Yes,Sports,15.5,5.1,75.5,73.8,82.2,62.4,73.3,Pass,C
Benjamin Jackson,"5936 Parkway Blvd, Los Angeles, CA",PhD,No,Music,20.4,6.5,72.3,67.8,74.6,69.0,70.55,Pass,C
Sophia Rodriguez,"8235 Main St, New York, NY",PhD,No,Debate,12.6,6.4,80.6,57.1,61.7,59.9,59.58,Pass,D
Henry Garcia,"6612 Highland Terrace, Phoenix, AZ",None,No,Music,8.0,6.9,85.6,51.5,60.7,52.4,55.0,Pass,D
James Gonzalez,"9728 Highland Terrace, Seattle, WA",Master's,No,Debate,16.5,7.2,78.9,62.7,52.7,54.0,56.58,Pass,D
Evelyn Rodriguez,"962 Highland Terrace, Denver, CO",Master's,Yes,None,21.1,6.5,71.4,67.8,57.2,52.9,59.62,Pass,D
Olivia Brown,"8820 Highland Terrace, Austin, TX",Master's,No,Debate,17.8,6.5,78.7,70.5,70.2,54.6,65.63,Pass,D
Amelia Jackson,"8804 Oak Ave, Austin, TX",PhD,No,Music,23.1,6.4,76.0,68.9,74.7,70.6,71.47,Pass,C
Emma Williams,"9839 Parkway Blvd, Atlanta, GA",PhD,No,Drama,11.0,8.4,90.0,70.1,71.2,60.5,67.6,Pass,D
Charlotte Martinez,"4637 Highland Terrace, New York, NY",Master's,No,Volunteer,19.9,5.8,88.3,72.6,79.4,68.5,73.76,Pass,C
Camila Anderson,"6173 Parkway Blvd, Phoenix, AZ",High School,No,Debate,7.8,8.7,96.9,64.1,67.5,55.1,62.58,Pass,D
William Jackson,"8618 Oak Ave, Denver, CO",Master's,Yes,Volunteer,14.4,8.4,85.4,67.5,64.3,55.1,62.64,Pass,D
Olivia Garcia,"1270 Parkway Blvd, Seattle, WA",PhD,No,None,17.0,6.9,93.8,69.6,54.3,51.0,58.66,Pass,D
Luna Martin,"1312 Oak Ave, Portland, OR",Associate,Yes,None,8.2,6.6,90.3,44.6,58.9,48.0,50.61,Pass,D
Camila Anderson,"7671 Main St, Los Angeles, CA",Associate,No,Drama,4.5,7.2,87.1,53.3,51.3,52.5,52.38,Pass,D
William Brown,"3476 Parkway Blvd, Miami, FL",Bachelor's,Yes,Volunteer,9.1,7.6,86.3,62.1,57.9,63.2,60.96,Pass,D
Henry Taylor,"1459 Oak Ave, Los Angeles, CA",PhD,Yes,None,11.8,7.0,73.8,47.0,50.9,58.8,51.92,Pass,D
Liam Miller,"8337 Lakeview Dr, Atlanta, GA",Bachelor's,Yes,Sports,11.0,7.2,85.7,50.9,58.4,59.5,56.12,Pass,D
Theodore Davis,"8155 Highland Terrace, Phoenix, AZ",None,No,Drama,7.7,6.3,79.9,61.9,60.1,53.4,58.72,Pass,D
Theodore Smith,"9485 Oak Ave, Austin, TX",None,No,Debate,5.3,5.6,87.0,50.1,54.8,45.9,50.49,Pass,D
Theodore Johnson,"5271 Oak Ave, Denver, CO",Master's,No,Debate,15.1,6.7,69.4,74.3,75.2,62.7,71.16,Pass,C
Theodore Miller,"6222 Main St, Chicago, IL",PhD,No,None,11.6,6.4,78.5,47.4,49.8,53.4,50.04,Pass,D
Benjamin Moore,"7713 Main St, Austin, TX",PhD,No,Music,19.0,8.0,98.1,88.2,81.5,76.1,82.23,Pass,B
Oliver Gonzalez,"2091 Main St, Austin, TX",Master's,Yes,Volunteer,14.1,7.7,85.7,63.9,61.0,62.7,62.55,Pass,D
Noah Smith,"8826 Oak Ave, Chicago, IL",Master's,No,Drama,17.7,5.9,69.8,74.6,67.0,57.9,66.93,Pass,D
Oliver Hernandez,"2086 Oak Ave, Denver, CO",PhD,No,Sports,14.9,5.9,90.6,65.1,66.2,62.4,64.68,Pass,D
Theodore Johnson,"8801 Lakeview Dr, Columbus, OH",Master's,Yes,Volunteer,17.1,6.1,79.3,81.1,66.1,65.4,71.15,Pass,C
Emma Johnson,"5469 Main St, Miami, FL",High School,No,Music,16.4,6.0,79.6,64.3,77.6,57.6,66.96,Pass,D
Lucas Miller,"1241 Lakeview Dr, New York, NY",PhD,No,Music,12.1,6.7,70.5,53.4,54.5,62.7,56.56,Pass,D
Henry Gonzalez,"7306 Main St, Seattle, WA",High School,No,Volunteer,13.7,6.9,93.2,65.6,69.6,64.0,66.49,Pass,D
Camila Gonzalez,"4119 Oak Ave, Phoenix, AZ",Associate,Yes,Volunteer,11.5,6.8,77.9,53.8,49.6,45.1,49.69,Fail,F
Olivia Smith,"5570 Highland Terrace, Portland, OR",Associate,No,Sports,18.2,7.8,81.9,53.4,57.7,51.3,54.27,Pass,D
Mia Martinez,"4135 Main St, Boston, MA",PhD,No,Debate,25.0,8.7,89.6,78.9,84.0,80.8,81.28,Pass,B
Henry Davis,"8084 Highland Terrace, Phoenix, AZ",High School,No,Drama,7.8,6.7,71.8,51.9,62.9,41.9,52.74,Pass,D
Emma Brown,"4854 Oak Ave, New York, NY",Bachelor's,Yes,None,5.7,7.3,80.7,53.7,56.4,56.7,55.54,Pass,D
Oliver Taylor,"7825 Parkway Blvd, Chicago, IL",High School,No,Sports,10.2,5.1,74.5,56.9,59.7,60.9,59.08,Pass,D
Charlotte Moore,"7011 Parkway Blvd, Phoenix, AZ",Bachelor's,Yes,Drama,12.2,6.7,88.9,65.5,72.2,73.9,70.36,Pass,C
Amelia Martinez,"8639 Main St, Seattle, WA",Bachelor's,No,Drama,14.3,6.9,100.0,71.5,63.1,62.7,65.94,Pass,D
Noah Wilson,"672 Main St, Los Angeles, CA",Master's,No,Drama,12.1,5.4,83.7,77.9,74.7,62.9,72.29,Pass,C
James Hernandez,"5008 Parkway Blvd, Atlanta, GA",Associate,Yes,Drama,12.6,6.5,98.8,71.4,74.2,75.1,73.49,Pass,C
Emma Johnson,"9278 Highland Terrace, Chicago, IL",None,Yes,Debate,5.6,7.1,74.8,25.7,27.6,53.2,34.65,Fail,F
James Smith,"2438 Parkway Blvd, Miami, FL",Bachelor's,Yes,Debate,13.5,7.1,88.6,72.6,64.9,68.3,68.62,Pass,D
Oliver Taylor,"4413 Lakeview Dr, Los Angeles, CA",PhD,No,Debate,11.8,6.6,97.8,69.7,66.6,69.8,68.65,Pass,D
Emma Taylor,"3866 Highland Terrace, Phoenix, AZ",Associate,Yes,Sports,6.7,7.1,75.9,52.6,54.7,37.7,48.88,Fail,F
Theodore Wilson,"835 Parkway Blvd, Phoenix, AZ",Bachelor's,No,Drama,1.0,8.1,93.0,47.4,52.4,49.9,49.87,Fail,F
Camila Smith,"2945 Oak Ave, Phoenix, AZ",Master's,No,Volunteer,16.7,7.9,82.7,62.4,57.7,49.8,56.98,Pass,D
Benjamin Anderson,"5341 Lakeview Dr, Miami, FL",None,Yes,Drama,13.3,7.3,80.4,59.7,48.0,50.4,52.8,Pass,D
Luna Anderson,"8143 Main St, Seattle, WA",Bachelor's,No,Music,13.1,8.6,100.0,68.0,73.2,61.1,67.75,Pass,D
Liam Wilson,"9274 Main St, Atlanta, GA",None,No,Drama,6.8,8.2,72.1,55.1,54.1,49.3,52.97,Pass,D
Olivia Miller,"3512 Highland Terrace, Miami, FL",Master's,Yes,Volunteer,11.1,6.5,88.4,50.2,51.8,51.9,51.28,Pass,D
Harper Miller,"7798 Parkway Blvd, Atlanta, GA",PhD,No,Volunteer,9.6,7.6,83.5,43.0,52.4,51.2,48.75,Fail,F
Amelia Davis,"6730 Lakeview Dr, Chicago, IL",Bachelor's,No,Sports,18.7,6.9,81.1,63.5,53.9,63.1,60.04,Pass,D
Elijah Brown,"238 Highland Terrace, Chicago, IL",None,Yes,Drama,7.1,8.5,91.0,43.6,49.2,61.5,50.95,Pass,D
James Taylor,"6967 Main St, Portland, OR",High School,Yes,Debate,12.7,6.6,74.5,61.9,58.3,53.2,58.05,Pass,D
Oliver Lopez,"2833 Main St, Miami, FL",Associate,Yes,None,16.4,8.4,85.6,65.6,60.2,70.7,65.23,Pass,D
Charlotte Davis,"670 Lakeview Dr, Los Angeles, CA",Bachelor's,No,Music,16.8,8.0,74.3,72.8,67.5,55.6,65.76,Pass,D
Liam Rodriguez,"1186 Main St, Miami, FL",None,No,None,10.4,7.6,87.3,63.9,56.9,50.2,57.32,Pass,D
Theodore Rodriguez,"9357 Oak Ave, Los Angeles, CA",High School,No,Drama,8.7,5.9,92.9,62.5,66.2,55.9,61.79,Pass,D
Amelia Moore,"1333 Main St, Portland, OR",Master's,No,None,11.9,6.6,79.6,67.4,60.2,49.0,59.35,Pass,D
Camila Martinez,"2466 Oak Ave, Los Angeles, CA",Associate,No,Sports,14.3,8.5,84.7,69.8,60.6,57.6,62.95,Pass,D
Theodore Moore,"2574 Parkway Blvd, Boston, MA",Associate,No,Music,4.3,5.2,88.4,56.7,59.2,53.9,56.71,Pass,D
Charlotte Garcia,"1380 Parkway Blvd, Denver, CO",Associate,Yes,Music,11.7,6.0,79.9,53.7,59.4,57.3,56.8,Pass,D
Sophia Smith,"3605 Oak Ave, Miami, FL",Bachelor's,Yes,Sports,16.1,5.4,91.6,75.7,71.6,73.7,73.63,Pass,C
Luna Martin,"680 Oak Ave, Austin, TX",Associate,No,Volunteer,9.5,7.5,95.6,60.2,49.1,54.8,54.73,Pass,D
Evelyn Brown,"6350 Oak Ave, Columbus, OH",None,No,Sports,14.0,6.6,69.5,71.9,65.0,54.2,64.19,Pass,D
Oliver Moore,"7450 Oak Ave, New York, NY",None,Yes,Sports,4.2,7.1,68.1,41.1,32.5,43.5,38.79,Fail,F
Olivia Martin,"3973 Parkway Blvd, Denver, CO",Bachelor's,Yes,Sports,13.0,7.4,68.9,64.1,63.1,59.2,62.27,Pass,D
Theodore Lopez,"6805 Highland Terrace, Chicago, IL",Master's,Yes,Sports,17.0,7.1,100.0,79.6,73.8,71.4,75.12,Pass,C
William Anderson,"5228 Main St, Boston, MA",None,Yes,Debate,3.1,5.0,88.1,44.9,53.2,60.7,52.52,Pass,D
Amelia Jones,"9325 Main St, Denver, CO",None,No,Music,7.1,8.0,86.6,55.8,66.7,54.8,59.33,Pass,D
Camila Anderson,"3204 Main St, Los Angeles, CA",PhD,No,Music,14.2,7.6,89.4,68.5,66.0,60.6,65.27,Pass,D
Charlotte Williams,"3445 Highland Terrace, Los Angeles, CA",Bachelor's,Yes,None,6.9,6.7,100.0,70.3,68.8,66.2,68.56,Pass,D
Benjamin Thomas,"6487 Parkway Blvd, Los Angeles, CA",High School,Yes,Sports,14.2,6.5,89.7,86.2,74.3,72.4,77.9,Pass,C
Liam Rodriguez,"4676 Parkway Blvd, Denver, CO",None,No,Sports,5.5,8.1,82.2,43.6,45.7,50.8,46.49,Fail,F
Theodore Garcia,"1220 Parkway Blvd, Atlanta, GA",None,No,Drama,4.9,8.4,74.1,51.9,45.5,41.6,46.58,Fail,F
Sophia Davis,"981 Oak Ave, New York, NY",High School,No,Drama,12.9,8.1,91.0,54.0,63.2,65.2,60.58,Pass,D
Oliver Garcia,"2462 Main St, Denver, CO",PhD,No,Sports,17.4,7.6,100.0,85.4,80.1,69.0,78.64,Pass,C
Oliver Hernandez,"3617 Highland Terrace, Seattle, WA",Associate,Yes,Music,11.7,5.2,82.9,49.8,53.9,60.8,54.54,Pass,D
Liam Jackson,"5098 Parkway Blvd, Miami, FL",Bachelor's,Yes,Debate,12.7,7.0,75.1,66.6,60.7,52.1,60.2,Pass,D
Camila Smith,"3092 Parkway Blvd, Chicago, IL",PhD,No,Drama,18.4,6.9,82.8,59.5,63.7,55.5,59.8,Pass,D
Emma Davis,"7805 Parkway Blvd, Seattle, WA",None,No,Volunteer,4.6,6.8,94.2,53.7,48.0,60.2,53.63,Pass,D
Sophia Moore,"2294 Lakeview Dr, Austin, TX",Associate,No,Volunteer,3.4,7.5,77.0,47.5,56.3,53.8,52.48,Pass,D
Luna Lopez,"6363 Main St, Los Angeles, CA",High School,Yes,Sports,12.2,4.8,78.1,63.6,63.9,71.8,66.16,Pass,D
Theodore Brown,"8898 Highland Terrace, Denver, CO",None,Yes,Debate,11.0,8.8,65.3,44.8,37.5,49.1,43.52,Fail,F
Luna Gonzalez,"4778 Highland Terrace, Columbus, OH",Master's,No,Drama,16.2,8.7,87.1,73.5,60.9,64.6,66.42,Pass,D
Harper Moore,"8516 Parkway Blvd, New York, NY",High School,Yes,Debate,4.3,9.3,78.0,52.0,57.9,52.8,54.31,Pass,D
Henry Johnson,"8295 Highland Terrace, Austin, TX",Associate,No,Debate,11.1,5.5,82.3,50.9,60.2,51.0,54.17,Pass,D
Elijah Smith,"3880 Parkway Blvd, Atlanta, GA",PhD,Yes,Volunteer,16.9,8.1,88.1,63.7,71.4,71.8,68.8,Pass,D
Emma Jackson,"8139 Lakeview Dr, Austin, TX",Master's,Yes,Sports,9.3,8.7,87.5,63.0,67.4,68.5,66.17,Pass,D
Evelyn Martinez,"924 Parkway Blvd, Austin, TX",Master's,Yes,Debate,22.3,7.5,90.0,63.0,73.1,71.8,69.18,Pass,D
Camila Jones,"5441 Oak Ave, Chicago, IL",Associate,No,Volunteer,9.8,6.3,75.1,62.9,60.6,65.6,62.9,Pass,D
Evelyn Rodriguez,"740 Highland Terrace, Boston, MA",High School,Yes,Music,9.2,5.2,81.1,67.5,73.6,60.8,67.61,Pass,D
Theodore Taylor,"5319 Lakeview Dr, New York, NY",Bachelor's,Yes,Music,14.7,7.2,100.0,68.4,68.9,61.6,66.52,Pass,D
Liam Garcia,"2827 Oak Ave, Los Angeles, CA",PhD,No,None,12.8,6.7,95.1,52.8,53.7,53.6,53.37,Pass,D
Oliver Smith,"5487 Main St, Denver, CO",High School,Yes,Sports,9.4,7.0,77.1,74.5,64.3,58.8,66.21,Pass,D
Olivia Smith,"9087 Highland Terrace, Austin, TX",Bachelor's,Yes,Drama,13.5,8.0,91.9,56.4,57.4,61.7,58.36,Pass,D
Henry Anderson,"9827 Main St, Chicago, IL",Master's,Yes,Sports,10.0,6.4,78.9,65.5,64.4,65.7,65.21,Pass,D
Benjamin Taylor,"9408 Main St, Phoenix, AZ",None,No,Sports,6.8,5.8,73.1,49.6,58.2,52.3,53.42,Pass,D
Henry Smith,"9596 Main St, Austin, TX",Bachelor's,Yes,Music,13.1,6.9,80.1,61.2,71.6,61.2,64.81,Pass,D
Oliver Thomas,"7583 Highland Terrace, Chicago, IL",PhD,No,None,19.3,5.3,90.7,70.5,61.3,59.0,63.81,Pass,D
Camila Johnson,"245 Highland Terrace, New York, NY",PhD,No,Drama,18.3,7.0,89.5,70.4,73.6,64.9,69.87,Pass,D
Luna Williams,"7067 Parkway Blvd, Atlanta, GA",Associate,No,Music,13.3,6.5,75.8,72.2,78.3,70.8,73.91,Pass,C
Olivia Johnson,"9876 Highland Terrace, Austin, TX",Master's,No,None,11.3,7.3,74.4,66.9,58.4,43.3,56.87,Pass,D
Amelia Davis,"2045 Main St, New York, NY",PhD,Yes,Debate,13.5,6.6,76.8,59.1,60.5,63.2,60.81,Pass,D
Noah Brown,"1495 Lakeview Dr, Atlanta, GA",None,No,None,1.0,6.8,74.4,46.3,53.3,45.4,48.45,Fail,F
Elijah Hernandez,"2418 Highland Terrace, Atlanta, GA",Associate,Yes,Sports,12.0,7.1,82.4,66.4,60.8,61.3,62.9,Pass,D
James Rodriguez,"297 Main St, Portland, OR",Associate,Yes,Drama,16.2,8.8,73.9,59.0,60.4,66.4,61.73,Pass,D
Amelia Rodriguez,"6835 Main St, New York, NY",Bachelor's,No,Debate,7.4,7.3,74.1,69.8,65.8,52.5,63.21,Pass,D
Theodore Martin,"4202 Lakeview Dr, Phoenix, AZ",Master's,No,Debate,15.3,6.6,88.6,47.9,52.8,45.8,49.02,Fail,F
Evelyn Anderson,"979 Main St, Seattle, WA",None,Yes,Drama,14.1,7.1,91.6,73.4,76.9,82.7,77.39,Pass,C
Liam Jones,"8932 Main St, Columbus, OH",PhD,Yes,Music,16.8,7.5,94.2,77.3,79.9,76.1,77.81,Pass,C
Amelia Taylor,"9872 Lakeview Dr, Boston, MA",None,Yes,Debate,8.6,6.5,82.5,57.3,54.1,57.2,56.14,Pass,D
Oliver Johnson,"5779 Highland Terrace, Atlanta, GA",None,No,Drama,6.0,6.8,100.0,50.5,53.9,59.2,54.29,Pass,D
William Jones,"3825 Lakeview Dr, Boston, MA",PhD,Yes,Debate,15.1,8.1,83.9,68.7,64.0,68.4,66.97,Pass,D
Sophia Garcia,"5743 Parkway Blvd, Chicago, IL",None,Yes,Drama,7.3,7.5,96.8,53.7,65.0,60.6,59.74,Pass,D
Noah Garcia,"1651 Highland Terrace, Phoenix, AZ",High School,No,Sports,13.6,7.4,84.1,64.5,57.4,58.7,60.29,Pass,D
Luna Brown,"6959 Main St, Portland, OR",PhD,Yes,None,12.2,6.2,89.5,75.4,76.1,67.8,73.37,Pass,C
William Lopez,"393 Lakeview Dr, Phoenix, AZ",PhD,No,Sports,20.4,7.7,92.1,93.2,81.8,78.5,84.8,Pass,B
Olivia Johnson,"9956 Oak Ave, Boston, MA",High School,Yes,Drama,8.4,8.2,89.6,56.7,60.5,57.4,58.26,Pass,D
Evelyn Wilson,"981 Main St, Austin, TX",High School,Yes,Volunteer,13.1,7.0,84.7,47.0,51.3,60.5,52.53,Pass,D
Oliver Anderson,"585 Main St, Los Angeles, CA",PhD,Yes,Music,16.1,5.8,87.1,70.7,60.8,62.0,64.66,Pass,D
Oliver Jackson,"7099 Main St, Columbus, OH",Associate,Yes,Music,10.3,7.0,81.5,46.9,57.5,58.7,54.14,Pass,D
Liam Rodriguez,"6231 Main St, Atlanta, GA",Bachelor's,No,Debate,11.1,6.7,79.2,50.4,53.3,57.9,53.65,Pass,D
William Davis,"4336 Lakeview Dr, Columbus, OH",Bachelor's,Yes,Drama,19.5,6.6,82.0,71.5,70.2,66.7,69.58,Pass,D
Charlotte Jones,"6964 Oak Ave, Boston, MA",PhD,No,Debate,16.1,8.3,79.9,77.3,72.8,63.6,71.59,Pass,C
Liam Brown,"1543 Lakeview Dr, Phoenix, AZ",High School,Yes,Drama,17.4,6.4,92.6,77.2,77.8,68.2,74.68,Pass,C
Harper Miller,"5164 Parkway Blvd, Columbus, OH",High School,No,Music,14.4,5.7,66.8,58.4,60.0,45.9,55.2,Pass,D
Mia Moore,"1461 Parkway Blvd, New York, NY",Bachelor's,Yes,Music,17.6,7.9,85.7,65.8,63.7,71.5,66.8,Pass,D
William Brown,"2167 Parkway Blvd, Columbus, OH",PhD,Yes,Debate,11.3,8.6,77.0,55.9,65.6,58.1,59.97,Pass,D
Lucas Smith,"6522 Parkway Blvd, Atlanta, GA",PhD,No,Drama,17.2,5.5,64.0,65.0,59.0,60.8,61.64,Pass,D
Henry Jones,"4622 Main St, Seattle, WA",Master's,No,Debate,17.3,6.6,71.2,51.2,64.4,44.2,53.71,Pass,D
Luna Anderson,"4516 Highland Terrace, Atlanta, GA",Associate,No,Debate,4.1,7.4,100.0,52.1,62.6,53.8,56.26,Pass,D
Noah Garcia,"1084 Oak Ave, Phoenix, AZ",Associate,Yes,Sports,11.5,6.5,90.6,61.7,67.9,65.6,65.01,Pass,D
Evelyn Brown,"5069 Highland Terrace, Atlanta, GA",Master's,No,Drama,9.4,6.3,100.0,64.3,62.5,51.9,59.96,Pass,D
Oliver Jones,"5231 Lakeview Dr, Chicago, IL",High School,No,Sports,11.0,6.8,98.4,73.2,62.5,63.2,66.46,Pass,D
Sophia Wilson,"6299 Highland Terrace, Columbus, OH",High School,Yes,Music,8.5,6.4,89.7,53.4,46.7,58.6,52.61,Pass,D
Noah Hernandez,"7191 Lakeview Dr, Portland, OR",Master's,No,Music,19.1,4.9,81.6,81.7,76.5,64.0,74.56,Pass,C
Mia Rodriguez,"2919 Main St, Phoenix, AZ",Bachelor's,No,Drama,18.7,7.5,73.6,66.6,61.8,61.0,63.24,Pass,D
Noah Brown,"8178 Oak Ave, Los Angeles, CA",Master's,Yes,Volunteer,13.8,7.6,82.6,77.6,72.4,68.9,73.17,Pass,C
Oliver Anderson,"141 Parkway Blvd, Chicago, IL",High School,No,Music,6.9,7.7,73.6,36.5,37.9,38.4,37.6,Fail,F
William Jackson,"8299 Highland Terrace, Miami, FL",High School,Yes,Volunteer,16.2,8.6,98.0,68.1,64.6,74.3,68.72,Pass,D
Benjamin Rodriguez,"6977 Highland Terrace, Phoenix, AZ",None,No,Debate,4.5,7.5,79.0,40.7,46.3,36.6,41.43,Fail,F
Elijah Smith,"1711 Main St, Denver, CO",None,Yes,Sports,1.9,8.2,75.7,52.8,52.0,52.7,52.49,Pass,D
Charlotte Lopez,"3312 Lakeview Dr, Miami, FL",None,Yes,Music,4.9,5.5,81.4,47.7,49.3,46.8,47.98,Fail,F
Liam Brown,"6677 Main St, Columbus, OH",Associate,No,Sports,13.4,6.5,91.9,73.9,77.6,68.3,73.55,Pass,C
Amelia Thomas,"1746 Highland Terrace, Seattle, WA",Bachelor's,Yes,Sports,12.2,7.6,80.0,63.6,74.8,61.4,66.85,Pass,D
James Garcia,"3403 Main St, Austin, TX",Master's,No,Volunteer,12.4,7.9,89.8,67.2,61.2,57.2,62.08,Pass,D
Theodore Martin,"910 Main St, Phoenix, AZ",None,No,Sports,1.0,7.1,96.3,36.7,54.2,42.6,44.59,Fail,F
Liam Miller,"7879 Main St, Miami, FL",High School,Yes,None,6.7,5.6,64.8,48.3,56.2,53.5,52.63,Pass,D
Harper Brown,"7745 Highland Terrace, Phoenix, AZ",Bachelor's,Yes,None,5.0,7.2,97.7,53.2,62.9,65.6,60.33,Pass,D
Emma Gonzalez,"5912 Highland Terrace, Seattle, WA",None,No,Sports,7.0,8.0,75.0,51.6,69.8,54.3,58.8,Pass,D
Theodore Martinez,"7745 Highland Terrace, Portland, OR",Associate,No,Sports,6.1,7.1,72.2,43.2,38.8,40.7,40.89,Fail,F
Emma Williams,"7268 Lakeview Dr, Chicago, IL",High School,No,Volunteer,12.4,6.6,84.5,46.8,52.2,49.0,49.34,Fail,F
Charlotte Brown,"7842 Oak Ave, Austin, TX",Master's,No,Volunteer,15.7,6.5,92.9,60.7,74.9,59.8,65.39,Pass,D
Liam Thomas,"7767 Highland Terrace, Seattle, WA",None,Yes,Debate,7.8,6.5,88.0,46.0,48.8,60.8,51.44,Pass,D
Emma Wilson,"7091 Main St, Los Angeles, CA",Master's,Yes,Volunteer,11.1,6.7,75.4,58.9,60.6,58.9,59.51,Pass,D
Harper Jones,"3422 Highland Terrace, Seattle, WA",Master's,No,Drama,13.3,5.9,92.3,57.0,63.0,61.1,60.34,Pass,D
Harper Thomas,"8873 Oak Ave, Los Angeles, CA",Bachelor's,No,Music,11.4,7.5,71.8,62.8,69.2,53.5,62.26,Pass,D
Olivia Anderson,"9269 Main St, New York, NY",None,Yes,Drama,4.3,7.2,66.2,57.2,53.8,54.0,55.05,Pass,D
Luna Smith,"9095 Lakeview Dr, Portland, OR",Associate,No,Volunteer,12.4,7.8,60.8,55.4,54.1,49.7,53.21,Pass,D
Olivia Smith,"4308 Lakeview Dr, Seattle, WA",High School,Yes,Music,7.1,6.4,85.1,52.1,46.3,54.5,50.77,Pass,D
Henry Garcia,"2091 Parkway Blvd, Seattle, WA",Master's,Yes,Debate,12.4,5.4,86.4,51.2,58.8,50.9,53.78,Pass,D
Camila Gonzalez,"5873 Parkway Blvd, Atlanta, GA",Associate,No,None,15.8,6.2,80.1,77.4,68.4,57.3,68.24,Pass,D
Harper Smith,"7349 Lakeview Dr, New York, NY",None,No,Volunteer,7.5,6.4,85.9,58.0,46.2,45.0,49.97,Fail,F
Emma Davis,"6074 Oak Ave, Phoenix, AZ",None,No,Sports,3.4,7.1,73.0,43.3,50.5,43.4,45.87,Fail,F
Emma Wilson,"2478 Parkway Blvd, Miami, FL",None,Yes,Debate,1.0,5.8,86.4,38.8,41.1,46.5,41.9,Fail,F
Liam Miller,"6063 Main St, Chicago, IL",PhD,No,Music,16.8,8.2,77.7,56.6,63.5,63.1,60.96,Pass,D
Sophia Miller,"1943 Highland Terrace, Columbus, OH",Master's,Yes,Volunteer,11.1,6.0,76.9,63.9,57.7,62.1,61.19,Pass,D
Oliver Martinez,"4897 Highland Terrace, Atlanta, GA",None,Yes,Sports,17.5,6.2,88.1,64.1,69.2,69.0,67.37,Pass,D
Liam Martinez,"7064 Highland Terrace, Los Angeles, CA",None,Yes,Drama,5.1,6.5,88.0,42.9,33.1,49.5,41.44,Fail,F
Amelia Johnson,"1753 Lakeview Dr, Seattle, WA",None,No,Debate,11.8,7.3,69.3,59.7,56.0,54.2,56.76,Pass,D
Mia Moore,"4864 Parkway Blvd, New York, NY",PhD,Yes,Music,19.7,5.8,90.1,64.5,64.8,66.8,65.3,Pass,D
Camila Hernandez,"5176 Highland Terrace, Chicago, IL",None,Yes,Sports,10.8,6.7,85.5,56.4,72.8,63.2,64.19,Pass,D
William Smith,"4624 Parkway Blvd, Los Angeles, CA",Bachelor's,No,Music,13.8,7.6,100.0,68.8,73.8,69.4,70.76,Pass,C
Harper Taylor,"7054 Main St, Phoenix, AZ",Associate,No,Music,9.5,7.0,71.3,50.4,45.0,56.2,50.24,Pass,D
Luna Hernandez,"1921 Oak Ave, Denver, CO",Master's,Yes,Debate,11.7,7.1,68.7,56.4,61.6,56.4,58.21,Pass,D
Harper Hernandez,"2295 Oak Ave, Los Angeles, CA",Master's,No,Volunteer,21.7,6.7,89.4,70.1,69.6,55.5,65.51,Pass,D
Harper Taylor,"5692 Lakeview Dr, Los Angeles, CA",Associate,Yes,Debate,9.2,6.3,90.1,55.7,68.8,67.6,63.87,Pass,D
Olivia Martin,"2734 Oak Ave, Boston, MA",PhD,No,Sports,20.6,6.3,84.3,49.0,47.3,47.2,47.85,Fail,F
Oliver Martinez,"7229 Lakeview Dr, Miami, FL",Associate,No,Debate,5.6,7.3,74.6,42.8,47.4,42.1,44.17,Fail,F
Lucas Jones,"5967 Main St, Austin, TX",Bachelor's,Yes,Sports,15.0,7.6,75.0,49.8,51.4,54.3,51.71,Pass,D
Lucas Miller,"8292 Parkway Blvd, Austin, TX",None,No,Debate,8.7,8.9,85.2,51.0,56.6,51.4,53.06,Pass,D
Elijah Thomas,"3866 Parkway Blvd, Atlanta, GA",PhD,Yes,Music,13.1,6.4,91.9,51.8,45.5,53.2,50.01,Pass,D
Emma Thomas,"5128 Oak Ave, Denver, CO",Master's,Yes,Music,17.6,6.5,68.3,68.7,59.2,49.9,59.7,Pass,D
Lucas Martinez,"5043 Highland Terrace, Los Angeles, CA",Associate,No,None,13.9,5.3,93.7,80.9,70.0,64.8,72.22,Pass,C
Charlotte Gonzalez,"2754 Highland Terrace, Austin, TX",High School,No,Drama,13.8,7.5,83.2,59.5,58.7,50.4,56.45,Pass,D
Henry Taylor,"2516 Parkway Blvd, New York, NY",High School,No,Sports,4.1,7.4,89.1,66.7,71.1,57.9,65.57,Pass,D
Lucas Wilson,"4207 Oak Ave, New York, NY",None,No,None,15.1,5.9,84.3,66.7,61.8,64.1,64.22,Pass,D
Henry Miller,"7935 Main St, Seattle, WA",PhD,Yes,Drama,15.5,8.0,68.8,60.5,60.5,64.6,61.72,Pass,D
James Moore,"7896 Parkway Blvd, New York, NY",PhD,Yes,Drama,17.7,8.8,84.3,71.2,75.0,72.6,72.95,Pass,C
Camila Jones,"8767 Parkway Blvd, Chicago, IL",PhD,No,Volunteer,15.3,6.5,100.0,57.9,62.5,56.7,59.11,Pass,D
Olivia Wilson,"594 Lakeview Dr, Portland, OR",Master's,No,Volunteer,13.1,6.9,99.3,54.1,54.2,69.8,58.84,Pass,D
Amelia Garcia,"5582 Lakeview Dr, Austin, TX",High School,No,Sports,11.7,7.3,77.3,65.0,54.8,55.7,58.65,Pass,D
Mia Smith,"8698 Highland Terrace, Portland, OR",High School,No,Music,18.1,6.6,87.7,60.8,58.6,55.3,58.37,Pass,D
Theodore Wilson,"1473 Lakeview Dr, Columbus, OH",Master's,No,Debate,14.6,7.5,83.6,47.3,45.9,48.1,47.07,Fail,F
Elijah Smith,"3243 Lakeview Dr, Denver, CO",Bachelor's,No,Sports,13.6,8.1,66.4,53.4,44.6,49.0,49.0,Fail,F
Harper Taylor,"7691 Parkway Blvd, Phoenix, AZ",PhD,No,Drama,12.0,7.3,64.8,53.6,62.7,51.5,56.14,Pass,D
Elijah Garcia,"1361 Highland Terrace, New York, NY",PhD,Yes,Music,23.2,4.0,90.8,72.3,65.4,67.8,68.53,Pass,D
Benjamin Rodriguez,"3064 Parkway Blvd, Seattle, WA",High School,No,None,11.4,8.1,87.6,63.0,63.6,57.6,61.57,Pass,D
Oliver Anderson,"3479 Oak Ave, Columbus, OH",None,Yes,Music,6.7,5.1,82.1,65.5,61.9,76.3,67.51,Pass,D
Oliver Thomas,"1843 Main St, Los Angeles, CA",Bachelor's,No,None,13.4,5.9,90.5,63.5,62.4,56.7,61.05,Pass,D
Harper Wilson,"2077 Parkway Blvd, Phoenix, AZ",None,No,Music,4.4,8.5,87.7,53.6,58.8,67.2,59.5,Pass,D
Olivia Martinez,"8999 Lakeview Dr, Seattle, WA",None,No,Drama,6.0,6.4,93.0,48.6,66.1,50.0,55.15,Pass,D
Luna Gonzalez,"9167 Oak Ave, Phoenix, AZ",None,No,Music,6.0,5.6,100.0,74.9,75.5,70.8,73.86,Pass,C
Emma Wilson,"228 Oak Ave, Phoenix, AZ",Master's,Yes,Music,13.0,6.9,71.9,66.8,63.0,64.8,64.9,Pass,D
Liam Garcia,"6870 Highland Terrace, Columbus, OH",Master's,Yes,Sports,11.4,6.7,88.9,59.3,67.8,60.1,62.52,Pass,D
Elijah Garcia,"6612 Lakeview Dr, Portland, OR",Bachelor's,Yes,Sports,13.3,7.2,98.7,65.6,62.4,65.0,64.28,Pass,D
Evelyn Moore,"1270 Parkway Blvd, Austin, TX",Bachelor's,Yes,Music,14.2,8.3,82.0,61.5,54.7,76.8,63.7,Pass,D
Noah Gonzalez,"7401 Main St, Chicago, IL",Associate,Yes,Sports,16.3,7.9,99.0,67.2,69.7,62.6,66.73,Pass,D
Sophia Jackson,"3518 Oak Ave, Chicago, IL",Bachelor's,No,Music,9.6,7.1,82.5,68.3,66.8,69.8,68.2,Pass,D
Elijah Rodriguez,"9562 Oak Ave, New York, NY",None,No,Music,9.3,8.1,81.0,59.5,71.0,57.9,63.04,Pass,D
Theodore Rodriguez,"7198 Oak Ave, Boston, MA",Master's,Yes,Volunteer,14.5,8.2,85.7,83.3,80.1,74.7,79.58,Pass,C
Amelia Jackson,"6615 Lakeview Dr, Austin, TX",Associate,Yes,Music,9.0,6.1,88.0,62.5,64.5,52.7,60.25,Pass,D
Mia Martin,"9111 Lakeview Dr, Columbus, OH",None,Yes,None,9.7,7.4,84.2,50.8,55.0,64.8,56.47,Pass,D
Camila Davis,"7669 Oak Ave, Seattle, WA",Bachelor's,Yes,Volunteer,14.4,7.0,79.5,51.9,67.3,71.8,63.28,Pass,D
Noah Garcia,"2031 Parkway Blvd, Phoenix, AZ",High School,No,None,6.2,8.5,89.4,46.8,43.3,46.7,45.57,Fail,F
Olivia Martinez,"7132 Main St, Phoenix, AZ",High School,No,None,7.3,6.1,82.0,43.3,49.5,47.9,46.83,Fail,F
Evelyn Anderson,"5525 Oak Ave, New York, NY",Bachelor's,Yes,Volunteer,14.6,7.7,81.2,59.5,52.5,60.1,57.23,Pass,D
Sophia Lopez,"9735 Parkway Blvd, Chicago, IL",Associate,No,Sports,16.3,7.4,77.0,59.9,54.7,59.6,58.0,Pass,D
Lucas Smith,"9047 Parkway Blvd, Atlanta, GA",Associate,Yes,Debate,4.2,6.1,60.0,47.5,48.6,40.3,45.75,Fail,F
Harper Lopez,"455 Oak Ave, New York, NY",None,Yes,None,6.1,6.1,71.7,52.2,51.6,51.8,51.86,Pass,D
Emma Jackson,"9848 Main St, Seattle, WA",High School,Yes,Sports,10.4,7.8,62.0,47.3,39.2,55.6,46.95,Fail,F
Mia Martinez,"633 Lakeview Dr, Chicago, IL",Associate,Yes,Volunteer,13.1,5.8,90.6,52.8,45.4,42.5,47.13,Fail,F
Amelia Garcia,"5809 Oak Ave, Seattle, WA",High School,Yes,Music,7.5,7.1,91.4,49.6,46.4,52.0,49.23,Fail,F
Liam Garcia,"5957 Main St, Chicago, IL",None,Yes,Drama,3.1,7.1,79.1,38.0,42.3,50.6,43.29,Fail,F
William Lopez,"1959 Highland Terrace, Austin, TX",PhD,Yes,Drama,10.7,7.3,90.6,58.8,61.6,62.4,60.84,Pass,D
Sophia Hernandez,"647 Oak Ave, Columbus, OH",Bachelor's,No,None,22.6,6.4,72.2,79.3,72.0,67.6,73.24,Pass,C
James Martin,"4123 Oak Ave, Chicago, IL",High School,No,Music,15.5,8.3,74.9,71.1,58.3,61.4,63.71,Pass,D
Henry Garcia,"7091 Oak Ave, Phoenix, AZ",None,Yes,Drama,5.6,6.0,66.1,50.9,53.0,48.7,50.96,Pass,D
Theodore Moore,"3876 Main St, Portland, OR",High School,No,Drama,13.8,6.3,86.5,71.1,71.5,66.3,69.8,Pass,D
Noah Garcia,"1042 Parkway Blvd, Phoenix, AZ",Associate,No,Drama,5.6,5.1,79.9,59.2,56.8,55.1,57.12,Pass,D
Camila Martin,"2293 Main St, Phoenix, AZ",None,Yes,Music,13.6,7.8,73.1,52.8,50.8,52.0,51.85,Pass,D
Harper Gonzalez,"1332 Parkway Blvd, Chicago, IL",Bachelor's,No,Volunteer,18.2,5.7,85.1,64.5,65.9,64.8,65.11,Pass,D
Mia Rodriguez,"1174 Main St, Seattle, WA",Bachelor's,Yes,Volunteer,10.8,7.9,85.2,48.8,59.2,55.9,54.59,Pass,D
Elijah Williams,"3428 Parkway Blvd, Phoenix, AZ",Associate,Yes,Volunteer,19.0,7.8,83.0,72.8,61.7,57.7,64.39,Pass,D
Oliver Garcia,"7412 Main St, New York, NY",PhD,Yes,Sports,11.7,8.0,68.4,57.0,58.2,70.2,61.37,Pass,D
Harper Lopez,"6666 Oak Ave, Chicago, IL",Bachelor's,No,Debate,8.0,6.8,80.4,39.6,39.9,51.7,43.34,Fail,F
William Jones,"8434 Parkway Blvd, Portland, OR",Associate,No,Sports,13.3,7.3,83.6,69.0,59.5,60.4,63.1,Pass,D
Oliver Smith,"7075 Main St, Phoenix, AZ",Bachelor's,Yes,Sports,19.2,7.1,100.0,84.6,64.8,84.6,77.69,Pass,C
Liam Jackson,"2694 Highland Terrace, Phoenix, AZ",Associate,No,Music,10.0,6.8,89.4,55.6,64.0,51.2,57.19,Pass,D
Elijah Johnson,"2823 Main St, Chicago, IL",None,No,None,15.3,8.9,90.3,64.7,53.7,60.2,59.51,Pass,D
Amelia Hernandez,"262 Lakeview Dr, Denver, CO",None,No,Music,8.0,5.4,84.2,44.9,61.8,49.6,52.23,Pass,D
Oliver Brown,"1821 Lakeview Dr, Phoenix, AZ",High School,Yes,Volunteer,17.3,6.9,81.0,72.0,63.9,61.5,66.02,Pass,D
Lucas Thomas,"7652 Oak Ave, Phoenix, AZ",Associate,No,Volunteer,7.3,7.2,75.5,35.4,50.9,34.0,40.39,Fail,F
Oliver Lopez,"4217 Oak Ave, Columbus, OH",High School,Yes,Volunteer,10.9,7.7,93.1,58.2,70.7,68.3,65.61,Pass,D
Luna Davis,"4267 Lakeview Dr, Columbus, OH",PhD,Yes,Volunteer,17.8,4.3,100.0,63.3,59.4,67.6,63.21,Pass,D
Charlotte Smith,"8992 Parkway Blvd, Miami, FL",Bachelor's,Yes,Debate,10.6,8.6,91.9,71.6,56.0,52.1,60.29,Pass,D
Harper Gonzalez,"3348 Oak Ave, Phoenix, AZ",High School,Yes,Volunteer,16.4,8.6,93.1,71.5,69.3,72.0,70.89,Pass,C
Theodore Moore,"5904 Main St, New York, NY",Associate,Yes,Music,13.7,8.0,94.7,66.0,65.3,69.0,66.67,Pass,D
William Anderson,"8994 Lakeview Dr, Columbus, OH",Bachelor's,No,Sports,13.8,7.2,85.5,51.7,54.4,47.3,51.3,Pass,D
Benjamin Hernandez,"8348 Lakeview Dr, Portland, OR",PhD,Yes,None,17.9,6.3,86.5,81.0,76.9,69.7,76.16,Pass,C
Luna Garcia,"7263 Parkway Blvd, Denver, CO",High School,No,Music,12.5,7.5,90.5,63.0,68.4,65.1,65.53,Pass,D
Liam Taylor,"6619 Parkway Blvd, Miami, FL",High School,Yes,Drama,7.7,6.5,74.4,66.6,59.6,68.4,64.69,Pass,D
Sophia Miller,"5324 Lakeview Dr, Portland, OR",None,No,Music,7.0,6.9,84.3,48.7,49.0,53.7,50.3,Pass,D
Luna Garcia,"3107 Lakeview Dr, Seattle, WA",None,Yes,Volunteer,17.8,6.6,80.7,71.3,79.5,75.3,75.35,Pass,C
Charlotte Lopez,"6747 Oak Ave, Columbus, OH",Associate,No,Music,7.4,7.4,94.5,54.5,48.8,41.9,48.75,Fail,F
Luna Wilson,"9749 Lakeview Dr, Chicago, IL",High School,Yes,Sports,12.8,6.6,100.0,71.3,65.2,56.3,64.66,Pass,D
Charlotte Garcia,"4581 Main St, Chicago, IL",Associate,Yes,Volunteer,14.5,7.6,60.7,67.0,61.8,57.8,62.43,Pass,D
Liam Smith,"6940 Parkway Blvd, Phoenix, AZ",High School,No,Sports,9.1,6.3,73.2,51.1,54.7,47.0,51.15,Pass,D
Oliver Wilson,"104 Lakeview Dr, New York, NY",Associate,Yes,Volunteer,14.0,6.5,88.7,62.1,57.5,61.6,60.35,Pass,D
Mia Wilson,"3132 Main St, Chicago, IL",Bachelor's,No,None,10.6,6.9,73.3,55.6,61.5,55.1,57.48,Pass,D
Olivia Smith,"3894 Highland Terrace, Columbus, OH",None,Yes,None,10.1,8.2,83.2,44.1,47.8,54.4,48.51,Fail,F
Noah Jackson,"4124 Lakeview Dr, Chicago, IL",High School,Yes,Music,10.0,8.2,69.3,53.3,49.5,58.4,53.5,Pass,D
Charlotte Martinez,"1634 Main St, Boston, MA",Master's,Yes,Debate,13.3,6.6,94.1,48.1,50.3,46.1,48.28,Fail,F
Liam Johnson,"448 Highland Terrace, New York, NY",High School,No,Debate,9.5,6.7,82.3,61.1,65.5,56.7,61.31,Pass,D
Olivia Hernandez,"4703 Parkway Blvd, New York, NY",None,No,Sports,10.3,7.2,90.0,56.7,52.8,56.2,55.19,Pass,D
Harper Wilson,"6504 Lakeview Dr, Seattle, WA",High School,No,Sports,12.3,6.9,77.5,74.6,61.1,59.5,65.36,Pass,D
Liam Jackson,"3839 Parkway Blvd, Denver, CO",High School,Yes,Drama,6.5,7.4,93.7,48.9,58.2,56.8,54.56,Pass,D
Evelyn Williams,"7073 Oak Ave, Boston, MA",High School,Yes,Music,7.1,7.9,89.4,46.8,54.3,62.4,54.1,Pass,D
James Wilson,"303 Highland Terrace, Los Angeles, CA",Associate,No,None,12.4,6.9,93.3,61.9,67.7,56.0,62.15,Pass,D
Noah Wilson,"2348 Oak Ave, Miami, FL",PhD,Yes,Debate,19.9,4.5,93.4,73.1,69.9,73.4,72.06,Pass,C
Mia Rodriguez,"2005 Oak Ave, Miami, FL",Bachelor's,Yes,Debate,12.7,7.7,76.4,67.4,54.9,52.2,58.45,Pass,D
Harper Gonzalez,"6031 Parkway Blvd, Atlanta, GA",Bachelor's,Yes,Debate,12.9,5.8,96.7,62.1,55.0,73.4,63.0,Pass,D
James Rodriguez,"4889 Oak Ave, Phoenix, AZ",Master's,Yes,Drama,13.1,5.8,71.8,63.6,55.7,60.8,60.02,Pass,D
Evelyn Williams,"5470 Lakeview Dr, Boston, MA",None,No,Sports,6.6,7.4,75.4,57.1,73.6,64.9,65.25,Pass,D
Noah Thomas,"9350 Oak Ave, Phoenix, AZ",High School,No,None,6.4,6.7,80.7,52.7,58.1,44.2,52.04,Pass,D
Charlotte Johnson,"4802 Highland Terrace, Seattle, WA",High School,No,Drama,12.5,5.9,79.9,67.3,61.7,65.6,64.85,Pass,D
Elijah Rodriguez,"8229 Oak Ave, Los Angeles, CA",High School,No,Drama,12.2,6.4,84.2,53.9,60.3,45.9,53.75,Pass,D
Evelyn Hernandez,"8308 Parkway Blvd, Chicago, IL",Master's,No,Debate,12.0,6.3,84.6,49.6,53.8,63.2,55.15,Pass,D
Theodore Smith,"5980 Lakeview Dr, Seattle, WA",Master's,No,None,15.8,6.9,82.2,65.5,69.7,61.6,65.81,Pass,D
Amelia Gonzalez,"6948 Highland Terrace, Seattle, WA",Master's,Yes,Drama,16.0,7.4,60.4,48.0,52.8,47.4,49.51,Fail,F
Lucas Garcia,"8549 Parkway Blvd, Chicago, IL",PhD,No,Sports,18.3,5.5,100.0,78.4,73.6,65.6,72.88,Pass,C
Liam Smith,"5652 Oak Ave, Phoenix, AZ",Master's,No,None,14.1,6.0,92.2,66.9,75.2,72.1,71.35,Pass,C
William Thomas,"4489 Oak Ave, Columbus, OH",None,No,None,1.0,7.0,83.0,42.7,49.4,42.9,45.11,Fail,F
Elijah Davis,"9766 Highland Terrace, Denver, CO",None,Yes,Volunteer,3.3,8.6,97.4,50.9,54.8,62.9,55.87,Pass,D
Amelia Thomas,"1372 Lakeview Dr, Atlanta, GA",PhD,No,Sports,14.0,7.7,96.0,69.0,60.6,53.9,61.54,Pass,D
Sophia Thomas,"6826 Main St, Portland, OR",Associate,Yes,Debate,10.4,7.0,83.6,54.0,61.1,53.2,56.23,Pass,D
Benjamin Taylor,"4618 Oak Ave, Miami, FL",Bachelor's,Yes,Debate,12.5,7.8,62.4,42.7,55.7,46.1,48.25,Fail,F
Henry Williams,"7495 Lakeview Dr, Atlanta, GA",Bachelor's,No,Debate,15.1,7.1,100.0,56.3,71.4,61.6,63.17,Pass,D
Lucas Jones,"6452 Oak Ave, Portland, OR",Bachelor's,Yes,Drama,15.2,7.0,62.7,59.8,66.5,62.5,62.94,Pass,D
Sophia Williams,"6207 Highland Terrace, Atlanta, GA",PhD,Yes,Sports,21.1,5.5,89.5,66.0,69.0,59.0,64.97,Pass,D
Oliver Anderson,"2835 Highland Terrace, Boston, MA",None,Yes,Volunteer,1.9,6.1,77.1,59.5,53.4,50.0,54.51,Pass,D
Sophia Hernandez,"7545 Highland Terrace, Austin, TX",Bachelor's,Yes,Drama,15.6,6.7,91.7,71.7,67.1,78.0,72.01,Pass,C
Amelia Lopez,"7118 Main St, New York, NY",Associate,Yes,Music,15.3,7.5,92.9,68.2,77.7,73.4,73.09,Pass,C
Amelia Anderson,"7060 Highland Terrace, Miami, FL",Master's,Yes,Music,18.2,5.3,90.5,78.6,75.3,76.8,76.9,Pass,C
Liam Gonzalez,"7309 Oak Ave, Boston, MA",None,No,Debate,6.9,6.6,89.6,52.4,46.6,47.2,48.81,Fail,F
Emma Moore,"3098 Oak Ave, Seattle, WA",Bachelor's,No,Debate,8.1,8.0,97.5,60.2,79.0,66.0,68.51,Pass,D
Theodore Rodriguez,"364 Highland Terrace, Los Angeles, CA",Bachelor's,No,Drama,16.0,6.2,85.7,56.1,65.9,53.9,58.85,Pass,D
James Taylor,"9894 Main St, Denver, CO",Bachelor's,No,Music,9.3,6.9,77.5,56.8,43.0,51.7,50.44,Pass,D
Theodore Wilson,"5091 Oak Ave, Chicago, IL",PhD,No,Debate,21.6,6.6,100.0,65.3,73.0,66.7,68.45,Pass,D
Liam Hernandez,"5386 Main St, Portland, OR",PhD,No,Volunteer,22.7,6.4,93.7,93.9,89.8,80.3,88.4,Pass,B
Oliver Jones,"7561 Main St, Los Angeles, CA",Associate,No,None,15.2,6.9,86.1,53.7,52.5,55.1,53.73,Pass,D
Noah Moore,"7354 Main St, New York, NY",Bachelor's,No,Music,16.2,4.9,74.5,63.7,49.2,46.5,53.49,Pass,D
Charlotte Johnson,"6689 Oak Ave, Los Angeles, CA",Master's,Yes,Debate,22.4,6.0,69.7,76.0,81.8,81.1,79.55,Pass,C
James Jackson,"3005 Highland Terrace, Phoenix, AZ",Master's,Yes,None,20.7,7.3,77.9,59.7,63.2,63.1,61.95,Pass,D
Theodore Moore,"8136 Main St, Seattle, WA",Master's,Yes,Debate,16.5,6.1,74.9,66.1,69.4,62.0,66.02,Pass,D
William Miller,"7696 Main St, Chicago, IL",Bachelor's,Yes,Volunteer,16.0,6.0,93.3,67.8,68.1,80.4,71.72,Pass,C
Evelyn Martinez,"4399 Oak Ave, Phoenix, AZ",Bachelor's,No,Music,14.9,5.7,88.7,78.8,71.4,66.9,72.62,Pass,C
Liam Miller,"9788 Highland Terrace, Columbus, OH",PhD,Yes,Sports,19.1,5.7,81.4,55.6,52.4,53.7,53.9,Pass,D
Amelia Hernandez,"9955 Main St, Miami, FL",None,No,Drama,6.5,8.7,88.3,53.1,45.0,51.5,49.77,Fail,F
Theodore Martin,"7466 Main St, New York, NY",Bachelor's,Yes,Sports,12.7,7.5,100.0,63.0,73.9,74.0,70.1,Pass,C
Camila Hernandez,"7295 Oak Ave, Atlanta, GA",None,No,Drama,15.3,7.4,94.1,77.6,73.5,60.5,71.05,Pass,C
Camila Taylor,"4549 Oak Ave, Seattle, WA",Master's,No,None,16.5,8.3,73.0,70.6,57.4,64.9,64.24,Pass,D
Amelia Johnson,"2503 Main St, Columbus, OH",Bachelor's,Yes,Debate,9.9,6.9,95.8,67.6,55.7,53.1,59.09,Pass,D
Harper Taylor,"6430 Parkway Blvd, Austin, TX",PhD,No,None,19.2,5.7,75.7,69.3,58.9,61.6,63.39,Pass,D
Amelia Brown,"8745 Highland Terrace, Denver, CO",None,Yes,Debate,10.0,8.3,71.2,52.2,57.5,59.1,56.15,Pass,D
Elijah Jackson,"2425 Highland Terrace, Columbus, OH",None,No,Sports,11.5,5.6,70.7,60.3,56.1,57.4,57.98,Pass,D
James Anderson,"1974 Parkway Blvd, Austin, TX",None,Yes,Debate,8.4,7.0,90.3,50.7,52.0,59.4,53.76,Pass,D
Sophia Johnson,"885 Oak Ave, Boston, MA",None,Yes,Volunteer,3.6,6.9,88.9,47.5,44.1,47.1,46.17,Fail,F
Noah Anderson,"6688 Oak Ave, Seattle, WA",Master's,Yes,Volunteer,11.8,6.4,78.4,60.8,71.1,54.8,62.61,Pass,D
Evelyn Moore,"4949 Lakeview Dr, Seattle, WA",Master's,No,Sports,18.0,10.0,100.0,87.9,84.9,66.7,80.5,Pass,B
Liam Anderson,"8559 Highland Terrace, Seattle, WA",PhD,No,Volunteer,17.4,7.6,68.0,48.0,62.6,50.4,53.81,Pass,D
Charlotte Anderson,"4615 Main St, Portland, OR",None,No,Volunteer,5.0,8.2,66.0,54.2,47.5,48.2,50.04,Pass,D
Liam Wilson,"1940 Highland Terrace, Phoenix, AZ",Bachelor's,Yes,Music,14.2,7.6,92.6,70.1,66.4,64.8,67.22,Pass,D
Harper Gonzalez,"2269 Main St, New York, NY",Master's,Yes,Volunteer,13.1,5.5,93.1,65.2,59.0,58.0,60.87,Pass,D
Oliver Smith,"2066 Parkway Blvd, Chicago, IL",None,Yes,Debate,10.7,8.6,84.9,46.1,50.6,55.2,50.41,Pass,D
James Rodriguez,"4512 Oak Ave, Miami, FL",Associate,No,None,11.0,7.5,88.2,63.2,50.2,55.3,56.29,Pass,D
Charlotte Rodriguez,"8651 Parkway Blvd, Denver, CO",None,Yes,Music,9.7,6.0,89.3,50.1,58.7,58.2,55.52,Pass,D
Liam Martinez,"2436 Lakeview Dr, Portland, OR",High School,No,Music,12.6,6.5,92.3,57.8,56.6,59.0,57.76,Pass,D
Evelyn Martin,"9693 Main St, Austin, TX",High School,Yes,Debate,10.4,6.6,97.2,49.8,64.2,65.2,59.47,Pass,D
Mia Davis,"3092 Highland Terrace, Austin, TX",Associate,No,Debate,11.6,7.2,88.3,65.5,57.8,55.3,59.73,Pass,D
Olivia Davis,"6272 Parkway Blvd, Phoenix, AZ",None,Yes,Drama,12.8,7.5,94.4,60.4,66.6,72.8,66.26,Pass,D
Amelia Gonzalez,"2278 Lakeview Dr, Denver, CO",None,No,Drama,11.3,5.8,100.0,70.1,64.4,66.6,67.08,Pass,D
Amelia Wilson,"8312 Main St, Miami, FL",PhD,No,Drama,24.5,6.4,86.3,81.9,78.4,75.4,78.7,Pass,C
Elijah Smith,"6655 Lakeview Dr, Chicago, IL",Master's,Yes,Sports,24.9,6.9,83.9,79.8,80.0,77.7,79.24,Pass,C
Mia Jackson,"8265 Oak Ave, Boston, MA",Master's,No,Drama,15.3,6.1,78.9,64.5,71.4,66.5,67.52,Pass,D
Henry Wilson,"3337 Oak Ave, Seattle, WA",High School,No,Sports,6.2,9.1,84.2,56.7,56.8,55.5,56.38,Pass,D
Henry Gonzalez,"8766 Parkway Blvd, Boston, MA",Associate,Yes,Music,6.4,6.5,81.1,64.0,64.0,65.9,64.56,Pass,D
Mia Jackson,"9388 Parkway Blvd, Miami, FL",PhD,Yes,Music,21.5,7.7,84.3,78.0,75.4,70.8,74.94,Pass,C
Olivia Rodriguez,"8692 Parkway Blvd, Seattle, WA",High School,Yes,Debate,17.0,6.3,90.1,77.3,73.6,60.5,70.96,Pass,C
Theodore Martin,"281 Parkway Blvd, Seattle, WA",Bachelor's,No,Sports,13.5,6.2,96.6,60.8,69.9,65.9,65.51,Pass,D
Lucas Jackson,"6787 Oak Ave, Phoenix, AZ",High School,No,Debate,10.1,6.9,74.3,54.8,62.6,54.2,57.35,Pass,D
Camila Jackson,"2628 Highland Terrace, Phoenix, AZ",PhD,Yes,Music,22.9,7.6,82.3,74.3,80.5,71.3,75.58,Pass,C
William Moore,"7922 Parkway Blvd, Columbus, OH",Master's,No,None,14.4,8.2,87.0,70.0,65.9,69.1,68.28,Pass,D
Harper Anderson,"3168 Lakeview Dr, Phoenix, AZ",Bachelor's,Yes,Drama,11.2,6.6,71.2,64.4,65.5,67.8,65.83,Pass,D
Emma Davis,"8704 Oak Ave, Miami, FL",None,No,Volunteer,6.2,5.7,73.2,40.3,47.1,46.6,44.57,Fail,F
Amelia Brown,"3379 Highland Terrace, Denver, CO",Master's,Yes,Volunteer,11.8,7.2,67.2,47.7,59.5,54.2,53.81,Pass,D
Noah Jones,"6693 Main St, Seattle, WA",None,Yes,Sports,5.4,5.6,70.1,44.0,45.5,45.2,44.89,Fail,F
Sophia Martinez,"7741 Parkway Blvd, Austin, TX",High School,Yes,Drama,12.1,8.9,80.4,53.7,63.1,61.3,59.27,Pass,D
Amelia Johnson,"9340 Main St, Miami, FL",High School,No,Sports,7.2,6.8,84.9,48.5,46.1,41.6,45.6,Fail,F
Liam Miller,"9519 Parkway Blvd, Atlanta, GA",Associate,Yes,None,9.4,6.9,83.0,52.3,55.2,53.2,53.62,Pass,D
Luna Thomas,"643 Highland Terrace, Seattle, WA",Master's,No,None,11.8,6.3,81.3,65.4,69.8,62.0,65.91,Pass,D
William Gonzalez,"2717 Oak Ave, Miami, FL",Associate,Yes,Drama,9.9,7.4,77.8,63.9,50.2,57.6,57.2,Pass,D
Camila Jones,"8596 Oak Ave, Austin, TX",High School,No,Music,12.7,7.2,92.0,63.5,62.3,56.1,60.86,Pass,D
Liam Jackson,"7089 Parkway Blvd, Boston, MA",Master's,Yes,Volunteer,9.9,8.1,79.1,56.5,61.5,65.0,60.8,Pass,D
Elijah Moore,"6664 Oak Ave, Phoenix, AZ",Master's,Yes,None,15.8,6.2,82.0,60.3,68.6,65.2,64.69,Pass,D
Mia Gonzalez,"2257 Main St, Atlanta, GA",None,No,None,11.9,7.8,77.7,68.9,76.9,60.6,69.19,Pass,D
Mia Davis,"145 Parkway Blvd, Portland, OR",Master's,No,Debate,11.8,6.2,77.6,50.1,57.5,58.8,55.31,Pass,D
Emma Taylor,"9469 Lakeview Dr, New York, NY",Bachelor's,Yes,None,18.1,7.3,80.2,52.9,62.4,50.6,55.51,Pass,D
Sophia Smith,"4161 Lakeview Dr, Miami, FL",Bachelor's,No,Sports,14.0,6.3,86.9,69.1,68.4,60.0,66.1,Pass,D
Charlotte Hernandez,"1288 Oak Ave, Chicago, IL",Bachelor's,No,Debate,12.6,6.9,90.3,68.1,70.6,60.2,66.62,Pass,D
Emma Smith,"8229 Parkway Blvd, Austin, TX",Bachelor's,Yes,None,14.1,7.3,96.9,60.7,59.5,65.8,61.83,Pass,D
Charlotte Williams,"5828 Main St, Boston, MA",High School,No,Sports,8.2,6.5,96.1,60.8,64.2,58.5,61.32,Pass,D
Theodore Garcia,"2502 Lakeview Dr, Austin, TX",Master's,Yes,Volunteer,15.1,6.5,83.0,58.5,61.2,56.6,58.87,Pass,D
James Taylor,"3268 Oak Ave, Boston, MA",Bachelor's,Yes,Music,12.0,6.7,96.6,56.2,55.7,66.6,59.13,Pass,D
Sophia Garcia,"5187 Lakeview Dr, Miami, FL",Bachelor's,No,Volunteer,15.7,6.5,71.7,52.6,60.3,56.5,56.49,Pass,D
Camila Smith,"8183 Parkway Blvd, Miami, FL",None,No,None,3.7,7.2,77.5,40.6,50.6,55.5,48.57,Fail,F
Luna Wilson,"3794 Lakeview Dr, Seattle, WA",None,Yes,None,2.0,6.4,78.9,54.5,55.4,53.1,54.39,Pass,D
Harper Wilson,"1348 Highland Terrace, Denver, CO",None,No,None,12.8,8.1,73.7,62.5,57.0,58.6,59.39,Pass,D
Olivia Moore,"1571 Parkway Blvd, Denver, CO",PhD,Yes,None,10.9,6.9,94.8,61.7,69.2,58.2,63.3,Pass,D
Charlotte Moore,"5787 Main St, Phoenix, AZ",Associate,No,Debate,17.3,6.3,91.7,64.6,66.2,59.9,63.76,Pass,D
James Rodriguez,"1302 Highland Terrace, Austin, TX",Associate,Yes,Drama,11.3,6.2,87.8,61.6,52.7,63.9,59.18,Pass,D
Mia Moore,"1395 Main St, Columbus, OH",Associate,No,Drama,5.3,6.4,89.8,63.0,62.7,59.1,61.7,Pass,D
Elijah Martin,"6092 Oak Ave, New York, NY",Master's,Yes,Debate,20.3,6.3,88.5,75.0,71.0,72.5,72.87,Pass,C
Olivia Thomas,"144 Main St, Boston, MA",Associate,Yes,Volunteer,8.3,7.1,87.0,58.6,53.1,47.1,53.24,Pass,D
Amelia Smith,"5203 Lakeview Dr, Columbus, OH",Associate,Yes,Volunteer,4.5,5.3,89.2,43.4,49.7,61.8,51.14,Pass,D
Elijah Smith,"9999 Highland Terrace, Chicago, IL",High School,Yes,Sports,10.0,8.5,90.8,56.7,59.8,61.3,59.15,Pass,D
Luna Smith,"3524 Highland Terrace, Portland, OR",Bachelor's,No,Music,14.4,6.0,93.5,56.2,55.4,60.4,57.19,Pass,D
Olivia Davis,"6190 Highland Terrace, Atlanta, GA",Master's,No,None,13.7,6.9,72.2,57.8,61.3,48.8,56.33,Pass,D
Elijah Smith,"7387 Highland Terrace, Portland, OR",Master's,Yes,Music,13.2,5.7,72.5,55.6,60.1,60.9,58.73,Pass,D
Henry Hernandez,"5636 Main St, Seattle, WA",Bachelor's,No,None,14.2,8.1,77.4,62.2,66.3,57.3,62.19,Pass,D
Evelyn Martin,"3437 Oak Ave, Chicago, IL",Associate,No,Music,10.1,7.0,88.9,65.3,58.6,49.2,58.11,Pass,D
James Johnson,"7774 Lakeview Dr, Chicago, IL",Associate,Yes,Volunteer,15.3,7.1,83.5,54.5,59.7,55.3,56.56,Pass,D
Benjamin Johnson,"8085 Main St, New York, NY",Master's,No,Sports,13.4,7.6,89.5,61.6,51.2,55.8,56.22,Pass,D
Camila Garcia,"2024 Highland Terrace, Austin, TX",PhD,Yes,Volunteer,9.9,6.7,85.2,59.2,58.4,56.3,58.04,Pass,D
Sophia Davis,"1605 Oak Ave, Los Angeles, CA",PhD,Yes,Debate,7.1,5.2,84.4,54.5,63.8,54.7,57.84,Pass,D
Henry Brown,"5593 Highland Terrace, Los Angeles, CA",Associate,No,Volunteer,20.5,8.7,71.4,61.7,57.3,57.9,59.01,Pass,D
Olivia Hernandez,"6642 Oak Ave, Seattle, WA",High School,Yes,Sports,5.4,7.8,79.9,59.6,66.0,62.5,62.69,Pass,D
Camila Gonzalez,"4937 Parkway Blvd, Austin, TX",PhD,Yes,Music,16.7,7.3,87.2,78.7,83.0,76.7,79.57,Pass,C
Liam Hernandez,"9940 Parkway Blvd, Chicago, IL",PhD,Yes,Debate,19.8,7.5,89.3,73.2,74.0,78.8,75.18,Pass,C
Harper Rodriguez,"4663 Lakeview Dr, Denver, CO",Bachelor's,Yes,Volunteer,5.2,7.0,79.3,53.9,56.5,62.3,57.34,Pass,D
Oliver Miller,"7371 Main St, Los Angeles, CA",Associate,No,None,2.9,7.5,83.3,60.4,61.4,63.3,61.58,Pass,D
Noah Martin,"5653 Oak Ave, Phoenix, AZ",Master's,No,Debate,20.2,7.1,78.5,66.2,74.6,62.8,68.13,Pass,D
Harper Gonzalez,"2267 Parkway Blvd, New York, NY",High School,Yes,Drama,8.7,7.4,90.9,54.5,56.7,62.0,57.49,Pass,D
Theodore Gonzalez,"6052 Oak Ave, Austin, TX",None,Yes,None,15.5,8.0,88.0,62.7,80.6,72.4,71.84,Pass,C
Henry Williams,"8859 Lakeview Dr, Columbus, OH",None,Yes,Drama,7.3,6.2,73.9,61.1,48.0,48.8,52.81,Pass,D
Harper Moore,"197 Oak Ave, Boston, MA",Bachelor's,No,Sports,8.2,8.1,85.2,48.1,46.1,51.6,48.41,Fail,F
William Johnson,"3974 Main St, New York, NY",Bachelor's,No,Music,17.0,6.7,80.5,66.5,66.6,58.4,64.14,Pass,D
Evelyn Smith,"821 Oak Ave, Denver, CO",PhD,Yes,None,8.6,7.7,79.3,55.7,50.5,60.9,55.43,Pass,D
Evelyn Rodriguez,"9029 Highland Terrace, Austin, TX",None,Yes,Music,2.6,8.2,68.5,41.6,40.1,36.3,39.47,Fail,F
Theodore Johnson,"2037 Oak Ave, Phoenix, AZ",None,Yes,None,9.6,5.9,78.0,50.9,60.9,48.8,53.76,Pass,D
Liam Jones,"2316 Main St, Denver, CO",Master's,No,Drama,19.8,7.2,89.9,66.7,68.6,60.7,65.57,Pass,D
Charlotte Miller,"6178 Highland Terrace, Boston, MA",Bachelor's,No,Music,8.7,6.9,92.8,54.0,55.2,54.4,54.54,Pass,D
Emma Jackson,"3158 Parkway Blvd, Portland, OR",None,Yes,Volunteer,6.1,5.6,76.8,43.3,49.1,44.5,45.71,Fail,F
Luna Wilson,"2279 Parkway Blvd, Austin, TX",Associate,No,Drama,15.2,6.5,87.2,69.3,49.5,59.5,59.41,Pass,D
William Rodriguez,"9775 Oak Ave, Miami, FL",None,No,Drama,11.1,5.1,86.1,59.7,61.9,45.0,56.07,Pass,D
Luna Martin,"4774 Lakeview Dr, Miami, FL",High School,Yes,Sports,11.2,5.8,91.7,76.3,79.5,73.3,76.54,Pass,C
Luna Smith,"9292 Main St, Portland, OR",PhD,No,Drama,12.4,6.5,82.8,64.0,57.3,59.6,60.33,Pass,D
Mia Taylor,"4743 Lakeview Dr, Chicago, IL",Associate,No,Debate,10.0,6.3,91.2,57.4,58.5,51.7,56.04,Pass,D
Charlotte Garcia,"6178 Oak Ave, Phoenix, AZ",None,No,Volunteer,8.3,8.8,96.0,63.4,70.2,58.7,64.36,Pass,D
Harper Johnson,"6774 Parkway Blvd, Denver, CO",None,Yes,Debate,7.2,6.1,71.4,47.9,43.7,52.0,47.67,Fail,F
Emma Wilson,"5172 Highland Terrace, Seattle, WA",Bachelor's,Yes,Debate,20.4,8.1,90.2,78.5,76.4,79.1,77.95,Pass,C
Liam Martinez,"2627 Parkway Blvd, Boston, MA",Bachelor's,Yes,Music,13.8,7.5,87.1,64.8,64.8,74.6,67.75,Pass,D
James Lopez,"6096 Highland Terrace, Los Angeles, CA",Associate,Yes,Sports,7.3,8.1,78.3,66.4,68.9,68.2,67.81,Pass,D
Mia Miller,"171 Main St, Portland, OR",Bachelor's,Yes,None,14.3,6.1,87.5,65.1,69.8,62.3,65.92,Pass,D
Noah Wilson,"1638 Lakeview Dr, Boston, MA",Bachelor's,Yes,Drama,13.8,7.7,82.2,60.7,70.7,66.8,66.03,Pass,D
Benjamin Anderson,"1113 Lakeview Dr, Phoenix, AZ",High School,Yes,Drama,16.8,6.3,86.7,68.4,64.7,54.2,62.85,Pass,D
Sophia Williams,"4118 Highland Terrace, Chicago, IL",Associate,No,Debate,12.1,7.1,63.4,54.5,47.3,49.6,50.52,Pass,D
Theodore Rodriguez,"6250 Lakeview Dr, Austin, TX",PhD,No,Music,11.2,7.8,94.2,60.3,62.1,62.7,61.63,Pass,D
Emma Hernandez,"7760 Highland Terrace, Columbus, OH",None,No,None,1.0,6.2,89.9,42.3,55.8,45.9,48.09,Fail,F
Lucas Brown,"1409 Highland Terrace, Phoenix, AZ",PhD,No,Debate,18.0,6.1,90.1,70.8,70.4,65.9,69.17,Pass,D
Sophia Gonzalez,"3619 Parkway Blvd, Phoenix, AZ",Associate,No,Sports,21.3,8.0,73.2,80.3,74.1,60.9,72.32,Pass,C
Luna Davis,"5380 Highland Terrace, Chicago, IL",Bachelor's,No,None,4.2,8.2,78.2,56.1,68.6,47.1,57.78,Pass,D
Luna Anderson,"9061 Main St, New York, NY",Associate,No,Sports,8.9,6.8,89.2,48.0,59.4,57.7,54.89,Pass,D
Charlotte Davis,"7935 Parkway Blvd, Columbus, OH",PhD,Yes,Volunteer,9.2,7.2,63.4,53.2,50.7,50.5,51.51,Pass,D
Elijah Davis,"1742 Highland Terrace, Austin, TX",High School,Yes,Sports,12.6,4.8,100.0,59.7,56.5,56.0,57.48,Pass,D
Camila Lopez,"8109 Oak Ave, New York, NY",High School,Yes,Music,11.5,8.5,89.0,54.4,46.5,56.5,52.24,Pass,D
Camila Thomas,"2283 Oak Ave, Chicago, IL",Master's,No,Drama,10.2,7.2,90.8,54.0,50.8,54.6,53.08,Pass,D
Elijah Johnson,"9286 Oak Ave, Seattle, WA",Associate,Yes,Music,15.5,6.8,88.4,65.5,64.1,72.6,67.14,Pass,D
Henry Anderson,"9827 Oak Ave, New York, NY",Associate,Yes,Debate,11.0,7.8,82.6,64.0,59.9,55.6,60.07,Pass,D
Harper Davis,"2712 Oak Ave, Phoenix, AZ",PhD,No,None,15.3,6.7,98.5,60.2,54.7,67.8,60.57,Pass,D
Oliver Johnson,"4004 Oak Ave, Seattle, WA",None,Yes,Drama,11.2,6.8,94.6,65.5,73.9,67.5,69.07,Pass,D
Liam Williams,"3194 Oak Ave, New York, NY",High School,No,Drama,13.5,6.9,91.4,67.9,72.4,66.9,69.19,Pass,D
Oliver Miller,"8204 Main St, Miami, FL",Master's,Yes,Volunteer,17.2,6.6,91.0,74.1,80.3,71.4,75.46,Pass,C
Liam Thomas,"5360 Main St, Denver, CO",Associate,No,None,16.5,7.3,97.2,68.6,69.4,69.4,69.12,Pass,D
William Jones,"1043 Parkway Blvd, New York, NY",Associate,No,Volunteer,8.8,7.2,97.2,55.5,63.0,62.1,60.09,Pass,D
Camila Martin,"3405 Highland Terrace, Los Angeles, CA",High School,Yes,Sports,9.2,7.5,82.5,53.4,48.9,46.5,49.74,Fail,F
Liam Gonzalez,"4128 Oak Ave, Miami, FL",PhD,Yes,Music,11.5,6.9,87.7,67.8,76.2,82.2,75.06,Pass,C
Evelyn Jones,"8173 Parkway Blvd, Seattle, WA",Bachelor's,No,Music,16.9,8.0,83.4,63.1,64.4,55.5,61.29,Pass,D
James Williams,"8394 Main St, New York, NY",Bachelor's,No,Drama,16.7,6.8,86.2,60.6,67.3,66.1,64.58,Pass,D
Harper Smith,"156 Oak Ave, Boston, MA",Master's,No,Sports,17.5,5.5,81.3,62.1,56.0,48.1,55.74,Pass,D
Amelia Gonzalez,"5589 Highland Terrace, Austin, TX",Associate,Yes,Volunteer,6.9,5.7,78.5,45.4,45.6,53.3,47.85,Fail,F
Benjamin Martinez,"4813 Main St, Seattle, WA",PhD,Yes,None,17.0,6.7,82.6,67.5,66.6,72.5,68.68,Pass,D
Harper Martinez,"978 Oak Ave, Columbus, OH",Bachelor's,No,Sports,12.7,7.6,81.8,43.7,51.2,50.5,48.35,Fail,F
Evelyn Thomas,"8395 Oak Ave, Denver, CO",Bachelor's,No,Debate,8.7,7.5,84.1,45.4,48.8,39.5,44.81,Fail,F
Oliver Lopez,"139 Parkway Blvd, Phoenix, AZ",High School,Yes,Sports,10.3,6.1,72.7,51.2,48.0,46.7,48.71,Fail,F
Amelia Gonzalez,"8428 Lakeview Dr, Chicago, IL",PhD,No,Drama,18.5,5.8,87.1,57.2,75.2,54.9,62.8,Pass,D
Evelyn Williams,"9499 Parkway Blvd, Miami, FL",Associate,No,Volunteer,17.0,6.4,86.5,64.9,64.0,66.7,65.15,Pass,D
Harper Jackson,"1811 Highland Terrace, Chicago, IL",High School,No,None,8.4,7.7,79.4,59.8,66.0,58.5,61.59,Pass,D
Theodore Moore,"4651 Highland Terrace, Columbus, OH",None,No,Volunteer,7.9,7.6,100.0,60.9,53.5,61.1,58.36,Pass,D
Benjamin Wilson,"9754 Highland Terrace, Austin, TX",Associate,No,Sports,5.0,6.5,90.4,47.7,59.1,57.2,54.53,Pass,D
Sophia Martin,"3500 Oak Ave, Columbus, OH",Bachelor's,No,Drama,12.6,9.5,81.7,56.2,66.8,57.3,60.23,Pass,D
James Jones,"3744 Highland Terrace, Seattle, WA",Associate,No,Sports,10.8,6.4,71.1,51.1,43.9,50.3,48.31,Fail,F
Oliver Brown,"9079 Highland Terrace, Seattle, WA",PhD,Yes,None,10.2,9.2,74.2,40.5,53.2,48.9,47.43,Fail,F
Emma Hernandez,"4823 Highland Terrace, Phoenix, AZ",Associate,Yes,Drama,13.4,6.3,90.5,55.3,65.7,66.3,62.26,Pass,D
Liam Smith,"1299 Oak Ave, Columbus, OH",PhD,No,Debate,17.8,6.2,80.5,67.1,68.3,61.7,65.9,Pass,D
Charlotte Jones,"9792 Highland Terrace, Chicago, IL",PhD,No,Debate,13.0,6.7,100.0,67.9,63.0,63.8,64.95,Pass,D
Sophia Garcia,"2747 Lakeview Dr, Portland, OR",Bachelor's,No,None,16.1,7.5,100.0,74.7,71.2,64.6,70.45,Pass,C
Benjamin Thomas,"8511 Highland Terrace, Los Angeles, CA",Master's,Yes,Music,18.8,7.7,74.2,78.1,67.4,72.6,72.72,Pass,C
James Anderson,"9046 Parkway Blvd, Atlanta, GA",None,No,None,1.0,7.3,83.4,37.3,56.1,42.7,45.5,Fail,F
Luna Martinez,"6455 Highland Terrace, Los Angeles, CA",None,No,None,9.7,7.9,80.6,59.4,60.3,50.9,57.16,Pass,D
Noah Miller,"4284 Highland Terrace, Columbus, OH",PhD,No,Debate,14.0,6.6,87.8,56.6,54.2,55.0,55.28,Pass,D
Sophia Anderson,"9520 Highland Terrace, Columbus, OH",Master's,No,Debate,15.8,5.5,78.6,58.7,66.4,47.2,57.93,Pass,D
Liam Hernandez,"7118 Parkway Blvd, Atlanta, GA",Master's,No,Volunteer,18.2,6.5,100.0,70.8,67.7,73.9,70.67,Pass,C
Henry Miller,"8973 Oak Ave, Portland, OR",None,No,Music,6.5,7.9,66.5,49.7,49.5,34.0,44.91,Fail,F
James Gonzalez,"930 Highland Terrace, Los Angeles, CA",None,Yes,Debate,1.3,7.2,85.6,50.3,55.3,54.2,53.2,Pass,D
Noah Gonzalez,"2269 Main St, New York, NY",None,No,Drama,10.1,6.1,86.0,38.8,55.6,52.8,48.86,Fail,F
Mia Hernandez,"7466 Highland Terrace, Columbus, OH",Bachelor's,No,Drama,10.3,7.8,60.0,59.5,55.7,56.6,57.31,Pass,D
Harper Taylor,"5383 Lakeview Dr, New York, NY",Associate,No,Drama,11.7,7.1,85.4,69.1,62.2,62.8,64.78,Pass,D
Emma Garcia,"7804 Parkway Blvd, Miami, FL",Associate,Yes,Sports,16.3,6.3,90.3,63.5,58.4,71.3,64.05,Pass,D
Olivia Gonzalez,"7413 Lakeview Dr, Atlanta, GA",Master's,No,Volunteer,17.8,7.2,100.0,86.2,88.2,74.6,83.42,Pass,B
Oliver Martinez,"1041 Lakeview Dr, Portland, OR",None,No,Debate,11.7,6.2,91.5,51.4,62.5,48.5,54.41,Pass,D
Mia Rodriguez,"1845 Oak Ave, Denver, CO",High School,No,Drama,6.5,7.8,79.3,50.9,50.2,48.5,49.93,Fail,F
Elijah Williams,"9745 Highland Terrace, Atlanta, GA",Bachelor's,No,Sports,3.0,5.2,85.1,54.0,44.4,50.1,49.46,Fail,F
Oliver Miller,"8771 Parkway Blvd, Chicago, IL",Master's,No,Sports,10.5,7.5,94.6,65.9,69.1,59.1,64.97,Pass,D
Benjamin Davis,"7799 Main St, Denver, CO",PhD,Yes,Debate,16.0,6.3,84.9,61.7,65.7,64.7,64.02,Pass,D
Liam Davis,"3278 Main St, New York, NY",Master's,No,Drama,18.4,6.8,73.3,69.7,66.5,62.7,66.47,Pass,D
Oliver Miller,"6837 Main St, Atlanta, GA",High School,Yes,None,13.1,6.7,74.4,56.1,53.9,55.5,55.17,Pass,D
William Johnson,"8860 Oak Ave, Atlanta, GA",None,No,None,4.1,6.8,93.6,48.9,52.1,49.7,50.26,Pass,D
Noah Miller,"9576 Main St, Miami, FL",Master's,No,None,13.8,7.8,99.2,67.2,65.7,62.9,65.34,Pass,D
Noah Martin,"9871 Parkway Blvd, Boston, MA",Master's,No,Music,21.0,7.7,71.3,79.9,64.1,62.9,69.25,Pass,D
Elijah Hernandez,"9197 Lakeview Dr, Seattle, WA",None,Yes,Drama,9.7,6.9,81.4,48.4,55.2,55.0,52.78,Pass,D
Henry Martin,"8728 Main St, Miami, FL",Associate,No,Sports,11.6,6.7,90.7,71.5,57.9,50.8,60.51,Pass,D
Lucas Miller,"6287 Parkway Blvd, Denver, CO",Associate,Yes,Volunteer,2.7,7.6,91.7,43.6,36.0,50.3,42.94,Fail,F
William Thomas,"3749 Highland Terrace, Portland, OR",Associate,Yes,Drama,11.7,6.2,91.3,75.0,69.8,61.1,69.04,Pass,D
Theodore Moore,"2399 Parkway Blvd, Austin, TX",None,Yes,None,7.6,8.1,86.8,42.4,51.8,45.6,46.67,Fail,F
Camila Rodriguez,"2510 Main St, Miami, FL",High School,Yes,Drama,9.6,5.5,100.0,69.8,56.6,59.4,62.06,Pass,D
Benjamin Martin,"5541 Highland Terrace, Seattle, WA",Associate,Yes,Debate,12.0,5.7,73.3,49.6,50.9,51.1,50.52,Pass,D
James Martinez,"769 Oak Ave, Seattle, WA",None,No,None,15.3,7.8,86.5,66.0,59.5,62.8,62.77,Pass,D
Lucas Thomas,"8825 Parkway Blvd, Miami, FL",Bachelor's,No,Volunteer,12.6,5.1,88.1,50.6,63.8,52.3,55.71,Pass,D
Mia Brown,"5158 Main St, Portland, OR",Master's,No,None,15.7,7.4,81.1,61.8,62.4,53.2,59.42,Pass,D
Elijah Taylor,"2704 Oak Ave, Columbus, OH",None,Yes,Volunteer,12.4,7.9,79.3,61.4,65.6,62.2,63.11,Pass,D
William Taylor,"8526 Lakeview Dr, New York, NY",None,No,Music,9.4,7.2,97.1,61.7,59.5,65.7,62.16,Pass,D
Amelia Davis,"7134 Main St, Seattle, WA",PhD,No,None,16.3,8.0,83.8,68.0,61.4,64.2,64.57,Pass,D
Luna Gonzalez,"4686 Oak Ave, Columbus, OH",Bachelor's,No,Debate,19.4,7.0,83.9,81.6,76.0,72.0,76.76,Pass,C
Sophia Taylor,"1716 Parkway Blvd, Chicago, IL",High School,Yes,Debate,14.0,7.8,92.2,64.0,75.0,68.2,69.13,Pass,D
Henry Garcia,"3600 Main St, Phoenix, AZ",Associate,Yes,Volunteer,8.0,7.1,84.0,52.3,56.6,57.9,55.49,Pass,D
Noah Anderson,"8302 Oak Ave, Atlanta, GA",Associate,Yes,Debate,3.9,6.6,83.6,48.9,57.2,64.1,56.33,Pass,D
Mia Hernandez,"5218 Parkway Blvd, Phoenix, AZ",Master's,Yes,Debate,10.1,7.6,81.5,63.9,67.5,61.6,64.45,Pass,D
Oliver Davis,"7639 Oak Ave, Seattle, WA",High School,No,Sports,17.0,6.0,85.6,73.8,58.1,43.1,59.11,Pass,D
Lucas Martin,"9590 Main St, Atlanta, GA",High School,Yes,Music,13.6,5.7,89.1,68.6,67.9,65.7,67.47,Pass,D
Harper Jackson,"688 Parkway Blvd, Austin, TX",Associate,No,None,6.8,8.2,88.2,64.2,70.9,61.9,65.87,Pass,D
Luna Anderson,"9147 Lakeview Dr, Austin, TX",Bachelor's,No,Volunteer,14.5,6.6,91.1,62.0,73.5,69.0,68.13,Pass,D
William Rodriguez,"7393 Parkway Blvd, Los Angeles, CA",Bachelor's,No,Drama,10.8,7.1,69.4,50.9,50.4,52.2,51.09,Pass,D
James Jackson,"1368 Highland Terrace, Atlanta, GA",Master's,Yes,Debate,16.4,6.4,83.4,54.1,57.7,58.4,56.65,Pass,D
James Anderson,"1186 Lakeview Dr, Atlanta, GA",Master's,Yes,Drama,13.7,6.8,73.5,55.1,49.3,56.9,53.6,Pass,D
Harper Martin,"9239 Highland Terrace, Austin, TX",Associate,No,Volunteer,6.6,7.7,83.9,48.8,54.7,43.2,49.18,Fail,F
Camila Gonzalez,"6735 Highland Terrace, Seattle, WA",High School,No,Volunteer,5.9,7.2,72.5,44.7,56.6,39.2,47.19,Fail,F
Benjamin Anderson,"3464 Highland Terrace, New York, NY",None,Yes,Sports,4.0,7.5,76.8,46.9,50.3,49.6,48.9,Fail,F
Harper Gonzalez,"2572 Oak Ave, Los Angeles, CA",Master's,No,None,12.5,6.8,85.5,73.7,70.1,64.7,69.73,Pass,D
Emma Garcia,"9973 Main St, Los Angeles, CA",PhD,No,None,12.5,8.2,95.9,69.4,67.7,47.6,62.29,Pass,D
Noah Moore,"1734 Oak Ave, Atlanta, GA",Master's,No,None,13.4,5.1,82.5,67.7,58.1,60.2,62.07,Pass,D
Emma Taylor,"535 Parkway Blvd, Seattle, WA",None,No,Debate,6.1,6.3,97.2,63.0,56.5,64.0,61.05,Pass,D
Camila Johnson,"871 Parkway Blvd, Los Angeles, CA",Master's,Yes,Music,16.9,5.6,81.1,70.8,77.3,70.3,72.94,Pass,C
Harper Jones,"9190 Oak Ave, Phoenix, AZ",Bachelor's,Yes,Music,8.5,7.5,97.5,42.8,42.4,52.1,45.47,Fail,F
Elijah Taylor,"7254 Lakeview Dr, Portland, OR",Master's,No,Sports,14.4,5.4,100.0,55.5,63.7,59.3,59.52,Pass,D
Amelia Hernandez,"6993 Parkway Blvd, Austin, TX",Associate,No,Volunteer,10.4,6.7,73.4,56.6,61.5,48.2,55.8,Pass,D
Camila Wilson,"3791 Oak Ave, Atlanta, GA",Associate,No,None,7.2,7.8,87.3,56.3,49.5,52.8,52.83,Pass,D
Lucas Smith,"7345 Oak Ave, Boston, MA",PhD,Yes,Music,20.0,5.5,83.4,67.6,69.1,67.7,68.17,Pass,D
James Brown,"5494 Lakeview Dr, Denver, CO",PhD,Yes,None,13.7,6.6,75.1,54.2,63.0,53.9,57.16,Pass,D
William Anderson,"636 Lakeview Dr, Portland, OR",High School,Yes,Volunteer,10.2,8.1,94.5,64.4,64.4,58.4,62.59,Pass,D
Harper Martin,"3747 Highland Terrace, Phoenix, AZ",Associate,No,Drama,7.6,7.1,92.5,53.9,56.9,46.4,52.69,Pass,D
Olivia Martinez,"8441 Highland Terrace, Denver, CO",High School,Yes,Sports,9.9,6.5,81.7,63.4,58.8,59.2,60.52,Pass,D
Sophia Williams,"8019 Main St, Miami, FL",PhD,Yes,Music,18.7,7.5,74.9,66.6,60.3,63.7,63.53,Pass,D
Amelia Hernandez,"3351 Parkway Blvd, Austin, TX",Master's,No,Sports,14.8,7.1,85.1,67.1,66.5,55.2,63.31,Pass,D
William Gonzalez,"9958 Main St, Atlanta, GA",PhD,Yes,Volunteer,17.1,8.0,86.0,71.0,62.7,65.8,66.53,Pass,D
Lucas Anderson,"7413 Highland Terrace, Phoenix, AZ",None,Yes,Music,8.0,7.6,85.0,54.0,61.1,57.8,57.62,Pass,D
Sophia Rodriguez,"7085 Highland Terrace, Denver, CO",Associate,No,Debate,9.1,5.4,91.0,46.2,54.8,57.0,52.43,Pass,D
Harper Jackson,"505 Oak Ave, Miami, FL",Bachelor's,No,Drama,12.1,7.1,95.6,63.5,72.3,63.1,66.45,Pass,D
Liam Williams,"3670 Oak Ave, New York, NY",Master's,No,Debate,14.9,5.5,72.2,68.2,55.3,57.6,60.52,Pass,D
James Thomas,"3512 Main St, Atlanta, GA",Associate,No,Drama,6.8,8.2,94.9,51.4,57.8,60.8,56.45,Pass,D
Lucas Garcia,"2513 Parkway Blvd, Phoenix, AZ",High School,Yes,Volunteer,4.4,6.1,83.6,54.9,55.2,52.4,54.26,Pass,D
Henry Moore,"3514 Main St, Columbus, OH",High School,Yes,Drama,4.8,8.6,77.5,49.8,56.6,54.3,53.52,Pass,D
Luna Lopez,"5085 Oak Ave, Columbus, OH",High School,Yes,Music,2.0,8.6,83.1,58.3,63.7,57.3,59.89,Pass,D
Sophia Williams,"6208 Main St, New York, NY",Master's,No,None,10.9,7.8,74.0,56.5,54.0,52.7,54.5,Pass,D
Elijah Moore,"9653 Parkway Blvd, Chicago, IL",Bachelor's,Yes,Debate,16.8,5.9,94.5,72.4,62.4,71.0,68.47,Pass,D
James Martinez,"6396 Parkway Blvd, Miami, FL",PhD,No,Debate,10.7,7.0,80.8,63.1,61.3,51.4,58.95,Pass,D
Charlotte Brown,"9476 Lakeview Dr, Denver, CO",Master's,No,None,8.4,6.6,82.7,54.1,53.6,44.9,51.18,Pass,D
Noah Thomas,"1982 Parkway Blvd, Miami, FL",None,No,Sports,11.7,9.4,97.6,69.4,56.3,56.8,61.02,Pass,D
William Smith,"2812 Main St, Seattle, WA",Master's,Yes,Debate,14.7,9.4,85.7,59.6,61.3,73.0,64.21,Pass,D
Theodore Moore,"4796 Main St, Los Angeles, CA",High School,No,Drama,11.6,7.5,95.3,59.7,64.7,52.4,59.28,Pass,D
Harper Gonzalez,"1059 Highland Terrace, Columbus, OH",Associate,Yes,None,13.1,8.4,64.3,57.1,55.6,46.5,53.43,Pass,D
Harper Anderson,"523 Oak Ave, Miami, FL",Master's,Yes,Volunteer,13.4,4.9,93.1,60.9,55.8,58.9,58.55,Pass,D
Henry Martinez,"4054 Oak Ave, Portland, OR",None,Yes,Debate,9.1,7.6,77.9,45.1,55.6,58.8,52.92,Pass,D
Mia Smith,"9686 Parkway Blvd, Phoenix, AZ",PhD,Yes,Sports,8.7,5.8,92.6,55.1,58.3,59.5,57.55,Pass,D
Luna Miller,"6278 Parkway Blvd, New York, NY",Bachelor's,Yes,Volunteer,12.8,6.9,89.3,73.1,77.6,70.0,73.77,Pass,C
Henry Wilson,"7235 Main St, New York, NY",None,Yes,Drama,13.8,6.6,98.6,76.3,73.2,77.0,75.42,Pass,C
Henry Davis,"2949 Main St, Miami, FL",High School,Yes,Music,11.1,7.3,89.3,65.4,64.3,63.7,64.5,Pass,D
Amelia Rodriguez,"9740 Highland Terrace, Phoenix, AZ",None,Yes,Music,9.9,6.7,79.3,72.6,64.6,58.7,65.63,Pass,D
Lucas Wilson,"3716 Parkway Blvd, Atlanta, GA",Bachelor's,No,Volunteer,6.1,5.8,72.0,48.0,42.6,39.0,43.43,Fail,F
Liam Brown,"7511 Highland Terrace, Boston, MA",None,No,Music,7.4,6.6,67.6,52.3,46.5,39.7,46.48,Fail,F
Sophia Rodriguez,"2070 Lakeview Dr, New York, NY",Associate,Yes,Volunteer,8.9,8.7,77.0,53.2,58.4,61.2,57.42,Pass,D
Charlotte Miller,"5841 Main St, Chicago, IL",Bachelor's,No,Debate,15.6,7.7,81.9,63.1,58.4,64.0,61.72,Pass,D
Mia Wilson,"2395 Parkway Blvd, Miami, FL",None,Yes,Volunteer,13.4,8.8,96.7,62.3,58.3,74.3,64.52,Pass,D
Henry Davis,"2201 Parkway Blvd, Boston, MA",High School,Yes,Volunteer,6.7,6.0,83.1,53.4,49.8,53.2,52.09,Pass,D
Theodore Lopez,"6348 Highland Terrace, Columbus, OH",PhD,No,Drama,18.5,7.2,85.2,76.6,73.1,67.9,72.79,Pass,C
Theodore Garcia,"3093 Parkway Blvd, Portland, OR",PhD,No,Debate,15.5,6.2,89.2,67.0,66.2,61.1,64.95,Pass,D
Elijah Williams,"836 Main St, Miami, FL",High School,No,Sports,12.9,7.4,74.2,66.0,64.4,53.0,61.53,Pass,D
Charlotte Hernandez,"1141 Oak Ave, Denver, CO",Associate,No,None,5.5,6.1,84.5,60.9,57.9,54.1,57.83,Pass,D
Elijah Moore,"7982 Oak Ave, New York, NY",High School,Yes,Volunteer,11.2,7.0,85.1,56.6,52.3,55.2,54.68,Pass,D
Liam Martinez,"4051 Oak Ave, Boston, MA",None,No,Drama,6.8,5.6,78.4,47.5,54.5,57.5,52.96,Pass,D
Elijah Gonzalez,"1471 Lakeview Dr, Columbus, OH",PhD,No,Drama,17.6,7.6,79.0,63.1,57.4,56.9,59.24,Pass,D
Theodore Miller,"5958 Main St, Seattle, WA",None,No,None,15.2,6.9,89.9,79.2,79.2,69.7,76.37,Pass,C
Theodore Anderson,"8571 Parkway Blvd, Atlanta, GA",Master's,No,Music,15.8,5.8,81.8,66.5,72.1,61.7,67.01,Pass,D
Noah Jones,"232 Lakeview Dr, Columbus, OH",None,No,Drama,6.9,6.8,74.4,47.9,49.2,56.1,50.8,Pass,D
Amelia Anderson,"7234 Parkway Blvd, Boston, MA",None,Yes,Sports,5.0,7.8,100.0,49.2,56.7,56.5,53.98,Pass,D
Benjamin Lopez,"945 Main St, Atlanta, GA",None,No,Music,9.9,7.1,81.8,58.2,58.7,48.1,55.32,Pass,D
Noah Martinez,"9640 Main St, Chicago, IL",Associate,Yes,Sports,6.5,7.1,89.5,58.4,57.6,70.4,61.75,Pass,D
Elijah Davis,"7986 Highland Terrace, New York, NY",Bachelor's,Yes,None,16.9,7.5,74.7,63.7,59.8,57.3,60.42,Pass,D
Emma Smith,"9086 Main St, Boston, MA",Master's,No,Sports,16.1,6.1,100.0,68.2,72.6,64.9,68.73,Pass,D
Olivia Martin,"6741 Highland Terrace, Portland, OR",Associate,No,Drama,15.3,6.4,60.0,51.6,52.8,64.4,55.84,Pass,D
Oliver Hernandez,"966 Parkway Blvd, Boston, MA",PhD,Yes,Music,19.8,7.8,84.2,67.3,79.6,68.2,71.86,Pass,C
Evelyn Jackson,"3342 Oak Ave, Portland, OR",PhD,Yes,Drama,18.0,7.1,88.2,60.7,67.0,71.4,66.09,Pass,D
Elijah Garcia,"3314 Main St, Columbus, OH",Bachelor's,Yes,Sports,18.3,7.0,76.3,73.1,60.4,68.5,67.28,Pass,D
Charlotte Miller,"3131 Highland Terrace, Austin, TX",Bachelor's,No,None,13.7,6.2,79.7,80.8,80.6,73.2,78.47,Pass,C
William Smith,"5448 Oak Ave, Portland, OR",High School,No,None,14.2,6.1,84.5,69.6,72.1,53.8,65.7,Pass,D
Emma Brown,"2613 Main St, Miami, FL",Bachelor's,No,Debate,13.2,5.9,94.6,59.6,56.2,59.9,58.48,Pass,D
Olivia Brown,"1335 Lakeview Dr, Denver, CO",Associate,Yes,Sports,14.1,6.1,83.4,59.3,49.3,57.2,55.19,Pass,D
Emma Gonzalez,"4193 Oak Ave, New York, NY",PhD,Yes,Music,8.9,4.7,60.0,60.0,53.3,50.3,54.76,Pass,D
Oliver Jones,"712 Main St, Miami, FL",Associate,Yes,Volunteer,9.4,7.0,87.7,60.9,66.3,68.3,65.03,Pass,D
Oliver Garcia,"2985 Main St, Portland, OR",Associate,No,Music,9.2,4.7,81.6,56.4,50.2,55.4,53.94,Pass,D
Liam Brown,"859 Main St, Portland, OR",None,Yes,Drama,8.4,6.1,92.0,58.3,59.9,59.2,59.14,Pass,D
Luna Martinez,"3763 Highland Terrace, Chicago, IL",None,Yes,Music,10.4,7.1,92.0,49.1,53.3,58.0,53.21,Pass,D
Charlotte Lopez,"8570 Parkway Blvd, Seattle, WA",None,Yes,Music,1.7,6.6,79.4,48.1,45.5,52.0,48.34,Fail,F
Amelia Martin,"5597 Parkway Blvd, Miami, FL",PhD,No,Drama,11.8,6.5,83.8,61.2,54.9,55.5,57.28,Pass,D
Oliver Miller,"3142 Highland Terrace, Miami, FL",Bachelor's,No,Drama,10.6,7.2,88.0,52.6,54.5,45.6,51.15,Pass,D
Camila Anderson,"181 Oak Ave, New York, NY",Associate,No,Debate,13.7,5.4,91.5,70.4,72.1,57.4,67.08,Pass,D
James Rodriguez,"993 Highland Terrace, Seattle, WA",Associate,Yes,Debate,16.8,6.0,100.0,77.1,83.1,74.1,78.31,Pass,C
Lucas Thomas,"4073 Lakeview Dr, Portland, OR",PhD,No,Music,8.5,7.0,96.3,51.0,58.3,55.1,54.82,Pass,D
Camila Thomas,"5936 Parkway Blvd, Chicago, IL",None,No,None,7.1,6.9,100.0,65.8,63.4,59.1,62.96,Pass,D
Charlotte Gonzalez,"6177 Lakeview Dr, New York, NY",Master's,Yes,Drama,18.9,6.1,86.1,66.1,71.6,64.2,67.45,Pass,D
Harper Gonzalez,"6157 Oak Ave, Seattle, WA",PhD,Yes,Volunteer,20.2,6.3,88.0,80.6,74.7,75.9,77.13,Pass,C
Evelyn Wilson,"1824 Lakeview Dr, Miami, FL",Bachelor's,No,Music,14.3,8.7,93.4,45.2,59.0,59.9,54.44,Pass,D
Amelia Gonzalez,"6176 Oak Ave, Phoenix, AZ",Associate,No,Drama,12.9,6.7,91.2,49.1,55.5,47.6,50.89,Pass,D
Henry Wilson,"5306 Oak Ave, Columbus, OH",Associate,Yes,Volunteer,14.2,7.5,100.0,66.7,64.2,62.7,64.65,Pass,D
Theodore Wilson,"9546 Highland Terrace, Seattle, WA",Associate,Yes,Music,10.4,6.7,96.5,64.3,71.4,68.4,68.01,Pass,D
Sophia Miller,"6461 Parkway Blvd, Columbus, OH",Master's,Yes,Drama,22.3,7.9,78.7,72.1,58.9,60.0,63.84,Pass,D
Emma Hernandez,"1440 Oak Ave, Boston, MA",PhD,No,None,12.5,6.8,100.0,67.4,66.8,62.0,65.59,Pass,D
Evelyn Miller,"9062 Oak Ave, Columbus, OH",Associate,No,Music,15.9,8.7,76.7,59.1,68.5,51.6,60.13,Pass,D
Sophia Wilson,"5482 Highland Terrace, Atlanta, GA",PhD,No,Music,16.4,6.8,80.1,57.8,58.8,61.0,59.11,Pass,D
Theodore Smith,"1759 Parkway Blvd, New York, NY",PhD,Yes,Drama,13.2,5.8,98.2,63.9,64.1,70.4,65.92,Pass,D
Theodore Thomas,"3972 Highland Terrace, Phoenix, AZ",Master's,Yes,Debate,14.6,7.9,66.6,60.4,61.0,55.5,59.13,Pass,D
Emma Lopez,"8293 Main St, Chicago, IL",None,No,Volunteer,14.0,5.9,67.3,62.4,57.4,48.0,56.32,Pass,D
James Anderson,"578 Oak Ave, Los Angeles, CA",None,No,Music,9.8,7.2,87.3,68.0,69.6,72.1,69.76,Pass,D
Harper Jones,"1065 Parkway Blvd, New York, NY",PhD,Yes,Sports,15.3,6.9,72.6,71.7,66.3,58.0,65.71,Pass,D
Emma Rodriguez,"7040 Parkway Blvd, Atlanta, GA",Master's,Yes,Volunteer,9.8,7.1,75.3,53.5,51.6,59.5,54.62,Pass,D
Oliver Gonzalez,"4607 Highland Terrace, Columbus, OH",High School,Yes,Music,3.7,6.4,64.2,36.0,36.7,52.8,41.28,Fail,F
Emma Martinez,"3318 Highland Terrace, New York, NY",Associate,No,Debate,9.9,5.9,83.1,59.0,57.5,50.1,55.81,Pass,D
Charlotte Hernandez,"4654 Oak Ave, Portland, OR",PhD,Yes,Debate,11.1,6.8,80.9,53.0,56.2,56.7,55.24,Pass,D
Sophia Lopez,"3460 Oak Ave, New York, NY",Master's,Yes,Debate,18.8,8.0,90.9,69.5,70.1,74.9,71.31,Pass,C
Oliver Jackson,"5024 Main St, Phoenix, AZ",High School,No,Volunteer,7.3,6.1,91.1,61.6,61.4,50.2,58.12,Pass,D
Elijah Taylor,"1409 Main St, Portland, OR",High School,No,None,18.7,9.3,87.0,61.7,71.4,49.7,61.48,Pass,D
Henry Martinez,"7639 Main St, Phoenix, AZ",Master's,No,Debate,17.5,6.2,93.4,76.2,67.7,64.2,69.62,Pass,D
Liam Wilson,"9122 Oak Ave, Portland, OR",High School,No,Music,5.5,7.0,100.0,57.0,60.2,48.2,55.46,Pass,D
Camila Brown,"1818 Parkway Blvd, Austin, TX",None,Yes,Drama,10.0,7.4,74.6,58.1,72.0,66.4,65.47,Pass,D
Theodore Smith,"6675 Oak Ave, Los Angeles, CA",Master's,No,None,20.1,6.3,69.2,68.2,78.1,54.6,67.62,Pass,D
Theodore Johnson,"3289 Oak Ave, Los Angeles, CA",High School,No,Drama,4.2,6.4,94.1,40.1,48.2,43.5,43.93,Fail,F
James Thomas,"6969 Parkway Blvd, Portland, OR",PhD,Yes,None,18.1,6.8,80.7,71.8,73.5,63.8,69.99,Pass,D
Elijah Moore,"4711 Main St, Los Angeles, CA",Master's,No,Sports,17.7,7.2,94.3,54.7,49.9,54.4,52.91,Pass,D
Olivia Williams,"8187 Highland Terrace, New York, NY",High School,Yes,Sports,10.2,5.4,100.0,67.3,62.5,73.0,67.32,Pass,D
Elijah Moore,"1799 Parkway Blvd, Los Angeles, CA",None,No,Volunteer,2.7,7.3,78.7,33.3,36.4,37.7,35.72,Fail,F
Theodore Williams,"879 Lakeview Dr, Austin, TX",PhD,Yes,Sports,21.9,6.7,91.9,86.3,76.3,68.1,77.34,Pass,C
Oliver Taylor,"6935 Parkway Blvd, Atlanta, GA",None,No,Volunteer,10.1,5.9,78.1,58.8,57.4,61.6,59.18,Pass,D
Olivia Williams,"9966 Main St, Phoenix, AZ",High School,No,Music,7.4,8.3,89.3,52.5,56.6,57.0,55.27,Pass,D
Emma Miller,"8323 Lakeview Dr, Miami, FL",Associate,No,Music,10.8,6.7,81.9,60.7,65.3,52.6,59.89,Pass,D
Olivia Miller,"3335 Main St, Denver, CO",Bachelor's,Yes,None,20.8,7.6,98.3,100.0,88.8,81.6,90.56,Pass,A
Harper Jackson,"1675 Parkway Blvd, Portland, OR",Master's,Yes,Music,11.0,7.3,86.2,57.6,57.5,59.7,58.18,Pass,D
Luna Gonzalez,"1408 Lakeview Dr, Austin, TX",Bachelor's,Yes,None,15.5,7.2,94.2,70.4,69.5,86.5,74.9,Pass,C
Noah Thomas,"3430 Oak Ave, Los Angeles, CA",PhD,Yes,Volunteer,13.5,7.6,87.5,64.0,69.8,69.4,67.63,Pass,D
Sophia Smith,"5071 Parkway Blvd, Seattle, WA",PhD,Yes,Music,19.9,6.9,81.2,61.7,56.8,64.9,60.96,Pass,D
Benjamin Moore,"1546 Lakeview Dr, Portland, OR",None,Yes,Music,11.7,7.3,82.2,61.1,47.4,52.9,53.87,Pass,D
Luna Anderson,"5000 Lakeview Dr, Portland, OR",High School,No,None,11.3,7.9,96.0,63.7,66.1,62.0,64.03,Pass,D
Noah Martin,"7245 Parkway Blvd, Chicago, IL",Master's,No,Debate,14.4,7.5,87.5,51.6,50.0,52.3,51.25,Pass,D
Henry Martinez,"3172 Highland Terrace, New York, NY",None,Yes,Volunteer,4.7,8.6,96.7,64.5,64.3,69.7,65.95,Pass,D
Noah Johnson,"8280 Lakeview Dr, Portland, OR",Master's,Yes,None,11.6,7.5,78.4,64.9,59.0,60.1,61.4,Pass,D
Henry Brown,"4790 Oak Ave, Phoenix, AZ",High School,Yes,Sports,9.3,6.2,82.0,56.5,75.0,60.4,64.17,Pass,D
Mia Martinez,"1347 Oak Ave, Austin, TX",None,No,Music,14.7,7.4,83.2,73.4,64.6,57.6,65.59,Pass,D
William Johnson,"9878 Parkway Blvd, New York, NY",PhD,Yes,Debate,14.3,6.8,100.0,77.5,66.1,78.6,73.82,Pass,C
Noah Wilson,"4249 Lakeview Dr, Atlanta, GA",Associate,Yes,Drama,13.3,7.6,79.9,73.4,64.2,62.3,66.83,Pass,D
Charlotte Thomas,"5209 Main St, Columbus, OH",None,Yes,None,14.5,8.4,93.6,66.5,65.5,68.1,66.62,Pass,D
Mia Martinez,"1165 Parkway Blvd, Boston, MA",Master's,No,Volunteer,14.0,7.4,98.7,61.1,78.3,61.6,67.29,Pass,D
Benjamin Lopez,"6496 Highland Terrace, New York, NY",Associate,Yes,Sports,14.6,7.5,88.3,76.2,68.3,73.4,72.6,Pass,C
Liam Lopez,"9780 Lakeview Dr, Los Angeles, CA",Bachelor's,No,Drama,20.0,7.4,73.9,73.0,70.5,68.8,70.85,Pass,C
Henry Miller,"6064 Highland Terrace, Denver, CO",Associate,Yes,Music,15.6,6.9,81.5,67.2,61.2,61.3,63.34,Pass,D
Lucas Williams,"2656 Parkway Blvd, Boston, MA",Bachelor's,Yes,None,10.8,7.6,96.8,60.5,72.5,72.0,68.16,Pass,D
Mia Gonzalez,"524 Lakeview Dr, Denver, CO",Bachelor's,Yes,Debate,12.4,8.3,75.6,61.8,57.9,63.8,61.05,Pass,D
Liam Johnson,"4917 Lakeview Dr, Los Angeles, CA",None,Yes,Sports,4.2,6.3,81.2,39.5,50.9,49.2,46.41,Fail,F
Henry Taylor,"6997 Oak Ave, Portland, OR",Associate,Yes,None,7.6,7.1,67.7,67.7,62.2,74.1,67.7,Pass,D
Benjamin Anderson,"184 Main St, Los Angeles, CA",PhD,No,Debate,16.9,7.4,63.4,66.9,62.1,56.3,62.07,Pass,D
Luna Martin,"4555 Main St, Austin, TX",Bachelor's,Yes,Volunteer,12.3,6.6,100.0,64.9,63.3,70.4,65.98,Pass,D
Oliver Smith,"6778 Oak Ave, Boston, MA",High School,Yes,Sports,8.9,7.2,65.7,52.0,53.8,48.0,51.44,Pass,D
Mia Garcia,"3857 Oak Ave, Seattle, WA",Master's,Yes,Music,18.4,8.1,99.3,85.1,75.8,88.4,82.83,Pass,B
Charlotte Moore,"4751 Main St, Seattle, WA",Master's,No,Debate,13.9,7.8,92.1,62.6,58.2,53.8,58.42,Pass,D
William Jones,"3255 Lakeview Dr, Atlanta, GA",Master's,No,Sports,14.8,6.3,83.4,81.4,80.9,70.7,77.98,Pass,C
Liam Rodriguez,"739 Highland Terrace, Los Angeles, CA",Associate,No,Volunteer,18.1,7.0,79.0,67.9,71.2,60.1,66.74,Pass,D
Emma Davis,"1767 Main St, Denver, CO",High School,No,None,4.2,7.4,86.0,55.6,51.7,44.8,51.0,Pass,D
Liam Hernandez,"5321 Parkway Blvd, Chicago, IL",High School,Yes,None,5.1,8.9,72.0,41.4,39.1,40.3,40.25,Fail,F
Benjamin Jackson,"225 Parkway Blvd, Seattle, WA",Associate,Yes,None,8.6,7.0,98.2,46.1,67.2,53.0,55.55,Pass,D
Mia Thomas,"770 Highland Terrace, Atlanta, GA",Bachelor's,Yes,Sports,18.2,6.5,89.2,61.5,61.8,62.3,61.84,Pass,D
Oliver Moore,"1292 Main St, Austin, TX",Associate,Yes,Volunteer,11.8,7.0,83.5,55.1,62.5,67.8,61.5,Pass,D
Sophia Hernandez,"5036 Main St, Chicago, IL",Master's,No,Music,14.3,8.1,85.8,59.1,70.9,60.9,63.76,Pass,D
Benjamin Brown,"4403 Lakeview Dr, Portland, OR",Bachelor's,No,Debate,17.9,7.5,73.2,69.7,61.2,61.7,64.35,Pass,D
Sophia Jones,"696 Oak Ave, Atlanta, GA",None,Yes,Sports,7.3,6.4,93.6,58.7,59.2,58.1,58.69,Pass,D
Henry Davis,"8254 Highland Terrace, Denver, CO",PhD,Yes,None,15.2,5.2,70.3,69.8,58.7,64.4,64.28,Pass,D
Amelia Anderson,"9687 Main St, Atlanta, GA",PhD,Yes,Sports,14.5,7.2,100.0,71.9,70.2,68.1,70.16,Pass,C
Amelia Martin,"7384 Lakeview Dr, Columbus, OH",High School,No,Volunteer,15.8,9.0,95.9,69.9,64.5,61.8,65.58,Pass,D
Theodore Smith,"5538 Highland Terrace, Denver, CO",Associate,No,Debate,14.1,4.0,79.1,68.1,52.7,49.1,57.01,Pass,D
Mia Jackson,"5114 Main St, Phoenix, AZ",Master's,No,Music,10.2,6.4,96.4,63.9,80.9,70.7,71.89,Pass,C
Theodore Smith,"9975 Parkway Blvd, New York, NY",Master's,Yes,None,16.5,5.8,91.0,75.0,69.4,65.5,70.17,Pass,C
Sophia Lopez,"8616 Highland Terrace, Seattle, WA",Master's,No,Sports,19.6,6.8,81.2,68.5,72.4,69.1,70.02,Pass,C
Henry Williams,"894 Parkway Blvd, Columbus, OH",Associate,No,Debate,13.2,6.3,78.8,70.3,70.3,59.0,66.91,Pass,D
Amelia Davis,"4578 Lakeview Dr, Boston, MA",Bachelor's,Yes,Sports,17.7,7.7,81.4,65.5,59.8,72.7,65.68,Pass,D
Henry Hernandez,"7377 Parkway Blvd, Seattle, WA",None,Yes,Debate,5.2,5.7,71.1,46.8,60.3,48.6,52.07,Pass,D
Luna Williams,"9729 Highland Terrace, Miami, FL",None,Yes,Drama,7.5,6.5,73.2,54.1,57.7,56.0,55.94,Pass,D
Amelia Smith,"4693 Oak Ave, Atlanta, GA",Bachelor's,No,Volunteer,19.1,6.3,87.1,61.7,55.0,42.8,53.68,Pass,D
Camila Garcia,"6617 Lakeview Dr, Portland, OR",Associate,No,Debate,11.8,5.1,79.1,69.7,85.9,75.8,77.21,Pass,C
Harper Garcia,"249 Highland Terrace, Denver, CO",Associate,Yes,Music,6.5,7.4,100.0,63.6,65.6,56.9,62.29,Pass,D
Oliver Rodriguez,"3583 Lakeview Dr, Seattle, WA",Master's,Yes,Sports,13.0,5.6,91.4,55.7,56.3,63.5,58.24,Pass,D
Elijah Williams,"2164 Lakeview Dr, Boston, MA",None,No,Drama,4.0,5.8,99.5,61.3,56.9,57.2,58.54,Pass,D
Amelia Gonzalez,"1869 Lakeview Dr, Phoenix, AZ",Master's,No,Drama,15.8,7.4,91.7,73.3,71.6,57.5,67.96,Pass,D
Lucas Martinez,"571 Parkway Blvd, Phoenix, AZ",High School,No,Volunteer,7.7,6.7,73.9,54.9,56.6,55.9,55.82,Pass,D
Henry Smith,"4647 Oak Ave, Seattle, WA",Associate,No,Sports,12.3,7.1,90.2,74.2,73.6,64.5,71.11,Pass,C
Amelia Miller,"2465 Highland Terrace, Chicago, IL",Associate,No,Drama,8.8,5.6,99.5,76.1,81.6,58.3,72.68,Pass,C
Charlotte Davis,"5378 Highland Terrace, Los Angeles, CA",High School,No,Music,12.9,7.4,87.5,64.3,58.7,71.1,64.37,Pass,D
Olivia Rodriguez,"2390 Highland Terrace, Austin, TX",Bachelor's,No,Music,14.7,4.7,78.5,56.2,53.1,61.0,56.53,Pass,D
Camila Martin,"7351 Oak Ave, Los Angeles, CA",None,No,Drama,5.9,7.1,74.4,42.6,53.0,46.5,47.42,Fail,F
Charlotte Martin,"2246 Main St, Seattle, WA",Associate,Yes,Debate,14.4,7.0,85.1,53.9,60.8,63.5,59.16,Pass,D
Lucas Moore,"2053 Lakeview Dr, Seattle, WA",PhD,Yes,Volunteer,13.0,7.6,100.0,65.9,70.4,80.6,71.87,Pass,C
Charlotte Gonzalez,"9997 Oak Ave, New York, NY",Bachelor's,Yes,Debate,13.1,5.8,86.5,77.0,65.8,73.3,71.98,Pass,C
Amelia Jones,"640 Oak Ave, Denver, CO",None,Yes,Volunteer,8.2,8.8,94.7,66.7,66.7,66.8,66.75,Pass,D
Charlotte Taylor,"5049 Highland Terrace, Austin, TX",Associate,Yes,Music,7.9,6.8,89.4,53.0,46.0,55.5,51.27,Pass,D
Oliver Johnson,"1660 Highland Terrace, New York, NY",None,Yes,Volunteer,3.5,5.1,85.2,48.0,61.7,56.7,55.4,Pass,D
Amelia Davis,"6222 Highland Terrace, Chicago, IL",High School,No,Volunteer,11.7,5.9,90.3,70.7,69.9,61.2,67.56,Pass,D
Harper Williams,"1112 Main St, Phoenix, AZ",None,Yes,Music,11.5,6.2,89.0,66.6,56.4,72.3,64.74,Pass,D
Theodore Hernandez,"1729 Parkway Blvd, New York, NY",High School,Yes,Drama,5.5,7.2,86.2,43.4,40.8,55.7,46.17,Fail,F
Henry Rodriguez,"8164 Main St, Columbus, OH",Master's,No,Drama,9.1,5.7,83.9,52.4,41.9,53.9,49.17,Fail,F
Camila Martinez,"7464 Highland Terrace, Austin, TX",Master's,Yes,Music,19.9,7.1,100.0,77.1,80.6,76.3,78.07,Pass,C
Liam Martinez,"3658 Oak Ave, Denver, CO",PhD,Yes,Sports,16.6,6.2,81.9,61.8,64.9,67.3,64.52,Pass,D
Henry Anderson,"8856 Main St, Boston, MA",Associate,No,Debate,9.8,5.8,83.6,47.2,49.8,49.7,48.85,Fail,F
Sophia Anderson,"4817 Oak Ave, Columbus, OH",Bachelor's,Yes,None,9.5,7.8,100.0,63.4,67.9,65.5,65.62,Pass,D
Emma Martin,"5879 Oak Ave, Miami, FL",PhD,Yes,Sports,16.2,7.6,85.0,82.9,82.0,75.0,80.23,Pass,B
Lucas Thomas,"6993 Parkway Blvd, New York, NY",Associate,Yes,Drama,13.8,8.3,94.9,67.6,75.9,70.8,71.46,Pass,C
Charlotte Thomas,"6949 Main St, Portland, OR",High School,Yes,Volunteer,15.5,7.9,92.5,69.7,79.1,74.2,74.37,Pass,C
Charlotte Moore,"5361 Parkway Blvd, Los Angeles, CA",Master's,Yes,Debate,19.4,5.8,100.0,71.8,88.5,76.6,79.09,Pass,C
Noah Martin,"2653 Oak Ave, Austin, TX",High School,Yes,None,9.5,9.6,97.1,57.5,62.4,62.3,60.65,Pass,D
Emma Gonzalez,"9063 Parkway Blvd, Boston, MA",None,No,None,12.9,7.8,100.0,82.3,68.0,61.5,71.07,Pass,C
Harper Wilson,"5593 Oak Ave, Chicago, IL",High School,Yes,Music,10.5,6.7,71.2,66.1,62.0,57.9,62.19,Pass,D
Harper Brown,"5928 Highland Terrace, Atlanta, GA",High School,Yes,Music,5.7,5.1,91.4,52.1,57.1,56.3,55.09,Pass,D
Henry Taylor,"4760 Highland Terrace, Columbus, OH",Associate,No,Music,5.5,6.7,78.0,60.0,59.8,64.1,61.13,Pass,D
Harper Williams,"4786 Oak Ave, Los Angeles, CA",Master's,No,Music,9.4,5.6,100.0,58.7,52.6,44.9,52.43,Pass,D
Liam Johnson,"4111 Parkway Blvd, Austin, TX",Associate,Yes,Volunteer,14.6,7.6,72.8,64.0,53.1,58.1,58.43,Pass,D
Luna Jackson,"2533 Oak Ave, Columbus, OH",PhD,Yes,Music,18.6,7.4,82.4,76.4,84.0,80.5,80.27,Pass,B
Oliver Rodriguez,"5745 Highland Terrace, New York, NY",PhD,No,Debate,16.9,5.6,75.0,65.2,65.3,64.8,65.14,Pass,D
Camila Miller,"7943 Highland Terrace, Seattle, WA",PhD,No,Sports,16.7,6.1,96.9,81.4,71.9,75.7,76.36,Pass,C
Harper Moore,"8241 Parkway Blvd, Chicago, IL",Associate,Yes,Drama,3.0,7.8,92.3,46.6,50.7,54.3,50.38,Pass,D
James Taylor,"775 Main St, Seattle, WA",None,No,None,1.0,6.2,98.0,44.8,47.0,49.1,46.87,Fail,F
Liam Gonzalez,"2781 Parkway Blvd, Denver, CO",Bachelor's,No,Music,6.6,6.6,74.1,34.9,46.1,44.4,41.68,Fail,F
Evelyn Anderson,"6142 Main St, Chicago, IL",High School,No,Music,5.8,7.4,82.8,39.1,47.4,45.0,43.78,Fail,F
Elijah Hernandez,"3714 Oak Ave, Denver, CO",Bachelor's,No,None,10.4,8.7,71.7,59.4,61.7,51.2,57.72,Pass,D
Henry Hernandez,"7788 Parkway Blvd, New York, NY",Associate,No,Volunteer,13.0,5.9,66.7,53.8,55.0,47.3,52.26,Pass,D
Sophia Jackson,"2717 Oak Ave, New York, NY",Associate,No,None,11.3,9.5,98.9,58.5,67.1,62.7,62.75,Pass,D
Mia Brown,"5127 Parkway Blvd, Austin, TX",PhD,Yes,Drama,11.7,7.2,75.8,53.8,59.7,57.6,57.01,Pass,D
Liam Wilson,"2223 Highland Terrace, Phoenix, AZ",Bachelor's,No,Debate,9.2,6.1,86.6,58.7,66.2,56.6,60.72,Pass,D
Luna Hernandez,"2442 Main St, Los Angeles, CA",Bachelor's,Yes,Debate,16.3,8.7,71.0,61.2,69.6,67.2,65.97,Pass,D
Evelyn Thomas,"9885 Oak Ave, Seattle, WA",PhD,No,None,20.0,8.9,90.0,69.6,66.6,59.9,65.63,Pass,D
Liam Martin,"9673 Oak Ave, Boston, MA",Associate,No,Music,9.7,7.3,82.2,39.5,46.6,48.9,44.79,Fail,F
Noah Jones,"1906 Lakeview Dr, Phoenix, AZ",Bachelor's,No,Sports,5.6,6.8,92.1,55.9,47.9,63.2,55.29,Pass,D
Charlotte Jones,"4895 Parkway Blvd, Chicago, IL",Bachelor's,Yes,Drama,6.9,7.3,88.8,61.2,55.9,58.9,58.67,Pass,D
Mia Thomas,"9393 Parkway Blvd, Columbus, OH",High School,No,Sports,12.4,6.1,77.2,55.8,50.2,60.2,55.15,Pass,D
Benjamin Martinez,"950 Parkway Blvd, Columbus, OH",None,Yes,Music,6.2,7.3,71.1,58.7,68.6,56.8,61.58,Pass,D
Camila Taylor,"1633 Lakeview Dr, Seattle, WA",Bachelor's,Yes,Music,13.5,7.2,78.2,69.5,65.4,64.4,66.52,Pass,D
James Anderson,"2656 Main St, Portland, OR",Master's,No,Drama,19.6,6.6,95.4,68.6,75.2,58.1,67.76,Pass,D
Noah Gonzalez,"6656 Parkway Blvd, Boston, MA",None,No,Music,5.8,7.1,100.0,64.6,57.7,51.7,58.33,Pass,D
Evelyn Davis,"2403 Highland Terrace, Portland, OR",Bachelor's,Yes,Sports,14.1,7.8,79.9,60.6,51.0,64.2,58.34,Pass,D
Emma Williams,"2582 Main St, Seattle, WA",None,No,Volunteer,6.6,8.8,100.0,47.7,56.5,49.3,51.24,Pass,D
Elijah Jones,"4247 Highland Terrace, New York, NY",High School,Yes,Music,7.6,7.1,67.8,50.6,47.0,56.6,51.12,Pass,D
Evelyn Anderson,"9541 Parkway Blvd, Portland, OR",None,Yes,None,5.5,5.5,90.3,54.1,50.5,60.0,54.62,Pass,D
Luna Martin,"8271 Main St, New York, NY",PhD,Yes,Debate,18.6,5.7,76.9,69.8,80.7,71.2,74.05,Pass,C
Liam Hernandez,"4248 Highland Terrace, Portland, OR",Associate,No,Volunteer,10.5,7.8,95.8,59.5,62.1,56.9,59.63,Pass,D
Oliver Smith,"6169 Parkway Blvd, Atlanta, GA",Associate,Yes,Sports,11.9,7.8,85.0,64.4,58.9,65.9,62.94,Pass,D
James Jones,"6155 Main St, Miami, FL",Master's,Yes,Drama,17.4,7.8,84.0,70.1,73.0,66.0,69.9,Pass,D
Olivia Smith,"1874 Lakeview Dr, Los Angeles, CA",Associate,No,Sports,13.4,9.2,81.7,63.0,60.3,59.8,61.08,Pass,D
Harper Lopez,"1083 Highland Terrace, Atlanta, GA",None,Yes,Volunteer,11.7,8.3,94.0,57.2,54.5,59.2,56.87,Pass,D
Benjamin Jackson,"685 Lakeview Dr, Portland, OR",Associate,Yes,Sports,17.7,7.3,100.0,70.9,68.8,75.0,71.38,Pass,C
Sophia Johnson,"4064 Main St, Miami, FL",Associate,No,Debate,18.1,8.1,96.4,89.8,84.8,72.7,82.91,Pass,B
Benjamin Hernandez,"3599 Lakeview Dr, Los Angeles, CA",High School,Yes,Drama,11.7,6.8,70.5,53.4,62.6,54.5,56.93,Pass,D
Benjamin Miller,"5183 Parkway Blvd, Boston, MA",Associate,No,Volunteer,8.2,5.3,100.0,62.6,56.4,56.6,58.66,Pass,D
Olivia Miller,"296 Main St, Austin, TX",Bachelor's,No,Debate,14.0,7.2,87.3,62.5,65.1,60.8,62.89,Pass,D
Sophia Anderson,"8079 Parkway Blvd, Los Angeles, CA",Master's,No,Sports,14.7,7.1,92.3,68.7,66.0,57.5,64.43,Pass,D
Noah Martin,"2635 Parkway Blvd, Austin, TX",PhD,Yes,Debate,20.8,6.2,89.4,80.1,72.6,76.4,76.39,Pass,C
Camila Taylor,"9254 Oak Ave, Columbus, OH",Bachelor's,Yes,Debate,14.4,6.5,79.8,53.5,63.6,63.0,59.91,Pass,D
Noah Brown,"8553 Parkway Blvd, Denver, CO",Bachelor's,No,Sports,14.1,8.0,77.4,70.2,60.9,61.4,64.28,Pass,D
Noah Jackson,"7800 Parkway Blvd, Phoenix, AZ",Bachelor's,No,Volunteer,11.1,7.5,82.0,56.8,59.7,54.2,57.02,Pass,D
Benjamin Miller,"3363 Oak Ave, Portland, OR",Bachelor's,Yes,Debate,17.3,7.3,65.1,58.3,50.8,50.0,53.19,Pass,D
Olivia Hernandez,"5553 Highland Terrace, Austin, TX",High School,No,Music,10.0,4.4,95.0,56.8,66.0,59.3,60.77,Pass,D
Elijah Lopez,"8932 Main St, Portland, OR",Master's,No,Debate,16.0,6.7,83.7,82.9,78.4,66.5,76.41,Pass,C
William Anderson,"2556 Highland Terrace, Columbus, OH",Associate,Yes,Drama,13.2,7.4,93.3,61.1,74.5,67.2,67.62,Pass,D
Amelia Davis,"9820 Highland Terrace, Phoenix, AZ",High School,No,Music,10.7,8.4,82.5,72.2,72.3,58.1,68.0,Pass,D
Henry Gonzalez,"2426 Main St, Portland, OR",Bachelor's,No,Drama,11.0,6.5,80.5,64.8,55.6,56.6,59.14,Pass,D
Luna Johnson,"5510 Highland Terrace, Los Angeles, CA",Associate,No,Debate,6.0,6.4,86.7,56.2,69.1,47.7,58.16,Pass,D
Luna Thomas,"3508 Main St, Phoenix, AZ",High School,Yes,Music,8.1,5.9,79.7,62.4,59.3,58.4,60.11,Pass,D
Benjamin Hernandez,"2681 Parkway Blvd, Chicago, IL",High School,No,Debate,9.3,6.5,65.0,58.1,46.6,43.4,49.64,Fail,F
Evelyn Jackson,"3736 Lakeview Dr, Atlanta, GA",Associate,Yes,None,8.1,5.9,84.7,50.6,54.1,59.3,54.44,Pass,D
Mia Johnson,"5341 Oak Ave, Seattle, WA",Master's,No,Drama,14.0,6.8,100.0,78.5,84.9,69.8,78.12,Pass,C
Evelyn Brown,"172 Highland Terrace, Chicago, IL",Bachelor's,Yes,Sports,13.4,6.7,78.9,63.5,47.4,56.9,55.87,Pass,D
Luna Jackson,"2149 Main St, Boston, MA",PhD,No,Music,14.8,7.3,92.4,60.3,58.3,59.6,59.39,Pass,D
Luna Garcia,"7884 Parkway Blvd, Boston, MA",Bachelor's,Yes,Sports,9.4,8.2,100.0,77.2,74.1,77.4,76.17,Pass,C
Benjamin Martinez,"5327 Oak Ave, Seattle, WA",PhD,No,None,13.3,7.3,92.7,57.7,46.6,53.9,52.68,Pass,D
Benjamin Gonzalez,"117 Highland Terrace, Chicago, IL",None,Yes,Debate,10.0,6.4,83.1,63.7,56.9,59.4,60.04,Pass,D
Noah Jones,"887 Oak Ave, Los Angeles, CA",PhD,No,Music,19.2,6.1,77.3,88.3,71.3,71.4,77.28,Pass,C
James Martinez,"4855 Parkway Blvd, Portland, OR",High School,Yes,Drama,10.4,7.3,93.5,52.0,58.7,52.5,54.46,Pass,D
Harper Anderson,"1639 Highland Terrace, Boston, MA",PhD,No,Sports,16.9,6.4,94.5,95.1,91.9,84.7,90.86,Pass,A
Theodore Jackson,"7878 Main St, Portland, OR",Bachelor's,No,None,8.0,5.3,89.6,54.5,59.3,66.5,59.77,Pass,D
Camila Wilson,"6633 Parkway Blvd, Denver, CO",Bachelor's,No,Drama,13.6,5.7,84.4,65.6,65.8,55.0,62.46,Pass,D
Olivia Martin,"6287 Highland Terrace, Phoenix, AZ",High School,Yes,Drama,8.1,6.5,85.6,42.9,51.4,55.6,49.69,Fail,F
Elijah Smith,"6107 Oak Ave, Austin, TX",High School,No,Music,7.7,6.8,90.9,50.6,63.9,56.8,57.14,Pass,D
Henry Lopez,"7618 Highland Terrace, Chicago, IL",High School,Yes,Music,3.7,9.0,77.6,38.8,47.9,50.9,45.6,Fail,F
Noah Jackson,"4333 Oak Ave, Los Angeles, CA",Master's,Yes,Debate,9.0,5.3,86.7,59.3,57.2,56.6,57.75,Pass,D
Liam Lopez,"4761 Parkway Blvd, Columbus, OH",PhD,Yes,Debate,15.1,7.5,89.7,77.9,65.5,74.8,72.63,Pass,C
Olivia Brown,"8174 Highland Terrace, Denver, CO",None,Yes,Drama,6.5,7.6,73.5,45.9,54.8,62.8,54.1,Pass,D
Olivia Brown,"1234 Parkway Blvd, Austin, TX",PhD,Yes,Debate,21.6,7.8,77.8,74.1,76.0,82.5,77.3,Pass,C
Liam Smith,"635 Oak Ave, Atlanta, GA",Bachelor's,No,Volunteer,17.4,8.1,95.2,61.2,69.7,62.0,64.41,Pass,D
Theodore Miller,"4386 Parkway Blvd, Portland, OR",Associate,No,Volunteer,4.4,7.2,88.7,46.9,55.5,46.2,49.71,Fail,F
James Davis,"4835 Highland Terrace, Denver, CO",Master's,Yes,Drama,17.2,7.2,87.0,59.6,69.6,64.4,64.56,Pass,D
Harper Williams,"3162 Main St, Phoenix, AZ",Associate,No,Debate,14.8,7.2,75.1,65.5,60.0,60.2,61.96,Pass,D
Theodore Williams,"6398 Oak Ave, Miami, FL",PhD,No,None,15.6,7.5,83.7,72.9,68.8,67.9,69.99,Pass,D
Henry Martinez,"4033 Oak Ave, Portland, OR",None,Yes,Sports,1.0,8.2,71.0,44.4,49.7,55.4,49.57,Fail,F
Harper Jones,"6779 Parkway Blvd, Portland, OR",Associate,Yes,Volunteer,11.1,7.4,76.3,60.9,55.5,53.9,56.91,Pass,D
Oliver Martinez,"8926 Lakeview Dr, New York, NY",Associate,Yes,None,10.6,7.7,78.2,73.1,68.6,72.8,71.44,Pass,C
Harper Jones,"142 Main St, Miami, FL",None,Yes,Sports,14.3,6.7,89.9,60.9,65.1,62.9,62.94,Pass,D
Luna Gonzalez,"913 Main St, Portland, OR",Associate,No,Sports,15.5,6.1,89.9,79.3,82.2,67.4,76.77,Pass,C
William Williams,"494 Highland Terrace, Phoenix, AZ",Associate,No,Music,7.1,6.4,78.6,63.9,57.9,47.0,56.73,Pass,D
Oliver Thomas,"6664 Oak Ave, Los Angeles, CA",PhD,Yes,None,14.2,6.2,74.3,77.3,64.9,65.3,69.36,Pass,D
James Davis,"6994 Oak Ave, Denver, CO",Bachelor's,Yes,Sports,8.1,5.7,77.6,55.7,52.9,66.2,57.89,Pass,D
Noah Johnson,"717 Highland Terrace, Austin, TX",None,Yes,Sports,4.6,8.1,100.0,50.5,46.7,64.6,53.39,Pass,D
Luna Anderson,"1967 Main St, Atlanta, GA",Associate,Yes,Music,9.3,7.0,96.4,52.9,61.0,58.5,57.42,Pass,D
Benjamin Davis,"4665 Main St, Denver, CO",Associate,Yes,Volunteer,7.5,5.8,79.7,38.0,33.0,44.7,38.25,Fail,F
Olivia Martin,"3870 Main St, Columbus, OH",Associate,Yes,None,14.6,4.7,72.2,61.2,49.9,64.0,58.11,Pass,D
Lucas Wilson,"1550 Oak Ave, New York, NY",Bachelor's,No,Music,16.2,7.1,95.5,73.3,79.1,67.4,73.56,Pass,C
Luna Smith,"1449 Oak Ave, Atlanta, GA",High School,No,Volunteer,12.3,8.3,63.9,59.6,58.4,53.5,57.36,Pass,D
Noah Lopez,"5065 Parkway Blvd, Phoenix, AZ",PhD,No,Debate,15.6,8.7,72.7,61.0,64.1,57.8,61.09,Pass,D
Liam Lopez,"3709 Main St, Columbus, OH",None,Yes,Drama,1.0,6.5,85.1,36.1,45.8,46.1,42.48,Fail,F
Luna Miller,"4106 Main St, Portland, OR",Master's,No,Debate,16.8,6.0,81.8,73.4,71.6,68.8,71.39,Pass,C
James Martin,"8354 Lakeview Dr, Boston, MA",High School,Yes,Volunteer,8.8,6.1,82.7,62.1,62.0,51.4,58.86,Pass,D
Theodore Brown,"5153 Oak Ave, Columbus, OH",PhD,No,Volunteer,8.6,6.3,94.9,64.5,55.2,54.2,58.18,Pass,D
Amelia Thomas,"5932 Main St, New York, NY",PhD,Yes,Debate,13.2,8.4,76.6,75.0,68.5,57.3,67.41,Pass,D
Harper Wilson,"1710 Highland Terrace, Boston, MA",Bachelor's,No,Debate,6.8,7.1,82.0,72.7,69.7,56.5,66.8,Pass,D
Oliver Taylor,"3651 Parkway Blvd, Atlanta, GA",High School,No,Volunteer,14.0,7.2,79.7,50.4,59.9,55.6,55.3,Pass,D
Benjamin Lopez,"1538 Parkway Blvd, Austin, TX",PhD,Yes,Debate,20.1,7.7,90.5,65.0,66.2,66.5,65.87,Pass,D
Henry Garcia,"2703 Oak Ave, Phoenix, AZ",Bachelor's,No,Debate,13.7,8.1,97.6,59.2,70.8,67.7,65.85,Pass,D
Lucas Taylor,"8535 Main St, Columbus, OH",Master's,Yes,Debate,17.0,6.2,89.9,66.7,71.8,65.4,68.08,Pass,D
Henry Williams,"5422 Oak Ave, New York, NY",High School,Yes,Debate,15.2,9.0,96.4,73.5,75.1,74.6,74.41,Pass,C
Sophia Jackson,"4062 Lakeview Dr, Phoenix, AZ",Master's,Yes,Music,17.2,7.2,67.9,58.1,58.4,65.4,60.4,Pass,D
William Hernandez,"7908 Parkway Blvd, Phoenix, AZ",Bachelor's,Yes,Debate,15.8,8.1,82.8,63.9,54.7,65.4,61.09,Pass,D
William Martin,"6328 Lakeview Dr, Boston, MA",None,Yes,Volunteer,2.2,6.0,76.2,28.8,29.4,32.8,30.2,Fail,F
Mia Moore,"5295 Main St, Austin, TX",None,No,Sports,5.3,6.6,62.7,50.1,52.8,54.1,52.25,Pass,D
Lucas Brown,"5501 Parkway Blvd, New York, NY",Master's,Yes,Volunteer,10.4,8.1,89.5,59.5,45.9,54.1,53.11,Pass,D
Noah Jones,"5875 Parkway Blvd, Phoenix, AZ",Associate,Yes,Volunteer,10.0,6.0,81.7,50.6,68.8,59.4,59.61,Pass,D
Luna Anderson,"1970 Lakeview Dr, Los Angeles, CA",Master's,No,Sports,15.0,6.9,85.5,63.9,61.7,65.0,63.44,Pass,D
Olivia Lopez,"171 Highland Terrace, Austin, TX",High School,No,Drama,13.8,6.2,92.4,71.9,70.5,65.3,69.43,Pass,D
Camila Garcia,"7427 Highland Terrace, Atlanta, GA",Bachelor's,No,None,21.2,7.6,91.9,95.0,85.0,75.5,85.66,Pass,B
Lucas Johnson,"3916 Main St, Portland, OR",High School,Yes,Sports,6.6,7.2,90.9,53.8,60.8,67.9,60.48,Pass,D
Emma Brown,"2556 Lakeview Dr, Columbus, OH",PhD,Yes,Sports,16.3,7.5,88.3,67.0,69.9,62.5,66.67,Pass,D
Benjamin Gonzalez,"691 Parkway Blvd, Portland, OR",Associate,Yes,Volunteer,8.3,7.2,89.7,50.9,57.1,58.0,55.21,Pass,D
Liam Gonzalez,"9942 Lakeview Dr, Portland, OR",High School,Yes,Music,5.9,5.5,76.8,49.1,46.2,49.6,48.24,Fail,F
Amelia Miller,"3554 Main St, New York, NY",PhD,Yes,Debate,20.2,6.9,94.3,80.7,63.0,81.8,74.81,Pass,C
Charlotte Johnson,"8267 Oak Ave, Austin, TX",None,Yes,Drama,8.4,6.6,76.1,61.0,62.4,62.2,61.87,Pass,D
Charlotte Gonzalez,"7038 Oak Ave, Portland, OR",Associate,No,Drama,7.3,7.8,87.0,50.0,59.5,49.8,53.24,Pass,D
Amelia Thomas,"4823 Main St, Columbus, OH",PhD,No,Debate,18.7,5.7,97.2,67.9,71.1,83.1,73.59,Pass,C
Noah Rodriguez,"6506 Highland Terrace, Miami, FL",Associate,No,None,10.5,8.0,91.2,59.3,65.7,50.2,58.8,Pass,D
Harper Rodriguez,"6332 Highland Terrace, Austin, TX",Bachelor's,Yes,Drama,17.6,5.7,85.1,58.3,59.8,64.2,60.61,Pass,D
Sophia Rodriguez,"3685 Lakeview Dr, Denver, CO",Associate,Yes,Drama,9.7,6.6,88.8,67.2,75.4,61.0,68.21,Pass,D
Henry Wilson,"8889 Parkway Blvd, Atlanta, GA",Associate,Yes,None,12.6,7.7,86.4,67.4,63.2,71.8,67.26,Pass,D
Elijah Taylor,"4960 Highland Terrace, Chicago, IL",PhD,Yes,None,14.5,6.9,100.0,70.2,70.4,69.2,69.98,Pass,D
Mia Moore,"2721 Parkway Blvd, New York, NY",Bachelor's,Yes,Debate,9.6,5.2,91.0,54.8,72.1,57.1,61.57,Pass,D
Henry Martinez,"5231 Oak Ave, Atlanta, GA",High School,Yes,None,5.1,5.2,100.0,37.1,38.0,49.4,41.1,Fail,F
Lucas Thomas,"8693 Parkway Blvd, Denver, CO",None,No,Music,6.1,5.8,100.0,52.0,57.4,48.7,52.89,Pass,D
Charlotte Wilson,"9289 Oak Ave, Phoenix, AZ",PhD,No,Drama,14.4,6.9,88.7,58.0,74.9,73.1,68.45,Pass,D
Amelia Wilson,"5624 Highland Terrace, Phoenix, AZ",None,No,Sports,4.4,8.9,100.0,50.7,54.1,52.7,52.51,Pass,D
Sophia Hernandez,"6017 Main St, Austin, TX",Master's,Yes,Volunteer,13.8,6.8,100.0,51.5,60.0,57.5,56.28,Pass,D
Elijah Gonzalez,"2806 Main St, Boston, MA",None,No,Music,2.9,7.7,74.6,45.5,43.9,45.1,44.82,Fail,F
Elijah Garcia,"3313 Highland Terrace, Phoenix, AZ",None,No,Debate,4.9,7.8,96.6,48.9,53.1,50.6,50.86,Pass,D
Amelia Thomas,"9771 Lakeview Dr, Seattle, WA",Associate,No,None,7.8,7.4,93.6,58.0,59.3,61.8,59.59,Pass,D
Liam Davis,"568 Main St, Atlanta, GA",Bachelor's,Yes,Drama,10.2,7.8,81.2,48.6,55.9,63.7,55.67,Pass,D
Luna Lopez,"5905 Main St, Los Angeles, CA",PhD,Yes,None,17.1,7.9,95.9,67.6,68.8,74.1,69.98,Pass,D
Liam Martinez,"479 Oak Ave, Denver, CO",Master's,Yes,Drama,14.6,7.3,84.5,77.3,75.7,72.2,75.21,Pass,C
James Hernandez,"1160 Oak Ave, Chicago, IL",Bachelor's,No,None,11.9,8.4,82.8,52.7,60.8,48.5,54.29,Pass,D
Amelia Davis,"5516 Oak Ave, Boston, MA",None,Yes,Sports,9.9,6.8,100.0,45.1,52.1,63.7,53.16,Pass,D
Oliver Davis,"5876 Highland Terrace, Portland, OR",None,No,Music,4.5,4.6,85.1,39.1,38.1,35.4,37.63,Fail,F
Henry Lopez,"7648 Lakeview Dr, Seattle, WA",High School,No,None,5.7,8.2,89.7,45.9,47.5,46.5,46.62,Fail,F
Henry Garcia,"5735 Main St, Portland, OR",PhD,Yes,Volunteer,10.8,5.7,68.5,57.5,46.0,36.2,47.1,Fail,F
Mia Thomas,"8759 Oak Ave, Chicago, IL",Master's,No,Drama,8.6,7.0,85.6,52.8,54.0,49.3,52.2,Pass,D
Sophia Hernandez,"4352 Parkway Blvd, Los Angeles, CA",None,Yes,Volunteer,7.7,8.8,95.2,46.7,49.7,56.7,50.72,Pass,D
Amelia Hernandez,"1384 Parkway Blvd, Los Angeles, CA",PhD,No,Drama,14.1,6.2,91.9,76.1,79.7,61.4,72.93,Pass,C
Mia Hernandez,"3703 Parkway Blvd, Portland, OR",PhD,Yes,Debate,19.8,8.0,91.2,75.1,67.7,80.3,74.06,Pass,C
Oliver Thomas,"9009 Main St, Seattle, WA",Bachelor's,No,Music,1.0,6.5,82.2,48.7,46.3,51.3,48.64,Fail,F
Amelia Anderson,"6412 Main St, Miami, FL",High School,Yes,None,6.0,6.2,83.6,56.0,53.5,58.5,55.87,Pass,D
William Thomas,"7033 Oak Ave, Denver, CO",Bachelor's,No,Sports,12.4,6.6,100.0,53.3,69.3,65.7,62.62,Pass,D
Charlotte Wilson,"8516 Lakeview Dr, Austin, TX",Master's,Yes,Volunteer,12.2,7.5,89.4,50.3,51.2,49.9,50.48,Pass,D
Lucas Gonzalez,"331 Highland Terrace, Seattle, WA",Master's,Yes,Debate,23.2,7.2,75.3,60.7,62.8,60.1,61.22,Pass,D
Theodore Davis,"9987 Parkway Blvd, Los Angeles, CA",High School,Yes,Music,1.0,7.7,76.7,47.0,42.5,41.3,43.73,Fail,F
Camila Martin,"1308 Parkway Blvd, Denver, CO",PhD,No,Sports,4.4,8.8,73.5,55.2,52.8,48.0,52.23,Pass,D
Sophia Hernandez,"5505 Highland Terrace, Austin, TX",Master's,Yes,Music,12.0,6.3,82.0,47.0,55.8,49.7,50.87,Pass,D
Evelyn Anderson,"1737 Oak Ave, Chicago, IL",High School,No,Music,13.0,6.2,70.8,53.9,57.5,50.4,54.1,Pass,D
Benjamin Moore,"730 Lakeview Dr, Atlanta, GA",Master's,No,Sports,12.3,7.6,74.3,55.8,60.6,47.2,54.89,Pass,D
Sophia Jones,"2479 Lakeview Dr, Austin, TX",Master's,Yes,Debate,14.1,7.8,83.7,57.8,63.6,62.6,61.27,Pass,D
Sophia Lopez,"2471 Highland Terrace, Austin, TX",High School,Yes,Sports,6.2,6.1,92.6,53.1,55.7,56.9,55.14,Pass,D
Amelia Rodriguez,"7823 Lakeview Dr, Seattle, WA",Associate,No,Debate,7.7,8.4,68.8,46.5,49.5,45.4,47.24,Fail,F
Lucas Garcia,"1147 Main St, Phoenix, AZ",PhD,No,Drama,23.7,6.8,86.6,79.9,75.5,65.3,73.96,Pass,C
Theodore Smith,"4773 Lakeview Dr, Columbus, OH",High School,Yes,Volunteer,1.6,7.4,95.8,41.6,52.7,45.9,46.77,Fail,F
James Martinez,"7241 Highland Terrace, Chicago, IL",Associate,Yes,Sports,3.3,6.2,92.7,44.6,53.2,58.8,51.86,Pass,D
Olivia Garcia,"9688 Parkway Blvd, Portland, OR",Bachelor's,Yes,None,14.5,8.7,76.0,62.0,62.7,59.7,61.53,Pass,D
Emma Hernandez,"6784 Oak Ave, Austin, TX",PhD,Yes,None,16.8,7.4,92.6,75.8,81.2,76.2,77.8,Pass,C
Lucas Martin,"6486 Lakeview Dr, Seattle, WA",None,No,Music,4.0,7.9,86.5,51.8,37.8,45.3,44.95,Fail,F
Charlotte Taylor,"7101 Oak Ave, Los Angeles, CA",PhD,Yes,None,17.2,7.7,95.1,68.8,68.3,74.0,70.16,Pass,C
Olivia Taylor,"3845 Highland Terrace, Boston, MA",High School,Yes,Sports,10.6,6.0,69.2,65.1,60.2,60.9,62.12,Pass,D
Theodore Moore,"6605 Highland Terrace, Chicago, IL",None,No,Debate,3.2,6.5,80.9,55.1,60.3,44.3,53.7,Pass,D
James Anderson,"8030 Main St, New York, NY",None,No,Music,11.5,6.9,66.5,50.4,53.1,38.4,47.75,Fail,F
Theodore Taylor,"7492 Parkway Blvd, Portland, OR",None,No,None,6.6,7.3,76.9,54.4,55.8,63.0,57.46,Pass,D
Sophia Lopez,"1426 Lakeview Dr, Phoenix, AZ",High School,Yes,Drama,7.6,7.4,95.7,60.4,65.3,76.7,67.0,Pass,D
Elijah Hernandez,"269 Oak Ave, Austin, TX",None,Yes,None,17.1,8.6,79.3,57.5,61.8,66.0,61.53,Pass,D
Henry Taylor,"9282 Parkway Blvd, Chicago, IL",Master's,Yes,Music,12.7,6.9,76.4,62.1,69.8,62.2,64.86,Pass,D
Sophia Lopez,"2886 Highland Terrace, Austin, TX",Associate,No,Debate,8.7,8.4,67.6,60.0,60.0,58.8,59.65,Pass,D
Henry Johnson,"878 Lakeview Dr, Chicago, IL",None,Yes,Drama,5.0,5.9,80.5,47.4,60.2,59.5,55.52,Pass,D
Evelyn Anderson,"5801 Lakeview Dr, Portland, OR",PhD,Yes,Volunteer,21.1,7.9,92.7,70.4,77.6,81.7,76.3,Pass,C
Oliver Davis,"8975 Highland Terrace, New York, NY",None,Yes,Sports,8.4,7.4,90.2,51.4,54.6,55.6,53.77,Pass,D
Amelia Moore,"2265 Parkway Blvd, Portland, OR",High School,Yes,Sports,12.0,5.6,87.8,59.7,56.3,49.4,55.43,Pass,D
William Brown,"4106 Lakeview Dr, Chicago, IL",Bachelor's,Yes,Sports,10.7,7.3,79.4,48.2,59.5,60.6,55.86,Pass,D
Luna Martinez,"2539 Main St, Seattle, WA",None,Yes,Volunteer,8.2,6.7,94.4,57.2,69.1,65.4,63.82,Pass,D
Luna Garcia,"3967 Oak Ave, Denver, CO",None,Yes,None,6.3,9.0,77.6,46.9,49.7,54.6,50.21,Pass,D
Noah Gonzalez,"2091 Parkway Blvd, Atlanta, GA",High School,No,Sports,14.4,8.8,78.9,54.5,60.9,39.6,52.27,Pass,D
Amelia Moore,"1508 Parkway Blvd, Phoenix, AZ",High School,No,Volunteer,8.8,7.6,64.7,46.7,40.8,42.4,43.32,Fail,F
Liam Anderson,"8460 Highland Terrace, Columbus, OH",PhD,No,None,7.6,6.7,72.3,56.8,57.7,56.8,57.13,Pass,D
Harper Wilson,"3117 Main St, Boston, MA",None,Yes,Drama,10.8,7.1,71.1,57.7,66.9,59.6,61.51,Pass,D
Oliver Williams,"1733 Main St, Miami, FL",Bachelor's,Yes,Debate,16.4,6.2,90.6,63.0,62.7,71.2,65.35,Pass,D
Emma Wilson,"4507 Highland Terrace, Chicago, IL",Associate,Yes,None,13.9,7.3,80.1,70.6,62.1,63.9,65.63,Pass,D
Luna Martin,"1807 Oak Ave, Denver, CO",High School,No,Sports,6.9,5.9,81.7,51.2,42.4,48.7,47.36,Fail,F
Benjamin Lopez,"1904 Highland Terrace, Los Angeles, CA",None,No,None,8.1,4.7,99.9,58.3,56.4,48.6,54.74,Pass,D
Sophia Lopez,"6053 Parkway Blvd, Miami, FL",Master's,No,Music,15.1,7.9,77.7,55.9,54.7,50.9,54.0,Pass,D
Camila Gonzalez,"5644 Parkway Blvd, Denver, CO",None,Yes,Debate,6.3,8.0,76.5,47.1,50.2,55.5,50.69,Pass,D
Evelyn Thomas,"3971 Parkway Blvd, Los Angeles, CA",Bachelor's,Yes,None,9.4,7.5,92.5,61.5,60.2,61.1,60.91,Pass,D
Benjamin Taylor,"2416 Parkway Blvd, New York, NY",High School,No,Debate,5.1,7.9,84.6,53.7,50.1,54.4,52.65,Pass,D
Emma Jones,"6681 Parkway Blvd, Columbus, OH",Bachelor's,Yes,Sports,11.7,4.7,91.9,67.1,75.0,67.4,69.93,Pass,D
Mia Lopez,"3499 Parkway Blvd, Boston, MA",None,Yes,Volunteer,10.4,7.0,94.7,67.7,71.8,73.7,70.95,Pass,C
Benjamin Thomas,"4793 Main St, Columbus, OH",High School,Yes,Music,12.7,7.0,92.1,50.5,69.0,60.9,60.09,Pass,D
Sophia Gonzalez,"5046 Lakeview Dr, Los Angeles, CA",Bachelor's,No,Music,15.6,7.4,82.9,72.2,86.8,85.0,81.15,Pass,B
Harper Wilson,"3678 Main St, Chicago, IL",Associate,Yes,Sports,9.9,7.9,83.9,55.6,48.2,60.8,54.56,Pass,D
Lucas Wilson,"4985 Oak Ave, Los Angeles, CA",PhD,Yes,Drama,17.8,8.2,88.3,69.3,74.6,63.4,69.36,Pass,D
Charlotte Martinez,"3815 Main St, Atlanta, GA",Master's,No,Volunteer,12.5,6.7,85.9,65.8,56.3,47.8,57.08,Pass,D
Evelyn Miller,"4391 Parkway Blvd, New York, NY",None,No,Debate,12.0,7.4,75.3,49.4,55.2,46.8,50.65,Pass,D
William Gonzalez,"9363 Parkway Blvd, Atlanta, GA",Master's,No,Sports,22.6,6.5,81.8,100.0,84.8,78.8,88.31,Pass,B
James Gonzalez,"9254 Oak Ave, Atlanta, GA",None,Yes,Drama,8.0,7.5,67.6,46.8,59.8,45.6,50.99,Pass,D
Luna Davis,"9985 Oak Ave, Boston, MA",Bachelor's,Yes,None,4.1,6.2,63.5,41.8,54.5,47.7,48.02,Fail,F
Noah Lopez,"3067 Oak Ave, Phoenix, AZ",PhD,Yes,None,14.5,6.3,91.1,69.7,64.8,73.8,69.22,Pass,D
Charlotte Thomas,"6380 Lakeview Dr, Austin, TX",Master's,Yes,Drama,18.1,9.0,87.1,73.0,76.1,68.3,72.68,Pass,C
Noah Johnson,"917 Parkway Blvd, Miami, FL",PhD,Yes,Volunteer,18.9,7.8,84.1,67.4,60.3,69.9,65.66,Pass,D
Emma Williams,"7500 Oak Ave, Atlanta, GA",High School,Yes,Drama,12.5,6.6,97.8,64.9,62.2,66.7,64.49,Pass,D
Harper Brown,"3255 Main St, Atlanta, GA",None,Yes,Debate,8.9,8.7,70.9,38.4,47.6,46.2,43.94,Fail,F
Theodore Gonzalez,"975 Parkway Blvd, Portland, OR",Associate,No,Volunteer,18.7,10.0,91.5,69.5,68.9,64.2,67.7,Pass,D
Camila Taylor,"4229 Highland Terrace, Portland, OR",Bachelor's,No,Volunteer,8.9,7.6,77.5,49.4,51.1,50.2,50.22,Pass,D
Camila Anderson,"9934 Main St, Phoenix, AZ",Associate,Yes,Music,15.0,6.3,76.0,64.8,65.2,68.1,65.96,Pass,D
Emma Thomas,"1908 Lakeview Dr, Los Angeles, CA",Master's,No,Drama,15.5,6.7,90.8,68.9,61.3,68.8,66.19,Pass,D
Evelyn Lopez,"1655 Highland Terrace, Atlanta, GA",Master's,Yes,Sports,18.1,7.0,60.0,62.2,71.5,64.6,66.17,Pass,D
Evelyn Williams,"3561 Lakeview Dr, Boston, MA",Bachelor's,Yes,Sports,11.3,6.1,89.0,61.6,60.3,74.9,65.12,Pass,D
Evelyn Miller,"2855 Highland Terrace, Los Angeles, CA",Bachelor's,No,Drama,17.3,7.9,70.1,75.7,79.2,66.0,73.99,Pass,C
Lucas Garcia,"6889 Main St, Columbus, OH",Bachelor's,No,Volunteer,13.9,6.2,66.9,62.1,65.1,50.7,59.75,Pass,D
Evelyn Miller,"9284 Highland Terrace, Boston, MA",None,Yes,Volunteer,1.6,8.1,99.6,51.3,54.6,63.6,56.14,Pass,D
James Taylor,"9766 Highland Terrace, Columbus, OH",Master's,Yes,Debate,11.3,8.0,95.6,51.3,56.0,69.4,58.39,Pass,D
Benjamin Garcia,"875 Main St, Columbus, OH",High School,Yes,Debate,13.1,7.7,73.4,55.8,52.7,65.2,57.52,Pass,D
Noah Wilson,"5802 Oak Ave, Boston, MA",PhD,Yes,Sports,15.0,8.7,79.5,72.0,72.1,78.3,73.94,Pass,C
Henry Davis,"3286 Parkway Blvd, Columbus, OH",None,Yes,Sports,5.4,6.3,93.2,49.9,47.0,57.2,51.06,Pass,D
Harper Martin,"5497 Lakeview Dr, Atlanta, GA",Master's,Yes,Sports,18.9,7.6,93.6,75.4,72.1,74.8,74.06,Pass,C
Sophia Martin,"4075 Parkway Blvd, Austin, TX",PhD,Yes,Volunteer,6.6,7.7,96.6,47.9,56.8,51.4,52.07,Pass,D
Mia Martinez,"8552 Lakeview Dr, Denver, CO",Master's,Yes,Drama,11.6,5.4,90.7,53.5,59.8,54.1,55.91,Pass,D
Evelyn Davis,"9892 Highland Terrace, Portland, OR",Master's,Yes,Music,6.2,6.3,91.1,44.0,45.7,52.9,47.27,Fail,F
Harper Rodriguez,"3668 Highland Terrace, Columbus, OH",PhD,Yes,Music,23.8,6.5,61.2,64.9,56.5,60.6,60.66,Pass,D
William Hernandez,"7275 Lakeview Dr, Los Angeles, CA",None,Yes,Drama,14.1,4.6,73.8,50.7,58.5,56.6,55.19,Pass,D
Luna Williams,"4262 Parkway Blvd, Portland, OR",Bachelor's,Yes,Sports,15.0,6.5,78.6,66.8,77.6,69.9,71.53,Pass,C
Charlotte Miller,"711 Main St, New York, NY",PhD,No,Music,19.4,6.0,84.4,84.3,81.4,72.2,79.64,Pass,C
Theodore Martin,"5965 Lakeview Dr, Miami, FL",None,Yes,None,1.0,6.9,97.6,38.7,52.8,49.6,46.88,Fail,F
Luna Rodriguez,"3929 Main St, Denver, CO",Associate,No,Music,14.5,6.8,95.2,68.1,67.5,61.5,65.91,Pass,D
Olivia Martin,"242 Parkway Blvd, Chicago, IL",Master's,No,Volunteer,14.2,5.9,76.7,61.9,59.9,50.9,57.92,Pass,D
William Martin,"9719 Parkway Blvd, Austin, TX",PhD,No,Drama,23.1,6.3,94.6,84.3,90.0,68.8,81.67,Pass,B
Theodore Moore,"2321 Lakeview Dr, Boston, MA",PhD,Yes,Volunteer,10.2,6.6,100.0,77.2,76.6,67.7,74.12,Pass,C
Camila Martin,"1863 Parkway Blvd, Seattle, WA",Bachelor's,Yes,Drama,13.8,6.6,83.2,50.7,56.4,54.4,53.84,Pass,D
Noah Wilson,"8426 Main St, New York, NY",None,Yes,Music,12.0,7.3,92.4,61.5,67.8,70.6,66.43,Pass,D
Camila Thomas,"7125 Parkway Blvd, Chicago, IL",None,No,None,8.5,8.7,83.5,56.2,56.6,41.8,52.01,Pass,D
Oliver Brown,"3808 Lakeview Dr, Boston, MA",None,Yes,Drama,7.4,5.4,83.4,49.3,56.4,63.2,55.98,Pass,D
Oliver Garcia,"2897 Lakeview Dr, Portland, OR",None,Yes,Sports,6.4,6.7,100.0,51.4,54.6,51.5,52.55,Pass,D
Evelyn Davis,"3945 Parkway Blvd, Seattle, WA",Associate,No,Sports,8.4,7.4,84.7,68.7,54.1,60.2,61.02,Pass,D
Emma Moore,"5179 Lakeview Dr, Los Angeles, CA",Associate,Yes,Drama,8.4,8.6,91.0,58.3,65.3,66.2,63.1,Pass,D
Luna Rodriguez,"604 Oak Ave, Seattle, WA",PhD,No,Music,19.1,7.5,86.7,70.6,74.6,64.6,70.19,Pass,C
Mia Smith,"9945 Lakeview Dr, Columbus, OH",Bachelor's,No,Drama,11.0,7.4,87.7,46.3,49.0,54.9,49.8,Fail,F
Noah Brown,"8533 Parkway Blvd, Portland, OR",PhD,Yes,Drama,19.5,7.5,98.7,76.0,77.8,84.2,79.1,Pass,C
Evelyn Rodriguez,"9536 Lakeview Dr, Austin, TX",None,No,Debate,9.9,7.7,90.4,75.6,82.8,73.9,77.61,Pass,C
Mia Miller,"8933 Highland Terrace, Phoenix, AZ",PhD,Yes,Music,14.7,7.7,69.8,65.2,59.6,56.1,60.51,Pass,D
Lucas Johnson,"5196 Oak Ave, Denver, CO",Associate,No,Sports,4.6,7.8,88.0,57.2,55.5,47.2,53.63,Pass,D
Camila Johnson,"3034 Parkway Blvd, Atlanta, GA",None,Yes,Sports,12.8,7.5,79.3,72.5,66.4,61.7,67.13,Pass,D
James Hernandez,"5335 Highland Terrace, New York, NY",Associate,Yes,None,8.0,7.8,72.0,56.7,58.3,55.7,56.97,Pass,D
Theodore Jackson,"677 Oak Ave, Seattle, WA",High School,No,Debate,15.6,8.8,100.0,72.0,69.2,55.8,66.19,Pass,D
Henry Wilson,"7037 Highland Terrace, Phoenix, AZ",High School,Yes,Volunteer,18.6,8.5,80.6,69.2,54.0,69.7,64.03,Pass,D
Mia Davis,"8902 Parkway Blvd, Chicago, IL",None,No,Sports,7.8,5.3,97.3,57.8,68.3,64.6,63.53,Pass,D
Noah Moore,"366 Highland Terrace, Chicago, IL",High School,No,Music,12.6,7.2,73.1,70.6,58.1,59.9,63.0,Pass,D
Elijah Jones,"136 Parkway Blvd, Miami, FL",Bachelor's,Yes,Volunteer,10.4,5.9,90.0,59.6,61.7,65.8,62.22,Pass,D
James Rodriguez,"3234 Oak Ave, New York, NY",Associate,Yes,Music,5.0,6.7,87.8,58.8,49.5,51.1,53.21,Pass,D
Elijah Miller,"6177 Main St, Boston, MA",PhD,No,Debate,11.1,6.9,90.6,59.4,61.4,58.1,59.74,Pass,D
Camila Rodriguez,"710 Highland Terrace, Columbus, OH",Bachelor's,No,Drama,16.3,6.9,76.5,61.8,63.2,42.5,56.51,Pass,D
Charlotte Martinez,"9308 Oak Ave, Chicago, IL",Bachelor's,Yes,Volunteer,14.1,7.8,69.9,61.9,61.5,55.1,59.74,Pass,D
William Hernandez,"7468 Lakeview Dr, Austin, TX",High School,No,Sports,13.4,6.5,86.3,63.6,67.2,60.8,64.01,Pass,D
Theodore Lopez,"9265 Highland Terrace, Seattle, WA",Master's,No,Volunteer,13.1,7.4,72.8,63.2,69.2,58.5,63.92,Pass,D
Elijah Thomas,"235 Oak Ave, Portland, OR",Master's,No,Volunteer,10.9,6.3,86.4,57.5,60.4,56.6,58.24,Pass,D
Evelyn Martinez,"3532 Lakeview Dr, Denver, CO",Master's,Yes,Debate,12.7,7.1,72.3,67.1,64.3,63.7,65.13,Pass,D
Henry Hernandez,"4337 Parkway Blvd, Austin, TX",None,Yes,Sports,10.7,5.8,90.8,80.5,72.6,69.4,74.42,Pass,C
Olivia Jackson,"5674 Lakeview Dr, Phoenix, AZ",High School,No,Music,13.8,6.8,80.0,47.3,49.4,54.2,50.1,Pass,D
Elijah Martinez,"6685 Parkway Blvd, Columbus, OH",Master's,No,Debate,17.7,6.9,91.5,74.9,77.6,73.3,75.39,Pass,C
Lucas Jackson,"9592 Lakeview Dr, Atlanta, GA",Bachelor's,Yes,Debate,17.8,6.0,82.8,69.3,68.7,66.8,68.34,Pass,D
Emma Anderson,"464 Parkway Blvd, Columbus, OH",Master's,Yes,Sports,18.2,8.5,70.7,61.4,84.0,68.3,71.37,Pass,C
Elijah Martin,"1444 Main St, Boston, MA",None,Yes,Volunteer,7.8,7.0,88.9,53.6,62.9,60.9,59.06,Pass,D
Elijah Anderson,"5616 Parkway Blvd, Los Angeles, CA",Bachelor's,No,Debate,16.0,6.5,90.2,66.2,61.2,57.1,61.71,Pass,D
Evelyn Hernandez,"5649 Main St, Austin, TX",Master's,No,Sports,5.3,7.7,79.7,48.3,44.4,52.4,48.14,Fail,F
Emma Gonzalez,"4892 Lakeview Dr, Boston, MA",Master's,Yes,Music,10.1,5.9,100.0,63.8,57.5,63.9,61.63,Pass,D
Sophia Miller,"7226 Highland Terrace, Denver, CO",Master's,No,Sports,10.0,7.4,90.2,59.4,55.0,63.7,59.15,Pass,D
Elijah Hernandez,"5590 Parkway Blvd, Austin, TX",Bachelor's,Yes,Debate,15.3,6.4,71.4,67.4,63.4,63.3,64.77,Pass,D
William Martinez,"2323 Lakeview Dr, Austin, TX",High School,No,Sports,10.5,5.8,86.2,57.3,46.7,53.1,52.33,Pass,D
Harper Moore,"2849 Lakeview Dr, Phoenix, AZ",Bachelor's,Yes,Drama,15.7,6.1,91.7,87.4,85.3,71.5,81.87,Pass,B
Olivia Jones,"1012 Oak Ave, Denver, CO",Master's,No,None,20.0,5.7,100.0,68.2,71.5,56.5,65.82,Pass,D
Harper Wilson,"2925 Parkway Blvd, Columbus, OH",Associate,Yes,None,15.7,7.1,70.6,60.9,70.9,58.7,63.73,Pass,D
Evelyn Davis,"4810 Highland Terrace, Atlanta, GA",High School,No,Volunteer,7.6,7.3,92.7,64.4,63.5,63.4,63.76,Pass,D
Olivia Gonzalez,"5393 Highland Terrace, Chicago, IL",Associate,Yes,Sports,8.2,7.5,99.7,58.9,56.2,59.7,58.21,Pass,D
Noah Smith,"2415 Parkway Blvd, Los Angeles, CA",Master's,No,Volunteer,16.3,7.0,91.4,63.4,70.8,62.3,65.64,Pass,D
William Williams,"3514 Main St, Phoenix, AZ",Associate,No,Music,2.5,6.2,88.0,40.8,38.4,42.5,40.49,Fail,F
Harper Anderson,"8688 Parkway Blvd, Denver, CO",Bachelor's,Yes,Music,20.0,8.3,94.5,72.8,75.5,71.6,73.37,Pass,C
Henry Hernandez,"2503 Main St, New York, NY",High School,No,Music,9.7,5.0,71.0,71.9,66.6,59.9,66.45,Pass,D
Elijah Martinez,"4708 Oak Ave, Portland, OR",PhD,No,Debate,9.4,6.8,81.4,69.0,63.1,54.0,62.45,Pass,D
Benjamin Martin,"4107 Oak Ave, New York, NY",None,Yes,None,12.6,6.4,77.6,56.3,49.8,46.4,51.05,Pass,D
Oliver Miller,"6174 Parkway Blvd, Chicago, IL",PhD,No,Sports,15.8,6.8,90.0,60.3,49.9,47.4,52.79,Pass,D
Harper Johnson,"3701 Main St, Boston, MA",Bachelor's,No,Drama,17.9,6.3,92.7,83.8,84.2,82.0,83.38,Pass,B
Mia Anderson,"7112 Oak Ave, Boston, MA",PhD,No,Music,18.1,7.8,83.3,73.7,71.2,60.7,68.94,Pass,D
Henry Davis,"7382 Highland Terrace, New York, NY",Associate,Yes,Volunteer,6.7,7.1,84.6,40.2,53.3,50.2,47.8,Fail,F
Camila Moore,"8101 Parkway Blvd, Phoenix, AZ",Associate,No,Drama,13.5,7.5,80.7,68.4,64.3,67.2,66.6,Pass,D
Camila Rodriguez,"4799 Oak Ave, Portland, OR",Associate,No,Music,16.9,6.2,82.7,61.8,57.1,61.9,60.17,Pass,D
Theodore Lopez,"7409 Parkway Blvd, Chicago, IL",Associate,Yes,Music,16.6,7.8,75.6,56.5,56.5,53.6,55.62,Pass,D
Harper Gonzalez,"6979 Highland Terrace, Boston, MA",Bachelor's,No,Sports,13.5,6.0,70.4,59.8,58.2,62.0,59.91,Pass,D
Elijah Jones,"7964 Parkway Blvd, Austin, TX",Bachelor's,No,Sports,9.9,6.5,80.1,55.4,52.6,49.4,52.61,Pass,D
Sophia Martin,"5846 Oak Ave, Boston, MA",Associate,Yes,Sports,11.7,7.0,83.5,64.7,64.5,67.3,65.41,Pass,D
William Thomas,"3507 Main St, Chicago, IL",Master's,Yes,Sports,8.7,5.5,83.7,61.6,63.9,57.3,61.11,Pass,D
Olivia Jackson,"648 Parkway Blvd, Miami, FL",Associate,No,Drama,2.6,7.7,94.7,53.8,59.5,43.8,52.81,Pass,D
Benjamin Jones,"4859 Lakeview Dr, Chicago, IL",Associate,Yes,Volunteer,16.9,6.8,70.1,68.9,73.4,54.5,66.15,Pass,D
William Wilson,"4130 Lakeview Dr, Denver, CO",High School,Yes,None,9.5,6.9,94.2,72.5,60.3,68.5,67.04,Pass,D
Oliver Wilson,"622 Main St, New York, NY",None,No,Debate,9.2,7.1,68.6,54.5,54.7,45.5,51.84,Pass,D
Liam Jackson,"1389 Main St, Columbus, OH",None,Yes,Drama,12.5,5.5,100.0,72.2,73.8,66.8,71.17,Pass,C
Theodore Lopez,"1374 Main St, New York, NY",Master's,No,Drama,10.7,7.2,79.7,59.2,58.7,41.9,53.85,Pass,D
Noah Williams,"1767 Lakeview Dr, Atlanta, GA",Master's,Yes,None,20.2,6.9,77.7,58.6,70.7,54.9,61.71,Pass,D
Lucas Rodriguez,"7085 Main St, New York, NY",Associate,No,Debate,15.2,6.7,100.0,58.7,63.9,58.8,60.55,Pass,D
Lucas Wilson,"8467 Parkway Blvd, Los Angeles, CA",Master's,No,None,13.1,7.2,69.3,56.8,54.6,46.7,52.97,Pass,D
Liam Rodriguez,"7662 Highland Terrace, Columbus, OH",Bachelor's,No,None,15.5,6.7,93.8,60.4,58.4,63.8,60.69,Pass,D
Henry Moore,"359 Lakeview Dr, Seattle, WA",PhD,Yes,Drama,17.5,6.7,88.6,64.3,64.3,74.3,67.31,Pass,D
Henry Hernandez,"9703 Lakeview Dr, Phoenix, AZ",None,Yes,Drama,6.4,5.8,73.7,42.1,56.1,53.0,50.26,Pass,D
Charlotte Davis,"3893 Main St, Columbus, OH",PhD,Yes,Volunteer,20.3,8.4,83.5,81.1,73.2,68.0,74.41,Pass,C
Charlotte Thomas,"4782 Main St, New York, NY",Associate,No,Debate,11.1,6.3,66.6,55.4,56.7,62.7,58.04,Pass,D
Amelia Martin,"7019 Oak Ave, Atlanta, GA",High School,Yes,Drama,11.8,5.1,93.1,72.6,74.8,58.1,69.03,Pass,D
Olivia Lopez,"3643 Main St, Los Angeles, CA",Master's,No,Debate,9.3,8.3,65.3,52.6,54.5,56.8,54.51,Pass,D
Olivia Martinez,"5138 Parkway Blvd, Boston, MA",High School,Yes,Volunteer,9.3,7.3,83.0,53.6,56.6,54.8,54.99,Pass,D
Theodore Williams,"7534 Highland Terrace, Miami, FL",Associate,Yes,Drama,12.3,6.6,100.0,65.6,69.0,73.2,69.05,Pass,D
Lucas Martinez,"2200 Main St, Miami, FL",High School,No,Volunteer,10.4,6.7,60.0,52.4,43.3,43.9,46.68,Fail,F
Elijah Martinez,"373 Oak Ave, Los Angeles, CA",PhD,Yes,Volunteer,12.6,6.0,94.7,62.1,63.1,58.8,61.47,Pass,D
Harper Davis,"1444 Highland Terrace, Denver, CO",PhD,No,Debate,12.3,5.7,90.2,61.7,62.9,65.1,63.14,Pass,D
Sophia Thomas,"5055 Main St, Boston, MA",High School,Yes,Music,13.8,7.5,90.5,64.0,71.2,64.3,66.62,Pass,D
Mia Williams,"3178 Main St, Atlanta, GA",High School,No,Volunteer,9.1,5.4,89.5,42.8,42.8,51.7,45.47,Fail,F
Mia Miller,"6955 Lakeview Dr, Miami, FL",Master's,Yes,Drama,14.2,7.5,90.3,83.1,72.3,72.2,76.07,Pass,C
James Martin,"8914 Lakeview Dr, Atlanta, GA",PhD,Yes,None,16.3,7.0,100.0,64.1,62.7,75.5,67.07,Pass,D
Emma Thomas,"9968 Lakeview Dr, Atlanta, GA",Associate,Yes,Volunteer,13.7,5.7,78.2,60.0,53.6,59.9,57.73,Pass,D
Benjamin Martinez,"1344 Oak Ave, Columbus, OH",Master's,No,Drama,17.2,7.7,82.3,66.6,57.9,67.2,63.74,Pass,D
Mia Taylor,"6273 Parkway Blvd, Los Angeles, CA",Associate,Yes,Music,8.6,5.0,70.3,54.1,63.1,54.2,57.29,Pass,D
Luna Miller,"9727 Oak Ave, Los Angeles, CA",Associate,Yes,Volunteer,10.9,7.8,100.0,55.5,62.1,65.4,60.78,Pass,D
Olivia Johnson,"8830 Main St, Chicago, IL",Associate,No,Music,14.0,5.5,76.8,56.5,55.3,51.8,54.66,Pass,D
Elijah Jones,"2935 Lakeview Dr, Columbus, OH",High School,Yes,None,7.5,7.4,96.3,47.1,44.7,52.9,48.01,Fail,F
Camila Lopez,"7690 Oak Ave, Phoenix, AZ",None,Yes,Music,5.5,6.4,77.9,50.4,56.9,54.0,53.76,Pass,D
Noah Taylor,"2635 Parkway Blvd, Denver, CO",High School,No,Sports,9.1,7.9,80.0,59.7,67.5,55.9,61.32,Pass,D
Noah Martinez,"6679 Main St, Columbus, OH",High School,Yes,Sports,6.4,6.2,94.5,55.5,50.5,58.7,54.74,Pass,D
William Lopez,"3307 Main St, Denver, CO",None,No,Music,11.1,7.3,72.7,49.9,51.7,45.7,49.23,Fail,F
Olivia Miller,"5134 Lakeview Dr, Austin, TX",None,No,Debate,8.6,6.0,75.0,49.6,50.6,43.7,48.18,Fail,F
Luna Williams,"1735 Main St, Portland, OR",Master's,No,Drama,13.7,5.7,82.7,78.9,80.8,58.2,73.37,Pass,C
Camila Moore,"5225 Lakeview Dr, Miami, FL",Bachelor's,No,None,12.6,7.3,100.0,72.8,61.0,63.3,65.82,Pass,D
Evelyn Davis,"5104 Lakeview Dr, Columbus, OH",Associate,Yes,Volunteer,11.8,6.3,72.9,61.2,51.6,58.9,57.13,Pass,D
Charlotte Martin,"1710 Oak Ave, Phoenix, AZ",Bachelor's,No,Drama,14.5,5.0,88.4,68.8,83.2,63.1,72.15,Pass,C
Oliver Johnson,"5126 Main St, New York, NY",Master's,Yes,Sports,12.6,7.5,82.2,69.4,71.1,63.3,68.17,Pass,D
Evelyn Brown,"6365 Parkway Blvd, Columbus, OH",PhD,Yes,Sports,12.5,6.8,79.7,59.0,54.5,58.2,57.17,Pass,D
Olivia Taylor,"2269 Oak Ave, Portland, OR",PhD,No,Music,11.5,7.1,85.2,65.0,56.6,47.0,56.68,Pass,D
Emma Gonzalez,"2416 Parkway Blvd, Atlanta, GA",Master's,Yes,Music,16.4,7.0,83.2,72.7,65.3,65.3,67.88,Pass,D
Noah Thomas,"6688 Oak Ave, Denver, CO",PhD,No,Volunteer,11.1,6.9,83.5,68.0,59.2,57.0,61.64,Pass,D
Theodore Gonzalez,"599 Highland Terrace, Seattle, WA",High School,No,Debate,6.7,8.8,98.8,61.1,61.5,68.0,63.32,Pass,D
Theodore Williams,"163 Main St, Columbus, OH",Associate,Yes,Music,11.3,8.3,99.3,65.9,70.4,72.1,69.35,Pass,D
Mia Thomas,"2273 Highland Terrace, Seattle, WA",PhD,No,Sports,10.4,5.6,75.6,59.4,51.7,53.7,55.0,Pass,D
James Garcia,"599 Main St, Seattle, WA",PhD,No,Drama,21.7,5.7,66.6,79.0,73.9,61.2,71.85,Pass,C
Luna Hernandez,"8182 Oak Ave, Phoenix, AZ",Associate,Yes,Volunteer,13.8,6.5,94.5,64.2,67.9,66.1,66.08,Pass,D
Lucas Brown,"5828 Main St, Seattle, WA",Associate,No,Music,12.7,5.1,81.2,73.7,63.0,62.0,66.45,Pass,D
Olivia Hernandez,"8484 Main St, Portland, OR",PhD,Yes,None,16.0,7.1,86.0,70.7,52.0,61.7,61.46,Pass,D
Benjamin Gonzalez,"6327 Main St, Austin, TX",Associate,Yes,Music,8.3,6.8,93.1,64.6,72.2,63.8,66.99,Pass,D
Charlotte Rodriguez,"6956 Lakeview Dr, Austin, TX",Associate,No,Drama,15.2,6.1,99.0,64.7,70.7,62.5,66.11,Pass,D
Lucas Gonzalez,"5688 Main St, Columbus, OH",PhD,Yes,Drama,18.2,6.7,91.7,66.2,62.1,60.4,63.02,Pass,D
Noah Taylor,"9675 Highland Terrace, Columbus, OH",Associate,No,Debate,11.3,6.6,70.2,54.5,60.1,48.1,54.52,Pass,D
Elijah Miller,"1636 Parkway Blvd, Austin, TX",Associate,No,Debate,10.2,7.6,79.3,47.9,37.0,66.3,49.62,Fail,F
Oliver Davis,"9256 Parkway Blvd, Atlanta, GA",Master's,No,None,15.4,5.5,69.6,63.3,64.4,59.9,62.66,Pass,D
Henry Lopez,"3993 Main St, New York, NY",High School,No,None,5.3,6.9,60.0,44.6,42.4,48.0,44.86,Fail,F
Olivia Wilson,"2196 Oak Ave, Portland, OR",Master's,Yes,Sports,17.5,7.1,70.9,61.6,53.5,64.6,59.68,Pass,D
Emma Miller,"6361 Main St, Atlanta, GA",Associate,No,Volunteer,11.9,8.1,90.4,76.2,76.6,64.6,72.88,Pass,C
Elijah Anderson,"9560 Highland Terrace, Los Angeles, CA",None,Yes,Volunteer,2.4,7.3,100.0,38.3,50.1,45.6,44.63,Fail,F
Liam Miller,"2086 Lakeview Dr, Denver, CO",Master's,No,None,15.3,6.7,89.6,65.6,66.2,60.4,64.22,Pass,D
Amelia Moore,"9431 Lakeview Dr, Seattle, WA",Associate,Yes,Volunteer,4.8,7.1,72.5,47.0,50.8,50.8,49.47,Fail,F
Emma Rodriguez,"9330 Main St, Boston, MA",Associate,Yes,Drama,11.5,7.1,81.2,79.7,75.0,75.1,76.68,Pass,C
Lucas Jones,"4021 Highland Terrace, Atlanta, GA",Associate,Yes,None,9.8,8.6,86.1,61.6,56.8,60.4,59.53,Pass,D
Evelyn Thomas,"1022 Highland Terrace, Chicago, IL",Associate,Yes,Music,11.5,5.7,98.1,51.0,56.6,61.4,56.1,Pass,D
Henry Thomas,"9219 Lakeview Dr, Austin, TX",Master's,No,None,7.5,5.5,90.0,58.0,69.3,60.6,62.74,Pass,D
Benjamin Wilson,"6325 Oak Ave, Denver, CO",Master's,Yes,Drama,11.3,7.7,99.7,71.7,63.4,74.8,69.74,Pass,D
Luna Garcia,"8710 Oak Ave, Seattle, WA",PhD,Yes,Sports,13.6,7.6,91.3,58.5,73.5,73.1,68.1,Pass,D
Benjamin Miller,"4121 Lakeview Dr, Seattle, WA",High School,Yes,Debate,11.7,5.5,88.3,65.4,66.3,62.6,64.86,Pass,D
Benjamin Taylor,"7097 Highland Terrace, Denver, CO",PhD,No,None,6.5,7.9,74.0,57.3,45.7,47.7,50.37,Pass,D
Evelyn Thomas,"8213 Highland Terrace, New York, NY",None,No,Drama,5.9,7.0,91.8,65.8,56.2,52.4,58.41,Pass,D
William Moore,"7958 Lakeview Dr, Chicago, IL",PhD,No,Volunteer,16.4,7.6,84.4,64.5,61.6,60.0,62.12,Pass,D
William Jackson,"5584 Oak Ave, Boston, MA",None,Yes,Drama,6.9,7.8,97.7,56.2,57.4,56.8,56.79,Pass,D
James Williams,"5381 Lakeview Dr, Boston, MA",PhD,No,Volunteer,11.2,7.0,78.1,47.5,54.7,49.3,50.57,Pass,D
Charlotte Taylor,"8104 Lakeview Dr, Columbus, OH",Master's,No,Drama,19.6,6.6,60.4,53.4,63.5,59.3,58.7,Pass,D
Noah Williams,"4869 Highland Terrace, Columbus, OH",Bachelor's,Yes,Debate,8.1,7.1,68.0,42.0,43.2,45.1,43.34,Fail,F
Lucas Hernandez,"2030 Highland Terrace, Los Angeles, CA",Master's,No,Debate,19.5,5.8,87.7,63.5,61.2,68.0,64.03,Pass,D
Elijah Hernandez,"4494 Highland Terrace, Chicago, IL",Bachelor's,No,Drama,12.5,8.5,100.0,67.9,68.2,63.4,66.64,Pass,D
Noah Lopez,"7240 Lakeview Dr, Portland, OR",None,No,Debate,14.9,7.9,74.9,61.1,55.4,61.7,59.29,Pass,D
Benjamin Martin,"3992 Main St, New York, NY",None,Yes,Drama,7.7,8.0,80.1,46.0,37.3,55.4,45.74,Fail,F
Benjamin Garcia,"1906 Parkway Blvd, Austin, TX",High School,Yes,Sports,5.9,5.7,81.5,53.1,57.1,55.3,55.17,Pass,D
William Jackson,"2643 Oak Ave, Boston, MA",Associate,Yes,Music,4.5,5.1,88.4,48.0,41.9,53.8,47.57,Fail,F
Benjamin Rodriguez,"3622 Lakeview Dr, Atlanta, GA",PhD,Yes,Debate,17.6,8.0,93.6,63.1,70.2,80.2,70.71,Pass,C
Henry Wilson,"899 Highland Terrace, Atlanta, GA",PhD,No,Debate,12.7,6.6,84.2,56.7,67.3,60.9,61.67,Pass,D
Olivia Williams,"8392 Main St, Portland, OR",Associate,Yes,Music,10.6,5.4,79.3,42.7,44.2,52.6,46.23,Fail,F
James Martinez,"182 Main St, Atlanta, GA",Associate,Yes,Debate,7.2,7.7,81.1,52.0,57.1,52.8,54.03,Pass,D
Amelia Lopez,"6639 Parkway Blvd, Atlanta, GA",PhD,No,Sports,17.4,7.1,80.1,71.5,75.0,70.3,72.35,Pass,C
Mia Hernandez,"4565 Parkway Blvd, Miami, FL",None,No,Music,6.4,6.8,100.0,50.8,68.4,61.6,60.21,Pass,D
Theodore Jones,"770 Highland Terrace, New York, NY",Bachelor's,No,Drama,11.1,8.6,88.9,62.9,55.6,41.1,53.82,Pass,D
Henry Jones,"2328 Main St, Boston, MA",PhD,No,None,12.1,6.2,84.0,58.8,59.9,55.1,58.09,Pass,D
James Gonzalez,"4997 Highland Terrace, Columbus, OH",Master's,Yes,Sports,17.3,5.9,72.9,73.1,74.9,72.3,73.5,Pass,C
Camila Jones,"8795 Lakeview Dr, Columbus, OH",Bachelor's,No,None,17.0,6.8,67.2,61.3,46.7,62.6,56.59,Pass,D
Oliver Taylor,"797 Oak Ave, Denver, CO",None,No,Drama,10.6,6.9,75.3,68.9,59.9,57.8,62.39,Pass,D
James Moore,"421 Parkway Blvd, Chicago, IL",Bachelor's,No,Drama,7.0,5.2,88.3,54.9,59.4,59.7,57.94,Pass,D
Luna Jones,"2700 Parkway Blvd, Los Angeles, CA",High School,No,Drama,10.5,6.5,78.1,59.4,48.2,54.1,53.89,Pass,D
James Martin,"6615 Parkway Blvd, Denver, CO",PhD,No,Drama,13.7,5.9,72.8,57.4,59.9,58.1,58.47,Pass,D
Henry Smith,"9294 Highland Terrace, Boston, MA",None,No,Drama,7.1,7.5,84.2,54.9,46.8,49.1,50.29,Pass,D
Noah Jackson,"9430 Main St, Columbus, OH",Master's,Yes,Debate,9.7,6.8,85.7,62.3,74.4,65.7,67.55,Pass,D
Harper Lopez,"1222 Oak Ave, Denver, CO",Master's,No,Drama,15.0,6.4,89.6,72.7,77.5,70.3,73.68,Pass,C
Emma Martinez,"2806 Lakeview Dr, Phoenix, AZ",High School,Yes,Debate,11.5,6.2,71.6,65.4,51.5,61.7,59.42,Pass,D
Elijah Martin,"3013 Highland Terrace, Atlanta, GA",PhD,Yes,Volunteer,19.4,6.3,89.2,68.7,68.3,73.0,69.86,Pass,D
William Jackson,"4558 Parkway Blvd, Boston, MA",Bachelor's,No,Drama,13.6,7.2,76.2,49.6,39.3,44.5,44.45,Fail,F
Henry Hernandez,"701 Parkway Blvd, Phoenix, AZ",None,No,Drama,8.4,5.8,83.8,50.9,51.0,56.5,52.6,Pass,D
Sophia Martin,"3544 Lakeview Dr, Miami, FL",High School,No,Volunteer,9.8,7.0,67.9,56.8,44.8,46.5,49.5,Fail,F
Harper Thomas,"5609 Parkway Blvd, Los Angeles, CA",Master's,Yes,Music,13.3,7.4,76.0,52.6,58.0,53.3,54.7,Pass,D
Liam Jackson,"980 Parkway Blvd, Miami, FL",Bachelor's,Yes,Drama,10.8,7.8,74.0,65.2,63.0,59.6,62.75,Pass,D
Emma Lopez,"5997 Highland Terrace, Chicago, IL",Bachelor's,No,Sports,17.6,9.0,90.8,58.9,68.2,62.7,63.3,Pass,D
Olivia Johnson,"2116 Lakeview Dr, Los Angeles, CA",PhD,No,Debate,21.5,6.1,89.0,73.3,67.2,63.8,68.33,Pass,D
Lucas Davis,"4406 Oak Ave, Miami, FL",PhD,Yes,None,20.0,6.2,87.2,79.5,79.6,63.9,74.86,Pass,C
Elijah Moore,"2287 Oak Ave, Boston, MA",Associate,No,Debate,10.2,7.4,94.5,63.4,60.2,58.6,60.85,Pass,D
Benjamin Hernandez,"4270 Main St, New York, NY",High School,No,Drama,9.7,5.5,86.7,63.3,55.0,56.9,58.47,Pass,D
Harper Martinez,"6547 Highland Terrace, Los Angeles, CA",Associate,No,Debate,14.1,7.4,75.0,69.8,58.8,48.6,59.61,Pass,D
James Martin,"5245 Oak Ave, Portland, OR",High School,Yes,Volunteer,5.2,7.9,76.8,60.3,48.2,50.4,53.11,Pass,D
Mia Lopez,"9155 Main St, Denver, CO",PhD,No,Debate,13.8,6.5,100.0,62.1,73.0,64.2,66.57,Pass,D
Camila Martinez,"6033 Highland Terrace, Boston, MA",None,No,Debate,4.4,6.0,79.7,58.4,63.2,49.2,57.34,Pass,D
Olivia Jones,"4400 Main St, Atlanta, GA",High School,No,Music,8.7,6.3,69.5,54.7,47.3,47.9,50.05,Pass,D
Amelia Miller,"5047 Parkway Blvd, Columbus, OH",None,No,Sports,7.4,5.8,79.4,49.1,51.1,40.0,47.09,Fail,F
Lucas Brown,"6660 Highland Terrace, Miami, FL",Bachelor's,Yes,Drama,13.2,5.6,66.9,64.3,51.9,63.1,59.58,Pass,D
Harper Jackson,"4123 Lakeview Dr, Boston, MA",None,No,None,10.6,6.8,81.9,59.5,44.9,51.6,52.04,Pass,D
William Jackson,"783 Highland Terrace, Denver, CO",PhD,Yes,Debate,25.0,6.4,74.2,85.7,76.9,71.9,78.5,Pass,C
Sophia Lopez,"6693 Main St, Columbus, OH",None,No,Sports,6.9,7.7,76.1,59.2,57.5,51.8,56.4,Pass,D
James Martin,"1751 Main St, New York, NY",None,No,Drama,10.9,6.2,81.4,46.7,55.9,48.2,50.36,Pass,D
Camila Smith,"744 Main St, Portland, OR",Bachelor's,Yes,Debate,8.2,6.8,82.7,41.5,42.5,41.0,41.72,Fail,F
Lucas Jackson,"4518 Highland Terrace, Portland, OR",None,No,Volunteer,12.7,7.6,95.4,61.4,64.4,51.3,59.41,Pass,D
Evelyn Martin,"8767 Lakeview Dr, Seattle, WA",Associate,Yes,Debate,6.5,7.4,74.0,55.5,51.5,61.6,55.95,Pass,D
Oliver Brown,"6082 Highland Terrace, Columbus, OH",High School,No,Debate,6.9,8.0,74.1,53.1,57.5,36.3,49.58,Fail,F
Henry Davis,"3343 Parkway Blvd, Denver, CO",Bachelor's,Yes,Drama,11.0,6.9,71.1,63.6,69.7,59.1,64.37,Pass,D
Mia Taylor,"6776 Main St, Phoenix, AZ",Bachelor's,Yes,Debate,9.9,6.0,94.6,58.7,58.8,60.5,59.27,Pass,D
Oliver Jones,"8920 Oak Ave, Atlanta, GA",Associate,Yes,Music,9.6,6.4,70.4,49.6,51.8,49.2,50.27,Pass,D
Amelia Lopez,"3276 Highland Terrace, Los Angeles, CA",None,Yes,Drama,14.4,5.9,79.2,63.4,61.9,57.3,61.05,Pass,D
James Johnson,"7769 Lakeview Dr, Phoenix, AZ",High School,No,None,11.8,7.5,87.0,59.1,65.1,57.9,60.86,Pass,D
Sophia Martin,"7181 Parkway Blvd, Chicago, IL",PhD,Yes,Drama,15.0,5.6,84.0,59.3,62.5,55.8,59.4,Pass,D
Harper Jackson,"7335 Main St, New York, NY",PhD,No,Volunteer,25.0,6.6,73.7,70.4,70.1,59.7,67.09,Pass,D
Liam Miller,"280 Main St, Columbus, OH",Bachelor's,Yes,Drama,10.1,7.1,95.6,53.8,64.8,57.4,58.73,Pass,D
Evelyn Lopez,"2612 Parkway Blvd, Atlanta, GA",None,Yes,Drama,8.0,5.2,100.0,41.9,55.0,52.2,49.59,Fail,F
Charlotte Wilson,"7814 Highland Terrace, Chicago, IL",Associate,Yes,Music,7.7,8.7,86.4,52.5,65.6,64.2,60.58,Pass,D
Benjamin Taylor,"7131 Highland Terrace, New York, NY",None,Yes,Music,10.2,7.1,85.7,51.2,49.0,54.1,51.33,Pass,D
Oliver Miller,"1337 Lakeview Dr, Seattle, WA",PhD,Yes,Drama,19.0,8.3,69.7,64.1,71.5,65.9,67.21,Pass,D
Charlotte Gonzalez,"1872 Highland Terrace, Los Angeles, CA",Bachelor's,Yes,Drama,15.1,8.1,75.5,52.5,47.9,64.2,54.39,Pass,D
Camila Martinez,"5317 Parkway Blvd, New York, NY",Associate,No,Debate,14.5,5.1,76.5,72.5,63.5,60.2,65.66,Pass,D
Mia Miller,"6240 Lakeview Dr, Seattle, WA",Associate,No,Sports,9.7,8.6,87.3,61.7,68.1,48.3,59.92,Pass,D
Emma Taylor,"8821 Lakeview Dr, Los Angeles, CA",None,Yes,Debate,1.9,7.4,95.1,54.1,58.3,58.7,56.98,Pass,D
Lucas Miller,"399 Lakeview Dr, Atlanta, GA",High School,Yes,Music,9.2,8.3,100.0,50.5,58.4,60.5,56.26,Pass,D
Luna Moore,"9817 Oak Ave, Los Angeles, CA",Bachelor's,No,Volunteer,9.0,7.8,89.5,52.4,68.1,62.3,60.84,Pass,D
Sophia Brown,"4678 Parkway Blvd, Atlanta, GA",None,No,Debate,3.1,7.3,89.0,54.3,63.2,50.9,56.37,Pass,D
Oliver Garcia,"1320 Lakeview Dr, Austin, TX",PhD,Yes,Music,17.6,9.4,82.1,85.3,77.7,76.4,79.96,Pass,C
Amelia Hernandez,"1077 Main St, Miami, FL",None,Yes,Debate,7.4,6.2,86.3,49.7,60.8,61.4,57.1,Pass,D
Charlotte Moore,"6476 Main St, Chicago, IL",High School,Yes,Volunteer,7.7,6.0,71.6,60.3,53.0,53.8,55.79,Pass,D
Harper Gonzalez,"7779 Parkway Blvd, Miami, FL",None,Yes,Debate,5.5,6.1,78.1,55.0,53.7,58.3,55.53,Pass,D
Harper Wilson,"9004 Oak Ave, Los Angeles, CA",Bachelor's,No,Music,3.6,6.4,88.4,63.4,57.4,50.9,57.54,Pass,D
Camila Lopez,"8016 Parkway Blvd, Austin, TX",PhD,No,None,14.8,7.3,94.1,52.4,69.4,59.3,60.44,Pass,D
Noah Wilson,"1636 Parkway Blvd, Seattle, WA",High School,Yes,Drama,15.1,6.1,68.6,71.2,61.9,62.3,65.3,Pass,D
Luna Taylor,"6567 Highland Terrace, Atlanta, GA",None,No,Sports,2.9,7.9,81.4,49.8,54.9,51.5,52.1,Pass,D
Benjamin Gonzalez,"3743 Main St, Phoenix, AZ",High School,Yes,Debate,11.3,6.4,87.5,57.8,60.4,62.3,60.05,Pass,D
Sophia Hernandez,"4305 Highland Terrace, New York, NY",Bachelor's,No,Drama,14.7,7.3,87.0,63.2,67.4,57.3,62.89,Pass,D
Emma Jackson,"1465 Parkway Blvd, Phoenix, AZ",None,No,None,10.1,8.6,96.3,69.3,68.7,63.5,67.35,Pass,D
Amelia Martin,"434 Parkway Blvd, Portland, OR",Associate,Yes,Volunteer,9.0,6.0,94.0,63.5,56.7,73.9,64.25,Pass,D
Harper Smith,"4988 Oak Ave, Chicago, IL",Associate,Yes,None,12.0,6.2,81.5,61.5,51.1,54.4,55.72,Pass,D
Camila Anderson,"969 Main St, Portland, OR",Master's,Yes,None,18.0,7.6,71.1,71.3,64.3,62.5,66.22,Pass,D
Mia Moore,"1735 Oak Ave, Phoenix, AZ",Bachelor's,Yes,Volunteer,19.9,5.7,95.2,66.6,58.6,68.3,64.32,Pass,D
Henry Anderson,"7675 Lakeview Dr, Austin, TX",High School,Yes,Drama,8.5,6.3,82.1,59.3,58.3,56.0,57.95,Pass,D
Amelia Williams,"4179 Parkway Blvd, Phoenix, AZ",PhD,Yes,Drama,9.5,7.5,72.7,64.6,63.1,51.0,60.0,Pass,D
Charlotte Gonzalez,"2403 Oak Ave, Austin, TX",None,No,Volunteer,9.7,8.2,100.0,62.0,57.9,56.0,58.79,Pass,D
Liam Moore,"8456 Parkway Blvd, Columbus, OH",Associate,No,Volunteer,14.8,7.7,84.3,59.0,60.0,54.5,58.02,Pass,D
Liam Jones,"3899 Oak Ave, Phoenix, AZ",Associate,Yes,Volunteer,15.0,5.5,72.3,66.4,70.6,70.7,69.18,Pass,D
Sophia Miller,"1454 Main St, Portland, OR",Bachelor's,No,Debate,11.4,6.4,70.2,55.4,49.8,44.6,50.19,Pass,D
Amelia Hernandez,"7964 Lakeview Dr, Los Angeles, CA",Associate,No,Debate,7.8,7.0,100.0,59.0,66.6,64.5,63.29,Pass,D
Theodore Miller,"5755 Main St, Columbus, OH",None,Yes,None,7.2,7.1,95.9,62.4,64.2,62.1,62.97,Pass,D
Noah Martinez,"1548 Oak Ave, Austin, TX",Master's,Yes,Music,19.5,5.8,92.1,60.4,62.4,64.4,62.28,Pass,D
Noah Jackson,"6123 Highland Terrace, Denver, CO",PhD,No,Volunteer,20.7,8.7,79.5,62.7,67.1,66.6,65.44,Pass,D
Theodore Smith,"5652 Highland Terrace, Chicago, IL",Bachelor's,Yes,Debate,11.7,7.8,95.0,64.2,70.4,72.0,68.69,Pass,D
Harper Williams,"539 Oak Ave, Boston, MA",None,No,Debate,14.8,7.1,76.6,53.6,59.7,49.2,54.42,Pass,D
Benjamin Anderson,"9490 Lakeview Dr, Austin, TX",None,Yes,Drama,1.7,7.4,93.0,50.8,47.7,58.4,51.99,Pass,D
Henry Smith,"1627 Parkway Blvd, Denver, CO",Associate,Yes,None,11.5,6.5,100.0,69.6,67.4,63.3,66.91,Pass,D
Luna Jackson,"3521 Oak Ave, Denver, CO",Bachelor's,No,Volunteer,8.9,8.7,96.3,51.1,53.5,55.2,53.2,Pass,D
Elijah Brown,"7530 Parkway Blvd, Atlanta, GA",Bachelor's,No,None,17.4,7.1,87.9,66.6,64.6,47.8,60.26,Pass,D
Evelyn Johnson,"6453 Lakeview Dr, Austin, TX",High School,No,Drama,9.4,5.0,81.0,60.5,61.1,54.8,59.0,Pass,D
Theodore Anderson,"3920 Main St, Portland, OR",PhD,No,Music,16.5,5.7,71.4,60.5,74.7,66.4,67.23,Pass,D
Olivia Davis,"3000 Lakeview Dr, Chicago, IL",Master's,No,None,7.1,7.0,86.3,50.4,54.7,50.9,52.04,Pass,D
Lucas Hernandez,"4425 Lakeview Dr, Boston, MA",None,Yes,Drama,9.2,6.3,93.5,53.3,50.9,66.7,56.48,Pass,D
Luna Rodriguez,"807 Highland Terrace, Atlanta, GA",Associate,No,None,15.6,8.8,68.3,49.4,54.8,41.5,48.93,Fail,F
James Brown,"1619 Lakeview Dr, Atlanta, GA",Bachelor's,Yes,Drama,16.6,7.2,95.3,65.5,66.9,60.2,64.39,Pass,D
Sophia Garcia,"943 Parkway Blvd, Boston, MA",Master's,No,Volunteer,14.9,7.4,79.2,58.6,51.9,55.4,55.32,Pass,D
Sophia Thomas,"2022 Main St, New York, NY",None,Yes,Debate,10.9,7.8,80.9,65.0,66.4,71.0,67.32,Pass,D
Theodore Thomas,"5124 Parkway Blvd, New York, NY",Associate,No,None,8.6,8.1,73.9,57.4,65.1,41.6,55.33,Pass,D
Mia Wilson,"7658 Oak Ave, Denver, CO",Master's,No,Music,14.0,6.2,81.5,73.2,71.6,56.3,67.58,Pass,D
Charlotte Gonzalez,"9547 Oak Ave, Portland, OR",Associate,No,Drama,13.8,8.1,86.8,63.6,54.0,61.0,59.48,Pass,D
Liam Miller,"270 Highland Terrace, Phoenix, AZ",Master's,No,None,16.2,5.0,96.1,69.5,66.0,59.3,65.21,Pass,D
Henry Taylor,"6929 Main St, Denver, CO",Bachelor's,No,None,15.8,6.3,88.0,66.2,71.2,64.8,67.51,Pass,D
Theodore Martin,"6780 Main St, Seattle, WA",High School,Yes,Debate,7.5,6.6,67.8,38.9,59.0,45.6,47.94,Fail,F
Luna Thomas,"7355 Parkway Blvd, Austin, TX",Bachelor's,No,Volunteer,20.3,6.9,87.2,73.9,76.2,78.9,76.23,Pass,C
Mia Anderson,"3460 Highland Terrace, Austin, TX",Master's,No,Music,15.1,7.7,98.1,69.7,71.9,61.8,68.07,Pass,D
Henry Davis,"7774 Highland Terrace, Boston, MA",High School,No,Sports,9.2,5.8,90.6,54.9,54.3,48.8,52.88,Pass,D
Noah Johnson,"4005 Lakeview Dr, Boston, MA",None,Yes,Volunteer,1.0,5.9,77.4,39.3,32.9,48.0,39.63,Fail,F
Camila Wilson,"3170 Main St, Seattle, WA",Bachelor's,Yes,Drama,12.5,6.5,90.0,60.5,69.0,71.5,66.77,Pass,D
James Garcia,"3255 Oak Ave, Chicago, IL",None,Yes,Music,6.1,9.9,82.5,44.9,36.5,38.7,40.1,Fail,F
Camila Jackson,"4232 Lakeview Dr, Chicago, IL",Bachelor's,Yes,Debate,22.9,6.7,82.2,83.4,74.5,62.7,74.05,Pass,C
Liam Gonzalez,"4336 Oak Ave, Phoenix, AZ",PhD,Yes,Debate,13.5,6.2,95.5,72.3,76.6,76.7,75.12,Pass,C
Camila Lopez,"2238 Oak Ave, Portland, OR",Associate,No,Volunteer,11.7,7.5,91.2,56.8,57.9,49.1,54.87,Pass,D
Henry Hernandez,"9910 Lakeview Dr, Seattle, WA",None,Yes,Volunteer,6.4,7.4,93.2,53.9,61.0,60.1,58.21,Pass,D
William Davis,"895 Main St, Boston, MA",Bachelor's,No,Drama,16.7,8.1,100.0,67.2,73.6,72.0,70.89,Pass,C
Benjamin Moore,"4806 Highland Terrace, Denver, CO",Bachelor's,No,Music,17.9,8.2,92.7,67.1,61.2,69.1,65.62,Pass,D
Emma Brown,"8624 Main St, Phoenix, AZ",Associate,Yes,Drama,9.3,8.0,90.1,60.4,63.6,62.8,62.24,Pass,D
Mia Martinez,"8773 Main St, Seattle, WA",Associate,Yes,Debate,7.7,8.5,71.0,46.7,31.9,52.5,43.26,Fail,F
Evelyn Martinez,"6082 Lakeview Dr, Seattle, WA",None,No,Volunteer,1.0,6.1,76.7,41.4,54.7,44.4,46.96,Fail,F
Evelyn Moore,"7417 Highland Terrace, Atlanta, GA",Bachelor's,Yes,None,17.5,5.3,90.0,64.6,68.5,62.4,65.3,Pass,D
Charlotte Johnson,"9768 Oak Ave, Chicago, IL",High School,Yes,Music,10.5,5.9,77.5,74.0,66.8,69.2,70.06,Pass,C
Noah Thomas,"1624 Highland Terrace, Austin, TX",PhD,No,Volunteer,16.3,6.7,78.6,55.3,63.4,51.7,57.06,Pass,D
Henry Wilson,"9797 Highland Terrace, Chicago, IL",PhD,Yes,Volunteer,15.6,7.9,100.0,72.5,61.0,66.2,66.59,Pass,D
Harper Jackson,"8030 Oak Ave, Atlanta, GA",Master's,No,Music,10.3,5.9,85.8,60.9,75.4,64.5,67.07,Pass,D
Noah Rodriguez,"5174 Highland Terrace, Seattle, WA",Associate,No,Music,14.1,6.3,83.6,67.8,68.8,72.0,69.42,Pass,D
Theodore Brown,"9560 Parkway Blvd, Boston, MA",Associate,No,Sports,8.8,8.1,75.9,55.6,49.0,47.0,50.72,Pass,D
Evelyn Smith,"3289 Oak Ave, Chicago, IL",Master's,Yes,Debate,16.7,7.4,92.7,72.7,73.7,60.6,69.42,Pass,D
Liam Smith,"1387 Main St, Denver, CO",High School,No,Drama,11.2,6.8,89.2,61.5,58.2,48.6,56.46,Pass,D
William Williams,"447 Oak Ave, Seattle, WA",PhD,Yes,None,11.5,6.3,83.4,73.7,66.1,63.9,68.09,Pass,D
Liam Williams,"8113 Lakeview Dr, Columbus, OH",Associate,No,Drama,19.6,6.6,89.1,81.2,68.4,69.4,73.21,Pass,C
Noah Gonzalez,"8780 Parkway Blvd, Miami, FL",Master's,Yes,None,15.6,7.0,86.1,76.6,79.8,78.8,78.4,Pass,C
Noah Johnson,"6748 Parkway Blvd, Miami, FL",High School,No,Drama,1.0,9.1,89.7,41.6,40.3,49.3,43.43,Fail,F
Liam Brown,"2903 Parkway Blvd, Denver, CO",PhD,No,Drama,18.1,7.8,100.0,87.2,80.6,76.9,81.79,Pass,B
Elijah Garcia,"3865 Parkway Blvd, Austin, TX",None,No,Volunteer,7.7,7.2,82.5,47.5,59.8,47.5,51.77,Pass,D
William Martinez,"8994 Oak Ave, Columbus, OH",High School,Yes,Volunteer,11.3,5.0,75.7,54.7,49.9,61.0,54.89,Pass,D
Mia Taylor,"2422 Oak Ave, Boston, MA",PhD,Yes,Debate,21.9,7.1,84.9,59.1,67.4,66.3,64.15,Pass,D
Luna Smith,"902 Main St, New York, NY",Associate,No,Debate,11.3,6.8,81.0,51.6,49.7,50.5,50.61,Pass,D
Camila Jones,"2304 Parkway Blvd, Chicago, IL",Bachelor's,Yes,Drama,14.9,5.9,79.7,60.2,70.5,67.7,66.06,Pass,D
Luna Hernandez,"1733 Highland Terrace, Atlanta, GA",PhD,No,Sports,21.1,7.3,80.3,81.4,82.0,68.7,77.83,Pass,C
Emma Lopez,"1850 Highland Terrace, Austin, TX",Bachelor's,No,Volunteer,13.3,7.7,90.3,65.0,65.7,61.4,64.19,Pass,D
Harper Jones,"2215 Lakeview Dr, Austin, TX",None,Yes,Sports,1.1,7.7,75.3,53.9,57.3,58.9,56.6,Pass,D
Emma Moore,"9106 Lakeview Dr, Seattle, WA",High School,Yes,Music,7.8,7.0,91.3,54.9,62.9,63.9,60.4,Pass,D
Oliver Jackson,"161 Lakeview Dr, Boston, MA",Master's,Yes,Debate,21.9,8.0,98.3,92.6,77.4,74.5,81.83,Pass,B
Theodore Hernandez,"2746 Highland Terrace, Atlanta, GA",None,No,Volunteer,7.0,6.0,85.1,61.7,53.5,55.4,56.94,Pass,D
Mia Hernandez,"1366 Parkway Blvd, Los Angeles, CA",High School,No,Sports,8.3,5.2,67.4,48.0,55.4,49.4,51.0,Pass,D
Sophia Martin,"417 Parkway Blvd, Seattle, WA",Associate,No,Drama,7.5,5.2,88.4,42.8,55.7,50.7,49.69,Fail,F
Emma Martinez,"4999 Highland Terrace, Seattle, WA",Bachelor's,Yes,Volunteer,13.6,6.5,100.0,75.0,72.2,79.6,75.38,Pass,C
Evelyn Garcia,"2234 Lakeview Dr, New York, NY",Master's,Yes,Volunteer,18.4,6.6,74.2,66.8,71.7,53.3,64.49,Pass,D
Luna Davis,"1248 Oak Ave, Columbus, OH",Associate,No,None,9.5,6.5,64.2,43.4,39.8,45.5,42.8,Fail,F
Lucas Davis,"7214 Parkway Blvd, Portland, OR",Bachelor's,Yes,Drama,12.0,6.1,87.5,68.7,60.4,67.9,65.54,Pass,D
Sophia Miller,"5108 Oak Ave, Portland, OR",PhD,No,Drama,12.7,6.8,91.9,47.9,44.9,55.8,49.23,Fail,F
Camila Anderson,"8216 Oak Ave, Atlanta, GA",Master's,No,Drama,16.0,5.9,80.0,69.6,62.5,58.7,63.84,Pass,D
Harper Brown,"6753 Lakeview Dr, Denver, CO",High School,Yes,Music,2.6,8.5,91.8,59.9,61.6,58.0,59.93,Pass,D
Camila Jackson,"3809 Lakeview Dr, Austin, TX",Master's,Yes,None,6.0,6.6,85.4,44.7,50.6,53.5,49.41,Fail,F
Sophia Jones,"7815 Highland Terrace, Miami, FL",Bachelor's,Yes,None,19.5,7.9,92.3,69.3,71.2,64.3,68.46,Pass,D
Liam Johnson,"4803 Main St, Phoenix, AZ",Master's,Yes,Debate,14.2,7.0,74.8,64.8,77.3,66.3,69.62,Pass,D
Mia Thomas,"7929 Parkway Blvd, Chicago, IL",High School,No,Music,14.5,6.6,85.4,65.6,69.9,70.1,68.46,Pass,D
Henry Gonzalez,"2367 Oak Ave, Columbus, OH",Associate,No,Volunteer,12.5,7.5,64.7,61.4,46.5,51.9,53.32,Pass,D
Oliver Johnson,"6859 Highland Terrace, Chicago, IL",High School,Yes,Volunteer,16.7,7.8,80.0,82.3,76.1,77.7,78.75,Pass,C
Noah Rodriguez,"1060 Main St, Portland, OR",PhD,No,Music,17.6,6.8,78.8,70.1,63.1,59.4,64.44,Pass,D
Lucas Davis,"1962 Parkway Blvd, Los Angeles, CA",High School,Yes,Debate,18.2,9.0,64.5,69.5,73.4,71.3,71.39,Pass,C
Sophia Williams,"8150 Lakeview Dr, Miami, FL",Bachelor's,Yes,Sports,10.1,6.9,82.7,65.3,74.8,66.1,68.84,Pass,D
Noah Taylor,"2162 Highland Terrace, Miami, FL",High School,Yes,Drama,7.5,6.8,69.2,44.7,39.3,43.4,42.42,Fail,F
Camila Taylor,"4571 Parkway Blvd, Columbus, OH",Associate,Yes,Music,11.6,7.8,90.2,71.0,61.4,65.6,66.0,Pass,D
Theodore Moore,"4070 Lakeview Dr, Portland, OR",Master's,No,None,13.5,6.0,82.3,50.5,52.7,48.0,50.51,Pass,D
Evelyn Thomas,"1450 Lakeview Dr, Boston, MA",High School,Yes,Music,12.0,8.5,100.0,76.5,81.3,76.1,78.04,Pass,C
Charlotte Wilson,"5034 Parkway Blvd, Seattle, WA",PhD,Yes,Debate,12.1,7.4,80.6,61.0,61.0,59.7,60.59,Pass,D
William Smith,"3422 Oak Ave, Austin, TX",Master's,Yes,Volunteer,14.0,5.2,98.9,75.2,75.1,68.6,73.2,Pass,C
Olivia Johnson,"5025 Parkway Blvd, New York, NY",Bachelor's,Yes,None,14.9,5.3,94.2,68.1,63.0,71.6,67.37,Pass,D
Sophia Martinez,"7499 Highland Terrace, Seattle, WA",Bachelor's,Yes,None,22.8,8.4,76.1,64.0,57.2,63.2,61.39,Pass,D
William Hernandez,"960 Lakeview Dr, Miami, FL",High School,Yes,Sports,3.8,7.0,92.0,59.1,59.8,57.7,58.92,Pass,D
Henry Martin,"9908 Oak Ave, Boston, MA",PhD,Yes,None,18.7,7.7,91.7,67.8,69.4,72.7,69.84,Pass,D
Evelyn Anderson,"4485 Highland Terrace, Denver, CO",High School,Yes,Drama,1.0,5.7,100.0,30.8,39.5,38.8,36.25,Fail,F
Amelia Jackson,"9725 Main St, New York, NY",Associate,No,Music,7.2,7.3,82.7,49.3,51.1,51.1,50.46,Pass,D
Theodore Garcia,"5781 Oak Ave, Columbus, OH",Master's,No,Volunteer,21.4,8.8,82.8,85.3,72.5,64.1,74.49,Pass,C
Amelia Hernandez,"3346 Oak Ave, Boston, MA",Master's,Yes,Music,20.8,5.1,80.0,68.6,57.6,61.4,62.56,Pass,D
Amelia Smith,"3908 Lakeview Dr, Boston, MA",Associate,Yes,None,11.6,7.7,95.2,53.0,58.3,62.4,57.7,Pass,D
James Johnson,"3868 Parkway Blvd, Seattle, WA",Associate,Yes,Music,9.9,5.8,67.8,50.9,37.8,56.8,48.07,Fail,F
Oliver Martinez,"4253 Main St, Boston, MA",PhD,No,Music,18.7,6.5,91.0,69.1,66.7,57.8,64.88,Pass,D
Lucas Garcia,"4060 Oak Ave, Austin, TX",Associate,Yes,Drama,15.4,8.0,87.3,52.1,64.3,56.3,57.61,Pass,D
Noah Gonzalez,"2156 Oak Ave, Austin, TX",High School,No,Sports,12.9,6.1,100.0,62.5,65.8,57.4,62.11,Pass,D
Liam Thomas,"1570 Lakeview Dr, Columbus, OH",Associate,No,Volunteer,10.7,7.6,86.2,64.8,62.2,60.2,62.52,Pass,D
Harper Johnson,"4470 Main St, Phoenix, AZ",Associate,Yes,Music,11.4,5.8,95.0,49.3,58.6,56.7,54.79,Pass,D
Sophia Hernandez,"5106 Main St, New York, NY",None,Yes,Drama,9.3,7.7,63.6,47.0,53.1,49.7,49.94,Fail,F
Mia Williams,"5355 Oak Ave, Seattle, WA",Master's,Yes,Debate,21.8,7.9,88.2,73.7,74.0,72.3,73.4,Pass,C
Benjamin Williams,"1593 Oak Ave, Phoenix, AZ",PhD,No,Sports,20.4,9.3,86.6,80.3,68.0,66.2,71.74,Pass,C
Mia Davis,"5180 Highland Terrace, Columbus, OH",Associate,Yes,Volunteer,11.2,7.8,91.9,56.7,71.2,62.5,63.53,Pass,D
Harper Brown,"8246 Lakeview Dr, Denver, CO",Associate,No,Sports,8.6,6.7,93.1,50.6,53.9,44.4,49.9,Fail,F
Henry Wilson,"2945 Highland Terrace, Chicago, IL",PhD,Yes,Drama,11.0,7.7,82.3,56.7,61.1,61.6,59.71,Pass,D
Evelyn Davis,"7154 Main St, Austin, TX",PhD,No,Music,16.1,4.8,84.7,57.8,62.5,57.7,59.41,Pass,D
Noah Moore,"6074 Parkway Blvd, Portland, OR",High School,No,Music,11.9,7.5,67.3,61.2,63.2,59.2,61.31,Pass,D
Liam Smith,"7240 Main St, Boston, MA",Associate,Yes,Drama,16.0,6.1,76.1,66.5,61.5,64.0,63.99,Pass,D
Oliver Johnson,"9313 Parkway Blvd, Denver, CO",Master's,No,None,16.6,6.1,87.1,71.7,79.3,76.5,75.81,Pass,C
Evelyn Martin,"7646 Main St, Boston, MA",Associate,Yes,None,12.6,8.4,99.3,65.0,64.9,57.8,62.79,Pass,D
James Wilson,"8376 Main St, Austin, TX",PhD,Yes,Sports,14.9,7.2,76.5,69.4,66.8,60.7,65.87,Pass,D
Olivia Williams,"6941 Main St, Miami, FL",None,Yes,Volunteer,5.1,5.4,99.6,62.8,64.2,59.2,62.2,Pass,D
Oliver Thomas,"8692 Highland Terrace, Atlanta, GA",Master's,Yes,Volunteer,10.5,5.4,74.1,59.1,61.9,45.4,55.96,Pass,D
Camila Miller,"4704 Parkway Blvd, Austin, TX",PhD,Yes,Debate,16.0,5.5,87.9,85.1,79.1,80.8,81.74,Pass,B
Amelia Moore,"1965 Parkway Blvd, Atlanta, GA",Master's,No,None,20.3,6.8,78.5,76.5,81.8,70.6,76.58,Pass,C
Luna Lopez,"8741 Lakeview Dr, Los Angeles, CA",Bachelor's,Yes,Drama,17.5,8.4,67.7,76.9,68.4,68.8,71.52,Pass,C
Olivia Jackson,"5573 Parkway Blvd, New York, NY",Master's,Yes,Debate,17.5,7.5,81.3,68.0,64.4,66.7,66.37,Pass,D
Harper Garcia,"661 Main St, Atlanta, GA",Bachelor's,Yes,None,10.3,6.3,82.5,71.3,79.3,75.3,75.28,Pass,C
Harper Garcia,"9176 Main St, Austin, TX",PhD,No,Debate,20.1,6.8,92.9,67.0,77.5,68.3,71.07,Pass,C
Oliver Miller,"3553 Lakeview Dr, Boston, MA",Bachelor's,No,Sports,11.1,7.3,92.4,60.1,56.5,63.8,59.96,Pass,D
Lucas Taylor,"571 Highland Terrace, Chicago, IL",High School,Yes,Debate,11.0,7.0,60.0,57.0,54.8,60.0,57.11,Pass,D
Camila Anderson,"9904 Highland Terrace, Atlanta, GA",PhD,No,Sports,17.7,6.0,95.4,73.7,75.8,66.0,72.12,Pass,C
Elijah Lopez,"9088 Oak Ave, Miami, FL",Bachelor's,No,Sports,10.9,6.1,98.0,77.0,78.1,62.6,73.06,Pass,C
Elijah Gonzalez,"4416 Highland Terrace, Boston, MA",None,No,Debate,6.4,6.8,95.1,55.1,46.7,58.3,53.09,Pass,D
Benjamin Taylor,"6946 Parkway Blvd, Columbus, OH",Associate,Yes,Volunteer,16.3,8.0,85.4,67.0,66.9,73.0,68.74,Pass,D
William Thomas,"1476 Parkway Blvd, Los Angeles, CA",Associate,No,Debate,11.1,8.4,81.0,41.3,47.3,48.4,45.54,Fail,F
Olivia Lopez,"6087 Parkway Blvd, Portland, OR",High School,No,Music,9.4,7.9,80.7,50.7,47.4,41.2,46.69,Fail,F
Noah Taylor,"7290 Oak Ave, Austin, TX",Master's,Yes,Sports,14.7,5.5,68.8,70.3,60.7,73.8,68.0,Pass,D
Olivia Jones,"8771 Lakeview Dr, Denver, CO",Bachelor's,No,Music,13.0,6.3,86.6,46.0,58.6,50.5,51.75,Pass,D
Amelia Thomas,"7912 Parkway Blvd, Columbus, OH",High School,Yes,None,9.5,8.6,87.6,55.8,57.7,52.5,55.45,Pass,D
James Brown,"8212 Highland Terrace, New York, NY",Bachelor's,Yes,Volunteer,14.6,7.4,80.2,61.9,55.9,63.9,60.41,Pass,D
Charlotte Wilson,"6181 Lakeview Dr, Los Angeles, CA",Master's,No,None,15.5,6.3,79.3,64.7,62.0,66.5,64.29,Pass,D
Oliver Smith,"2452 Lakeview Dr, Los Angeles, CA",PhD,Yes,Music,18.2,5.0,83.2,70.7,70.2,69.9,70.26,Pass,C
Mia Martinez,"5363 Main St, Denver, CO",PhD,Yes,Drama,18.6,8.2,87.7,69.7,71.4,71.0,70.69,Pass,C
Sophia Jackson,"8411 Main St, Austin, TX",PhD,Yes,Volunteer,21.1,5.7,93.0,77.2,76.0,85.4,79.25,Pass,C
Harper Gonzalez,"7607 Oak Ave, Portland, OR",Master's,No,Music,11.1,7.5,89.4,58.1,58.5,60.6,59.03,Pass,D
Sophia Gonzalez,"6518 Oak Ave, Los Angeles, CA",None,Yes,Drama,6.6,8.1,79.8,48.2,43.5,46.4,46.01,Fail,F
Amelia Taylor,"1073 Main St, Chicago, IL",None,Yes,Drama,12.3,7.0,93.4,82.0,69.9,77.1,76.26,Pass,C
Amelia Hernandez,"5133 Highland Terrace, Seattle, WA",High School,Yes,Debate,9.0,6.9,92.3,53.1,54.7,49.3,52.53,Pass,D
Elijah Brown,"9408 Highland Terrace, Boston, MA",PhD,No,Drama,12.0,6.7,100.0,75.1,60.9,68.6,68.17,Pass,D
Elijah Wilson,"2600 Highland Terrace, New York, NY",Master's,No,None,20.2,6.3,69.7,79.1,74.4,66.5,73.67,Pass,C
James Lopez,"8650 Highland Terrace, Los Angeles, CA",Bachelor's,Yes,Music,19.2,7.1,100.0,74.9,72.2,78.5,75.03,Pass,C
William Jones,"5462 Parkway Blvd, Boston, MA",None,Yes,Music,3.7,6.0,78.9,65.8,58.4,52.6,59.26,Pass,D
Oliver Davis,"2224 Oak Ave, Austin, TX",Associate,Yes,Drama,14.2,7.8,94.0,60.0,64.1,64.5,62.74,Pass,D
Henry Anderson,"1772 Oak Ave, Boston, MA",Associate,Yes,None,7.3,7.2,89.1,51.9,55.4,61.8,56.09,Pass,D
Mia Taylor,"812 Lakeview Dr, Phoenix, AZ",None,Yes,Volunteer,10.5,6.7,92.5,56.2,55.7,69.8,60.11,Pass,D
Liam Hernandez,"6863 Parkway Blvd, Los Angeles, CA",Bachelor's,Yes,None,14.8,6.5,82.4,58.8,70.5,68.3,65.75,Pass,D
Luna Brown,"3663 Highland Terrace, Seattle, WA",High School,No,Volunteer,6.4,6.5,86.8,50.0,47.3,51.7,49.55,Fail,F
Luna Martinez,"8061 Highland Terrace, Miami, FL",None,No,Music,12.4,6.7,83.5,54.9,68.7,62.5,61.98,Pass,D
Evelyn Williams,"2402 Parkway Blvd, Denver, CO",Bachelor's,No,Volunteer,7.7,6.5,72.9,57.1,55.1,41.7,51.76,Pass,D
Sophia Martinez,"2644 Main St, Miami, FL",High School,Yes,Drama,6.6,8.0,79.8,58.2,61.8,56.8,59.03,Pass,D
Luna Jones,"8893 Highland Terrace, Miami, FL",Bachelor's,Yes,None,10.7,6.7,82.4,63.9,58.3,62.7,61.57,Pass,D
Noah Davis,"3945 Parkway Blvd, Boston, MA",None,No,Drama,3.6,5.8,71.7,67.8,59.3,49.8,59.44,Pass,D
Olivia Davis,"1900 Highland Terrace, Los Angeles, CA",None,Yes,Debate,8.9,6.5,78.6,54.7,53.1,55.3,54.34,Pass,D
Henry Jackson,"4418 Main St, Los Angeles, CA",Master's,Yes,None,11.0,7.8,100.0,58.3,53.9,63.7,58.38,Pass,D
Theodore Wilson,"6378 Main St, Austin, TX",None,No,Debate,10.0,6.4,83.9,57.3,61.0,52.6,57.21,Pass,D
Noah Taylor,"2133 Main St, Phoenix, AZ",Master's,Yes,None,20.3,7.6,77.3,73.4,61.9,62.0,65.95,Pass,D
William Gonzalez,"9918 Oak Ave, Portland, OR",Associate,No,Debate,7.3,9.0,84.4,65.1,62.7,61.1,63.09,Pass,D
Luna Moore,"3563 Lakeview Dr, Portland, OR",None,Yes,Music,12.1,6.9,64.5,46.2,57.1,54.5,52.52,Pass,D
Elijah Williams,"1627 Oak Ave, Miami, FL",None,Yes,Sports,10.8,6.6,79.7,68.3,64.3,65.2,65.96,Pass,D
Luna Brown,"259 Lakeview Dr, Miami, FL",None,Yes,Music,4.7,6.7,80.5,72.8,62.7,64.9,66.91,Pass,D
William Brown,"9721 Main St, Boston, MA",Associate,No,Debate,14.3,7.4,89.7,62.8,72.0,63.7,66.3,Pass,D
Olivia Taylor,"6884 Main St, Denver, CO",Master's,No,Sports,14.7,7.9,92.6,55.3,67.9,55.2,59.68,Pass,D
Henry Anderson,"4948 Highland Terrace, Los Angeles, CA",Bachelor's,Yes,Sports,11.8,7.2,98.6,62.4,70.9,65.3,66.27,Pass,D
Liam Miller,"4403 Lakeview Dr, Los Angeles, CA",Bachelor's,No,Drama,14.6,7.9,100.0,67.7,79.3,58.2,68.89,Pass,D
Harper Jones,"7599 Lakeview Dr, Seattle, WA",PhD,No,Volunteer,16.6,6.1,100.0,75.1,59.2,62.1,65.63,Pass,D
Elijah Johnson,"4486 Main St, Boston, MA",High School,Yes,Debate,6.5,7.8,78.8,59.7,43.9,56.3,53.16,Pass,D
Elijah Rodriguez,"9612 Highland Terrace, Phoenix, AZ",Master's,No,Sports,15.4,5.7,81.8,72.5,70.1,58.4,67.46,Pass,D
Camila Davis,"1845 Oak Ave, Chicago, IL",Bachelor's,No,Sports,10.6,7.4,60.0,54.8,51.4,45.4,50.82,Pass,D
Charlotte Gonzalez,"1260 Main St, Miami, FL",Bachelor's,Yes,Music,9.6,6.8,80.0,60.7,65.2,57.5,61.32,Pass,D
Charlotte Wilson,"5844 Oak Ave, Boston, MA",None,Yes,Drama,8.1,6.0,100.0,56.4,61.2,56.1,57.99,Pass,D
Harper Gonzalez,"1535 Main St, Chicago, IL",None,Yes,Volunteer,10.3,7.7,88.5,65.3,57.1,52.2,58.53,Pass,D
Camila Gonzalez,"5544 Lakeview Dr, Portland, OR",Bachelor's,Yes,Music,14.0,6.8,97.7,64.8,60.7,70.8,65.19,Pass,D
William Davis,"713 Parkway Blvd, New York, NY",Associate,Yes,Sports,10.1,6.5,89.5,72.8,82.8,76.7,77.44,Pass,C
Elijah Anderson,"8636 Parkway Blvd, Miami, FL",Bachelor's,No,Volunteer,19.4,7.1,89.2,56.6,59.3,57.2,57.73,Pass,D
Henry Jackson,"9781 Lakeview Dr, Atlanta, GA",Master's,No,Volunteer,19.3,9.0,98.0,72.7,73.2,71.8,72.59,Pass,C
Noah Anderson,"4137 Parkway Blvd, Austin, TX",None,Yes,Sports,5.5,7.9,89.8,53.9,49.4,55.8,52.91,Pass,D
Lucas Anderson,"1276 Parkway Blvd, Austin, TX",Bachelor's,Yes,None,13.1,6.1,76.8,65.8,58.2,52.8,59.23,Pass,D
Harper Hernandez,"5178 Highland Terrace, Phoenix, AZ",High School,Yes,Sports,15.8,6.7,60.0,64.9,50.7,57.1,57.59,Pass,D
Lucas Taylor,"1912 Main St, Los Angeles, CA",Bachelor's,Yes,Volunteer,9.0,5.9,81.0,42.8,49.9,63.8,51.56,Pass,D
Evelyn Johnson,"4655 Highland Terrace, Austin, TX",None,Yes,Sports,12.0,6.3,93.0,68.8,73.7,72.0,71.47,Pass,C
Elijah Martinez,"1511 Lakeview Dr, Miami, FL",Associate,No,Debate,13.1,7.8,100.0,65.2,67.5,58.2,63.9,Pass,D
Elijah Davis,"3922 Highland Terrace, Chicago, IL",Associate,No,None,17.4,9.2,85.8,86.5,80.3,77.8,81.71,Pass,B
William Lopez,"3848 Highland Terrace, Seattle, WA",None,No,None,11.4,6.2,71.3,67.1,68.3,61.1,65.73,Pass,D
Liam Miller,"3936 Lakeview Dr, Columbus, OH",High School,Yes,Sports,12.3,6.1,90.1,72.9,66.7,72.2,70.5,Pass,C
Sophia Martin,"9695 Highland Terrace, Columbus, OH",High School,No,None,14.3,5.0,88.9,52.0,62.9,50.6,55.38,Pass,D
Henry Lopez,"6422 Main St, Chicago, IL",PhD,No,None,8.9,7.5,67.4,44.6,45.7,41.9,44.21,Fail,F
Lucas Davis,"7545 Oak Ave, Los Angeles, CA",Master's,No,Debate,10.1,5.6,88.2,54.1,64.4,57.3,58.67,Pass,D
Oliver Rodriguez,"8215 Oak Ave, Atlanta, GA",High School,No,Volunteer,18.6,7.0,84.4,73.6,71.3,61.5,69.15,Pass,D
Henry Hernandez,"4091 Highland Terrace, Portland, OR",High School,No,None,11.4,7.1,89.1,66.1,62.6,56.0,61.85,Pass,D
Henry Moore,"1615 Lakeview Dr, Boston, MA",PhD,Yes,Music,9.8,6.3,99.6,50.4,55.0,58.6,54.5,Pass,D
Elijah Jackson,"2137 Parkway Blvd, Chicago, IL",Master's,No,Debate,13.7,7.1,100.0,86.6,81.7,72.4,80.64,Pass,B
Olivia Wilson,"6084 Lakeview Dr, Austin, TX",Master's,Yes,Debate,19.5,9.3,91.3,80.5,76.7,75.1,77.55,Pass,C
Amelia Hernandez,"2152 Main St, Boston, MA",PhD,Yes,Debate,21.8,4.6,79.7,84.1,77.5,75.6,79.28,Pass,C
Oliver Hernandez,"6542 Highland Terrace, Austin, TX",Master's,Yes,Drama,8.6,6.3,100.0,59.6,53.8,52.7,55.5,Pass,D
Elijah Gonzalez,"6664 Oak Ave, Miami, FL",Master's,No,Sports,13.4,7.1,82.9,61.7,57.8,59.8,59.79,Pass,D
Emma Martinez,"5468 Lakeview Dr, Portland, OR",Bachelor's,Yes,Music,9.4,8.5,86.5,62.7,65.1,64.5,64.09,Pass,D
Camila Davis,"2267 Parkway Blvd, Miami, FL",PhD,Yes,None,12.0,7.4,75.1,58.8,59.1,54.1,57.49,Pass,D
Luna Gonzalez,"9655 Oak Ave, New York, NY",Associate,No,Music,12.2,4.0,85.7,64.0,61.1,65.5,63.4,Pass,D
Camila Johnson,"490 Highland Terrace, Denver, CO",High School,No,Sports,5.7,5.6,88.0,47.5,51.9,54.8,51.22,Pass,D
Liam Johnson,"1414 Main St, Portland, OR",PhD,Yes,Sports,13.7,7.0,98.2,75.7,75.0,72.9,74.63,Pass,C
William Wilson,"6903 Main St, Los Angeles, CA",Master's,No,Music,18.0,6.8,76.2,79.2,70.1,63.7,71.36,Pass,C
Luna Rodriguez,"8525 Main St, Miami, FL",High School,Yes,Music,8.0,7.8,84.7,68.1,51.9,59.5,59.86,Pass,D
Liam Johnson,"9210 Highland Terrace, Portland, OR",High School,Yes,Volunteer,9.5,7.7,75.8,50.3,54.8,57.0,53.88,Pass,D
Sophia Gonzalez,"939 Highland Terrace, Phoenix, AZ",Bachelor's,No,Music,11.7,6.5,86.0,57.9,70.3,59.6,62.78,Pass,D
James Miller,"1105 Lakeview Dr, Los Angeles, CA",PhD,No,Volunteer,18.1,4.9,82.8,53.9,55.9,56.8,55.47,Pass,D
Emma Thomas,"7738 Oak Ave, Portland, OR",PhD,No,Drama,19.0,7.0,91.0,86.1,79.8,70.5,79.2,Pass,C
William Wilson,"2369 Oak Ave, Los Angeles, CA",None,Yes,Music,6.4,4.9,84.4,54.0,67.0,59.5,60.19,Pass,D
Liam Wilson,"1437 Highland Terrace, Chicago, IL",PhD,No,Drama,20.0,6.2,88.6,74.5,67.1,67.5,69.79,Pass,D
Emma Thomas,"1134 Oak Ave, New York, NY",None,Yes,Music,11.7,6.2,79.9,54.0,56.8,50.4,53.89,Pass,D
Evelyn Rodriguez,"7249 Highland Terrace, Los Angeles, CA",High School,No,Volunteer,10.4,4.5,98.4,61.3,58.1,54.6,58.14,Pass,D
James Hernandez,"9783 Main St, Portland, OR",Bachelor's,No,Debate,11.5,6.5,91.2,65.8,61.7,56.3,61.51,Pass,D
Elijah Smith,"2514 Oak Ave, Chicago, IL",Master's,Yes,None,19.8,5.8,98.4,70.8,76.5,77.7,74.86,Pass,C
Theodore Davis,"3043 Lakeview Dr, Portland, OR",High School,Yes,None,7.0,8.5,85.8,52.1,47.8,56.5,51.89,Pass,D
Henry Anderson,"2964 Parkway Blvd, Los Angeles, CA",Master's,Yes,Debate,14.6,7.9,97.6,71.8,72.8,62.7,69.42,Pass,D
Theodore Rodriguez,"9400 Lakeview Dr, Phoenix, AZ",High School,Yes,Drama,8.7,6.5,81.0,64.8,58.3,58.0,60.47,Pass,D
Charlotte Martin,"4314 Lakeview Dr, New York, NY",Associate,No,Music,8.5,6.4,88.4,64.1,61.4,57.7,61.23,Pass,D
Evelyn Moore,"8411 Main St, New York, NY",None,Yes,Drama,17.6,6.3,80.6,68.5,64.6,59.5,64.43,Pass,D
Amelia Davis,"7080 Lakeview Dr, Austin, TX",None,Yes,Drama,11.9,9.4,85.0,78.1,74.7,83.2,78.42,Pass,C
Luna Thomas,"1495 Lakeview Dr, Boston, MA",Associate,No,Volunteer,13.5,7.0,81.1,64.3,73.6,52.2,63.93,Pass,D
Olivia Gonzalez,"2834 Parkway Blvd, Columbus, OH",Master's,No,Volunteer,11.5,6.7,84.4,65.7,72.5,62.4,67.12,Pass,D
Olivia Garcia,"9555 Main St, Denver, CO",PhD,Yes,Sports,16.6,6.5,78.0,55.0,59.2,64.0,59.18,Pass,D
Elijah Gonzalez,"7767 Oak Ave, Chicago, IL",None,No,Music,15.3,6.5,100.0,64.9,75.2,66.6,69.03,Pass,D
Henry Gonzalez,"468 Oak Ave, Columbus, OH",High School,Yes,Drama,11.6,6.8,83.1,69.0,66.4,72.2,69.06,Pass,D
Benjamin Martinez,"8868 Main St, Los Angeles, CA",High School,No,Drama,14.9,7.1,66.3,52.1,45.0,38.1,45.4,Fail,F
Camila Jackson,"8123 Parkway Blvd, Phoenix, AZ",High School,No,Volunteer,10.2,6.0,79.0,57.2,45.2,51.8,51.41,Pass,D
James Martin,"8109 Highland Terrace, Denver, CO",Associate,No,Sports,6.5,7.6,79.0,39.4,49.7,40.9,43.42,Fail,F
Theodore Jones,"7496 Lakeview Dr, Miami, FL",PhD,Yes,Sports,17.6,6.1,100.0,71.3,65.9,66.2,67.88,Pass,D
Noah Thomas,"3648 Parkway Blvd, Portland, OR",Bachelor's,Yes,Music,9.6,7.5,73.5,69.5,66.1,53.9,63.65,Pass,D
Benjamin Wilson,"5918 Parkway Blvd, Seattle, WA",PhD,No,Debate,19.9,7.2,100.0,69.3,79.4,66.3,71.94,Pass,C
Emma Brown,"6076 Highland Terrace, Seattle, WA",Associate,Yes,Music,7.9,9.8,73.0,55.9,46.8,60.2,54.04,Pass,D
James Smith,"8997 Main St, Austin, TX",Associate,No,Music,12.9,6.5,77.8,63.9,54.3,55.7,58.08,Pass,D
Olivia Taylor,"2494 Highland Terrace, Columbus, OH",High School,No,None,15.2,7.8,78.8,54.3,69.9,53.9,59.64,Pass,D
Luna Jones,"7740 Oak Ave, Atlanta, GA",High School,Yes,Sports,11.6,6.9,87.1,55.4,58.1,67.8,60.07,Pass,D
Harper Taylor,"3421 Main St, Atlanta, GA",High School,No,Music,9.6,7.9,70.1,44.2,56.0,42.1,47.71,Fail,F
Evelyn Lopez,"9025 Lakeview Dr, Miami, FL",High School,Yes,Sports,10.0,8.6,79.4,62.7,62.2,67.5,63.95,Pass,D
Harper Jones,"1149 Highland Terrace, Austin, TX",Bachelor's,Yes,Volunteer,2.9,6.2,96.6,45.1,45.0,43.9,44.68,Fail,F
Sophia Jones,"7799 Lakeview Dr, Atlanta, GA",PhD,Yes,Debate,14.4,5.9,74.2,57.4,67.4,59.2,61.44,Pass,D
Charlotte Thomas,"7143 Oak Ave, Phoenix, AZ",PhD,No,Drama,15.3,5.5,75.6,76.5,62.8,66.4,68.66,Pass,D
Noah Garcia,"5461 Lakeview Dr, Phoenix, AZ",Associate,Yes,None,9.7,7.2,86.8,74.1,70.5,61.5,69.07,Pass,D
Liam Smith,"1423 Main St, Denver, CO",Master's,Yes,Volunteer,18.2,7.5,73.2,76.8,64.0,62.7,68.09,Pass,D
Sophia Moore,"2211 Oak Ave, Miami, FL",Bachelor's,Yes,Music,11.6,7.9,75.2,68.3,66.1,69.5,67.88,Pass,D
Olivia Smith,"6954 Main St, Chicago, IL",Bachelor's,Yes,Music,12.7,8.6,100.0,62.3,68.2,61.3,64.05,Pass,D
Amelia Hernandez,"2615 Highland Terrace, Austin, TX",High School,Yes,None,5.2,8.1,76.9,38.4,50.1,51.9,46.53,Fail,F
James Rodriguez,"2432 Lakeview Dr, Portland, OR",High School,No,Drama,10.5,6.2,62.7,61.5,47.8,56.8,55.31,Pass,D
James Jackson,"7222 Highland Terrace, Los Angeles, CA",High School,Yes,Volunteer,3.9,8.1,75.5,35.8,42.8,45.1,41.03,Fail,F
Emma Wilson,"6594 Oak Ave, Columbus, OH",None,No,Debate,13.1,5.9,92.7,62.5,73.3,61.8,66.05,Pass,D
Camila Gonzalez,"7820 Lakeview Dr, Atlanta, GA",None,Yes,Music,2.3,7.7,93.9,34.5,46.9,56.1,45.32,Fail,F
Liam Rodriguez,"4662 Lakeview Dr, Denver, CO",None,Yes,Debate,14.4,6.8,90.6,72.5,74.6,68.3,71.95,Pass,C
Emma Wilson,"4423 Highland Terrace, New York, NY",Bachelor's,Yes,Sports,18.1,5.5,68.9,68.9,61.0,52.0,61.1,Pass,D
Luna Martinez,"5527 Highland Terrace, Miami, FL",None,Yes,Drama,7.2,7.7,80.7,45.9,54.5,54.6,51.5,Pass,D
Emma Thomas,"5004 Oak Ave, New York, NY",Master's,No,None,8.1,7.0,79.8,57.0,65.1,55.7,59.44,Pass,D
Charlotte Taylor,"9706 Oak Ave, Austin, TX",Associate,Yes,Sports,16.1,8.6,82.0,74.9,66.3,76.9,72.49,Pass,C
Mia Smith,"397 Highland Terrace, Denver, CO",Bachelor's,No,Sports,21.8,6.4,88.0,75.1,75.0,66.8,72.6,Pass,C
James Brown,"2761 Lakeview Dr, Denver, CO",Associate,Yes,None,10.9,7.2,68.9,64.4,61.6,63.1,63.0,Pass,D
Amelia Garcia,"9155 Main St, Seattle, WA",Associate,Yes,Debate,13.5,7.4,90.7,57.7,75.3,57.3,63.72,Pass,D
Lucas Martinez,"5831 Lakeview Dr, Chicago, IL",PhD,Yes,None,11.6,7.1,89.0,59.6,69.0,67.8,65.35,Pass,D
Sophia Thomas,"2956 Lakeview Dr, New York, NY",PhD,Yes,Volunteer,19.2,8.1,100.0,72.2,64.1,73.9,69.87,Pass,D
Mia Johnson,"1524 Main St, Los Angeles, CA",Associate,Yes,Drama,7.9,6.9,85.2,65.9,70.1,66.9,67.65,Pass,D
William Taylor,"7233 Oak Ave, Portland, OR",Bachelor's,No,None,17.6,6.9,91.5,80.6,65.8,67.2,71.4,Pass,C
Luna Moore,"3002 Parkway Blvd, Atlanta, GA",None,Yes,Sports,6.9,7.9,90.6,60.7,64.3,62.8,62.57,Pass,D
Lucas Rodriguez,"9726 Main St, Atlanta, GA",High School,Yes,Drama,9.1,7.0,81.9,66.7,53.4,57.2,59.2,Pass,D
Mia Moore,"214 Highland Terrace, Atlanta, GA",Bachelor's,Yes,Volunteer,14.1,7.8,80.9,73.1,66.3,74.9,71.24,Pass,C
Evelyn Williams,"2250 Oak Ave, Miami, FL",Master's,Yes,Drama,15.4,7.1,88.3,53.8,62.3,65.3,60.25,Pass,D
William Martinez,"6071 Highland Terrace, Portland, OR",High School,Yes,Drama,3.9,7.7,74.3,28.4,45.0,46.4,39.6,Fail,F
Mia Jackson,"7357 Lakeview Dr, New York, NY",Bachelor's,No,Volunteer,7.1,7.8,77.0,56.8,47.0,54.2,52.61,Pass,D
Camila Williams,"3186 Parkway Blvd, Los Angeles, CA",Master's,Yes,Sports,15.0,6.4,77.6,77.2,68.4,72.5,72.71,Pass,C
Sophia Hernandez,"6844 Oak Ave, Boston, MA",Bachelor's,No,Drama,11.2,9.2,90.8,59.2,68.2,60.0,62.56,Pass,D
Emma Williams,"109 Highland Terrace, New York, NY",Master's,No,Volunteer,9.1,7.3,80.5,51.5,40.5,49.5,47.04,Fail,F
Theodore Anderson,"1886 Lakeview Dr, Austin, TX",PhD,Yes,Music,16.0,8.7,90.9,69.0,60.4,66.3,65.2,Pass,D
Emma Miller,"6308 Highland Terrace, Chicago, IL",Master's,No,Sports,18.5,6.5,91.7,70.4,79.2,63.3,71.36,Pass,C
Liam Taylor,"4561 Parkway Blvd, Chicago, IL",Bachelor's,Yes,Music,15.8,6.9,80.3,70.9,66.1,60.6,66.11,Pass,D
Benjamin Jackson,"9712 Highland Terrace, Atlanta, GA",PhD,Yes,Sports,16.3,6.2,98.6,75.2,64.2,63.4,67.83,Pass,D
Harper Rodriguez,"1833 Main St, New York, NY",PhD,Yes,None,12.2,8.9,71.4,54.6,68.3,51.8,58.55,Pass,D
Theodore Martin,"7950 Highland Terrace, Portland, OR",Master's,Yes,Debate,20.2,7.1,77.7,54.8,59.2,53.4,55.92,Pass,D
Emma Hernandez,"6554 Main St, Columbus, OH",High School,Yes,Volunteer,8.1,7.6,87.3,56.4,59.4,57.9,57.88,Pass,D
Harper Moore,"5879 Oak Ave, Atlanta, GA",Master's,No,None,16.9,6.9,83.9,67.5,59.4,66.7,64.44,Pass,D
Luna Martin,"6597 Highland Terrace, Atlanta, GA",PhD,Yes,Volunteer,16.5,7.7,84.6,67.9,65.2,72.5,68.31,Pass,D
Elijah Davis,"7758 Parkway Blvd, Phoenix, AZ",PhD,Yes,Sports,21.0,5.2,94.2,61.7,60.8,62.1,61.52,Pass,D
Theodore Smith,"166 Parkway Blvd, Portland, OR",High School,No,Volunteer,12.7,6.4,95.1,57.0,53.9,58.2,56.26,Pass,D
Sophia Martin,"4969 Lakeview Dr, Phoenix, AZ",Associate,No,None,8.7,5.7,84.6,53.4,57.5,56.5,55.75,Pass,D
Elijah Martinez,"1907 Main St, Miami, FL",Bachelor's,No,Volunteer,7.3,8.4,98.5,58.7,57.1,54.8,56.95,Pass,D
Charlotte Wilson,"6417 Lakeview Dr, Seattle, WA",Associate,Yes,Drama,12.1,6.1,82.0,64.5,61.1,55.0,60.45,Pass,D
Lucas Lopez,"1887 Parkway Blvd, Phoenix, AZ",None,No,Music,8.6,8.2,77.8,57.0,56.5,52.4,55.42,Pass,D
William Jackson,"8544 Oak Ave, Portland, OR",Master's,No,None,14.7,8.1,84.2,60.5,61.1,65.4,62.16,Pass,D
Theodore Johnson,"9476 Parkway Blvd, Boston, MA",Associate,No,Debate,14.5,6.6,100.0,79.1,85.2,79.6,81.38,Pass,B
Benjamin Davis,"8240 Lakeview Dr, Portland, OR",Bachelor's,Yes,Debate,12.1,6.3,84.7,50.5,58.1,58.5,55.56,Pass,D
Harper Taylor,"3673 Lakeview Dr, Miami, FL",PhD,Yes,Debate,17.3,7.4,76.3,67.3,69.1,63.1,66.69,Pass,D
James Johnson,"1703 Parkway Blvd, Boston, MA",Bachelor's,No,Sports,13.4,6.1,80.4,64.2,57.9,51.6,58.19,Pass,D
James Hernandez,"518 Main St, Portland, OR",Bachelor's,Yes,Debate,5.5,5.6,82.8,47.9,47.0,57.8,50.53,Pass,D
Theodore Garcia,"3225 Oak Ave, Seattle, WA",PhD,No,Drama,13.1,7.8,66.2,53.7,57.6,61.8,57.5,Pass,D
Liam Davis,"6797 Highland Terrace, Chicago, IL",Master's,No,Music,16.6,7.9,94.4,81.3,70.1,65.3,72.58,Pass,C
Luna Hernandez,"808 Oak Ave, Portland, OR",High School,Yes,Music,9.9,5.2,83.7,48.7,60.4,56.5,55.17,Pass,D
Henry Hernandez,"2698 Parkway Blvd, Chicago, IL",High School,No,None,9.5,6.9,66.1,63.0,52.3,55.8,57.11,Pass,D
William Brown,"7480 Oak Ave, Miami, FL",Associate,Yes,Music,11.1,6.7,90.4,62.9,49.2,52.2,54.88,Pass,D
Oliver Jones,"4488 Parkway Blvd, Chicago, IL",Bachelor's,Yes,Drama,10.0,5.9,70.6,60.1,55.3,65.1,59.93,Pass,D
Evelyn Martin,"646 Highland Terrace, Denver, CO",High School,No,Drama,12.8,6.5,90.1,56.2,52.6,60.2,56.15,Pass,D
Mia Lopez,"7497 Main St, Columbus, OH",High School,Yes,Sports,3.6,6.3,81.3,57.7,56.2,64.5,59.23,Pass,D
Evelyn Brown,"4220 Main St, Boston, MA",High School,No,Drama,5.1,6.6,80.3,50.0,48.0,49.1,49.01,Fail,F
Elijah Lopez,"4590 Parkway Blvd, Phoenix, AZ",Bachelor's,Yes,Music,11.8,6.2,77.1,60.8,51.2,54.2,55.43,Pass,D
Emma Moore,"4184 Highland Terrace, Phoenix, AZ",None,Yes,Debate,11.0,7.5,100.0,65.8,80.8,73.1,73.21,Pass,C
Liam Wilson,"586 Parkway Blvd, Denver, CO",PhD,No,Sports,16.2,6.8,86.8,59.9,74.4,61.0,65.29,Pass,D
Oliver Garcia,"8964 Oak Ave, Seattle, WA",PhD,Yes,Drama,24.3,7.7,78.2,75.2,77.4,74.1,75.66,Pass,C
Henry Martinez,"6968 Highland Terrace, Miami, FL",PhD,No,Music,20.8,8.4,79.2,85.3,74.3,67.6,76.13,Pass,C
Liam Rodriguez,"6157 Lakeview Dr, Denver, CO",Associate,No,Sports,9.8,7.8,73.0,42.0,49.5,48.7,46.66,Fail,F
Oliver Wilson,"5553 Parkway Blvd, Chicago, IL",None,No,Debate,5.8,6.9,89.3,65.1,65.0,62.1,64.16,Pass,D
Harper Moore,"5205 Oak Ave, Phoenix, AZ",High School,Yes,Debate,5.9,6.5,88.7,49.5,53.6,60.8,54.31,Pass,D
Evelyn Miller,"9940 Main St, Phoenix, AZ",Associate,No,Sports,8.3,8.7,73.5,49.9,56.8,56.6,54.33,Pass,D
Liam Taylor,"4100 Parkway Blvd, Seattle, WA",Master's,No,None,14.2,6.1,85.3,74.9,68.5,62.9,69.06,Pass,D
Oliver Wilson,"384 Oak Ave, Phoenix, AZ",PhD,Yes,Music,14.3,6.8,94.2,64.0,77.1,63.9,68.53,Pass,D
Olivia Jackson,"6236 Lakeview Dr, Boston, MA",PhD,Yes,Debate,15.2,6.5,95.1,59.6,65.2,64.4,63.0,Pass,D
Emma Anderson,"708 Parkway Blvd, Phoenix, AZ",PhD,No,Sports,16.9,5.3,73.0,73.8,62.2,57.0,64.7,Pass,D
Noah Hernandez,"1866 Oak Ave, Portland, OR",None,Yes,Music,11.6,4.2,79.7,51.8,53.7,55.6,53.62,Pass,D
Theodore Miller,"5168 Highland Terrace, Miami, FL",None,No,Debate,5.4,6.7,77.6,40.2,40.9,47.8,42.74,Fail,F
Camila Thomas,"1976 Parkway Blvd, Seattle, WA",High School,Yes,Volunteer,13.5,5.8,82.4,53.8,59.1,65.4,59.1,Pass,D
James Davis,"3888 Highland Terrace, Portland, OR",PhD,Yes,None,16.2,6.1,72.9,69.3,70.3,74.7,71.26,Pass,C
Camila Garcia,"6291 Highland Terrace, Phoenix, AZ",High School,Yes,Sports,9.3,6.2,86.8,56.0,75.0,53.6,61.94,Pass,D
William Davis,"7970 Main St, Austin, TX",High School,Yes,Debate,17.2,5.9,85.2,61.2,60.8,52.3,58.38,Pass,D
Olivia Johnson,"2163 Oak Ave, Atlanta, GA",Master's,Yes,None,18.5,7.3,76.8,73.1,52.3,62.0,62.44,Pass,D
Lucas Anderson,"4683 Oak Ave, Columbus, OH",Bachelor's,Yes,Drama,5.8,8.0,79.7,48.7,47.1,61.1,51.86,Pass,D
Sophia Martin,"5410 Parkway Blvd, Atlanta, GA",PhD,No,Music,15.7,8.0,84.0,70.5,71.8,59.0,67.49,Pass,D
Luna Jones,"6657 Oak Ave, Austin, TX",High School,Yes,None,12.5,6.8,96.0,56.9,51.8,56.7,55.05,Pass,D
Benjamin Smith,"2842 Parkway Blvd, Los Angeles, CA",Master's,Yes,Drama,13.8,5.1,81.5,77.0,69.9,71.4,72.86,Pass,C
Elijah Wilson,"6966 Lakeview Dr, Columbus, OH",Master's,No,Music,13.2,7.0,83.8,66.6,68.5,59.7,65.2,Pass,D
Elijah Thomas,"315 Highland Terrace, New York, NY",Bachelor's,Yes,None,16.4,8.5,89.9,69.7,72.4,69.5,70.59,Pass,C
Evelyn Rodriguez,"2649 Lakeview Dr, Boston, MA",Associate,Yes,Drama,13.7,7.5,73.8,56.6,57.4,60.0,57.93,Pass,D
Lucas Miller,"9113 Parkway Blvd, Boston, MA",PhD,No,Debate,13.2,5.9,84.2,69.0,67.5,66.7,67.79,Pass,D
Harper Moore,"4374 Main St, Atlanta, GA",Bachelor's,Yes,None,15.7,7.5,77.5,68.2,66.5,59.2,64.92,Pass,D
Camila Rodriguez,"5311 Parkway Blvd, New York, NY",Bachelor's,No,Sports,13.7,7.4,86.0,68.2,59.4,58.7,62.26,Pass,D
Evelyn Williams,"8520 Highland Terrace, Seattle, WA",Master's,No,Music,13.9,7.1,94.6,59.1,73.7,63.5,65.54,Pass,D
Luna Martinez,"6635 Highland Terrace, Seattle, WA",None,Yes,Volunteer,7.0,7.8,72.3,40.2,37.2,49.3,41.87,Fail,F
Oliver Gonzalez,"1266 Parkway Blvd, Portland, OR",Associate,Yes,Debate,10.1,6.2,72.5,54.1,62.7,50.0,55.85,Pass,D
Liam Smith,"3309 Parkway Blvd, Denver, CO",None,No,Sports,7.0,7.2,95.4,58.0,55.3,48.7,54.27,Pass,D
William Gonzalez,"6617 Highland Terrace, Columbus, OH",Master's,Yes,Music,18.1,6.6,92.7,65.5,63.7,68.3,65.68,Pass,D
Noah Gonzalez,"5107 Parkway Blvd, New York, NY",Master's,No,None,20.9,7.6,86.2,71.5,73.7,67.6,71.08,Pass,C
Noah Jones,"9645 Highland Terrace, Boston, MA",High School,Yes,Music,9.9,7.5,86.3,63.1,47.3,65.2,58.21,Pass,D
Elijah Jones,"6014 Oak Ave, Atlanta, GA",Associate,No,Sports,12.2,7.0,100.0,55.0,53.9,57.4,55.31,Pass,D
Henry Smith,"9550 Highland Terrace, Los Angeles, CA",None,No,Volunteer,5.3,5.9,83.9,52.3,53.4,52.3,52.67,Pass,D
Liam Taylor,"145 Main St, Boston, MA",Bachelor's,Yes,None,12.1,7.1,85.1,58.3,56.7,55.0,56.78,Pass,D
Benjamin Gonzalez,"1783 Lakeview Dr, Boston, MA",High School,Yes,Debate,9.3,8.2,95.2,52.6,64.5,66.8,61.04,Pass,D
Lucas Brown,"998 Parkway Blvd, Columbus, OH",Associate,Yes,Drama,13.3,6.1,94.0,55.5,58.3,62.8,58.68,Pass,D
Amelia Davis,"9077 Highland Terrace, New York, NY",Associate,No,Volunteer,15.6,8.3,64.7,59.2,51.9,54.4,55.21,Pass,D
Henry Anderson,"2584 Lakeview Dr, Columbus, OH",Bachelor's,Yes,None,13.5,7.2,87.4,53.2,55.2,60.1,55.97,Pass,D
Olivia Hernandez,"1600 Main St, Los Angeles, CA",Master's,Yes,Sports,16.1,8.0,78.9,69.4,59.2,65.6,64.66,Pass,D
Harper Johnson,"8232 Highland Terrace, Los Angeles, CA",PhD,No,Sports,12.3,7.1,80.7,50.3,62.7,55.5,56.21,Pass,D
Charlotte Smith,"887 Oak Ave, Denver, CO",Associate,No,Volunteer,13.4,6.6,86.2,77.0,80.5,61.6,73.61,Pass,C
Harper Garcia,"3862 Highland Terrace, Portland, OR",High School,Yes,Sports,7.2,6.6,79.1,62.3,55.3,67.9,61.49,Pass,D
Liam Garcia,"7811 Lakeview Dr, Phoenix, AZ",Master's,No,Drama,17.6,7.8,82.1,59.9,75.5,66.8,67.44,Pass,D
Lucas Hernandez,"3869 Highland Terrace, Portland, OR",Bachelor's,No,Volunteer,14.6,5.1,90.9,48.9,65.3,52.0,55.55,Pass,D
Lucas Martinez,"2836 Lakeview Dr, Miami, FL",High School,No,None,14.5,8.0,88.9,60.8,70.3,49.7,60.82,Pass,D
Camila Rodriguez,"2815 Main St, Portland, OR",Associate,Yes,Debate,8.8,7.0,78.3,44.3,46.4,49.8,46.69,Fail,F
Sophia Brown,"3560 Parkway Blvd, Denver, CO",Associate,Yes,None,7.2,7.0,77.8,54.2,50.6,61.9,55.25,Pass,D
Mia Williams,"4005 Parkway Blvd, Chicago, IL",Master's,Yes,Debate,11.6,9.0,82.9,65.1,66.9,61.2,64.55,Pass,D
Evelyn Gonzalez,"9495 Highland Terrace, Columbus, OH",Bachelor's,No,Volunteer,19.0,6.9,86.1,70.0,81.2,63.2,71.87,Pass,C
Emma Gonzalez,"8786 Lakeview Dr, Austin, TX",Associate,No,Sports,8.4,5.6,92.8,54.4,50.7,42.7,49.58,Fail,F
Lucas Martinez,"860 Lakeview Dr, Phoenix, AZ",Master's,No,Volunteer,15.1,7.9,99.0,61.1,67.9,58.1,62.57,Pass,D
Henry Taylor,"1391 Lakeview Dr, Atlanta, GA",Associate,Yes,Volunteer,11.1,7.8,69.9,51.8,43.6,50.7,48.61,Fail,F
Olivia Miller,"8346 Parkway Blvd, Denver, CO",High School,No,None,13.5,7.6,72.5,55.0,65.0,60.7,60.2,Pass,D
Olivia Lopez,"4285 Lakeview Dr, Boston, MA",Associate,Yes,Volunteer,15.9,8.1,69.3,66.8,60.1,57.2,61.57,Pass,D
Camila Jackson,"7255 Oak Ave, Atlanta, GA",High School,No,Drama,7.6,6.4,100.0,65.8,58.3,66.5,63.38,Pass,D
Amelia Hernandez,"7331 Highland Terrace, Seattle, WA",None,Yes,Sports,9.5,6.0,87.9,64.6,73.0,76.8,71.17,Pass,C
Noah Johnson,"8588 Lakeview Dr, Columbus, OH",PhD,Yes,Volunteer,24.8,7.2,78.9,76.9,71.7,60.3,70.11,Pass,C
Elijah Wilson,"7051 Highland Terrace, Portland, OR",Master's,No,Volunteer,15.8,7.6,84.0,66.6,61.1,52.9,60.54,Pass,D
Amelia Garcia,"4077 Lakeview Dr, Los Angeles, CA",Master's,No,Sports,9.6,6.2,79.0,69.2,73.1,58.9,67.48,Pass,D
Benjamin Miller,"7537 Oak Ave, Austin, TX",PhD,No,None,17.7,5.2,100.0,77.7,75.5,66.4,73.54,Pass,C
Luna Smith,"2659 Oak Ave, Austin, TX",PhD,No,Drama,19.0,9.2,90.8,75.2,73.6,66.3,71.95,Pass,C
Oliver Lopez,"8215 Oak Ave, Phoenix, AZ",None,No,Drama,7.9,7.0,85.1,57.5,57.0,57.5,57.32,Pass,D
Sophia Moore,"9511 Highland Terrace, Seattle, WA",Bachelor's,Yes,None,15.5,6.6,86.1,72.5,63.9,67.6,68.01,Pass,D
Camila Jones,"4718 Parkway Blvd, Los Angeles, CA",PhD,No,Volunteer,7.9,4.9,79.3,48.3,58.5,43.5,50.43,Pass,D
Luna Rodriguez,"5097 Parkway Blvd, Boston, MA",None,No,Music,14.0,7.0,80.2,54.4,52.8,51.9,53.07,Pass,D
Theodore Davis,"1798 Parkway Blvd, Boston, MA",PhD,No,None,9.0,8.2,70.9,55.2,56.6,47.5,53.37,Pass,D
Harper Garcia,"4396 Parkway Blvd, Los Angeles, CA",None,No,Music,6.6,5.9,75.6,50.2,46.4,43.9,46.98,Fail,F
Harper Hernandez,"876 Lakeview Dr, Atlanta, GA",Associate,Yes,Volunteer,18.8,6.5,94.4,55.4,59.0,61.7,58.55,Pass,D
Charlotte Wilson,"7110 Highland Terrace, Boston, MA",Master's,No,Volunteer,4.8,5.4,79.7,42.3,44.9,37.6,41.83,Fail,F
Luna Taylor,"7810 Lakeview Dr, Boston, MA",Associate,No,Drama,18.1,6.5,92.8,79.9,61.7,58.9,67.21,Pass,D
Benjamin Rodriguez,"4931 Main St, Boston, MA",High School,No,Sports,3.9,7.2,100.0,47.2,57.2,53.6,52.63,Pass,D
Emma Martin,"9623 Oak Ave, Seattle, WA",Bachelor's,Yes,None,8.2,9.2,70.6,43.8,60.1,48.3,50.85,Pass,D
William Martin,"3081 Parkway Blvd, New York, NY",Associate,Yes,None,12.9,7.7,91.7,60.3,65.7,61.6,62.58,Pass,D
Theodore Miller,"6274 Oak Ave, Miami, FL",Master's,Yes,Sports,9.7,6.8,65.2,43.7,56.4,48.3,49.52,Fail,F
Oliver Rodriguez,"4791 Lakeview Dr, Atlanta, GA",Bachelor's,Yes,Debate,3.9,5.5,100.0,45.0,41.7,50.4,45.44,Fail,F
Mia Wilson,"1245 Lakeview Dr, Los Angeles, CA",Bachelor's,No,Music,14.2,7.0,77.8,70.5,72.5,68.6,70.66,Pass,C
Oliver Davis,"7724 Main St, Austin, TX",PhD,No,Drama,16.9,6.7,87.4,63.1,63.5,64.6,63.69,Pass,D
Camila Rodriguez,"595 Lakeview Dr, Atlanta, GA",High School,Yes,Debate,5.4,6.2,82.4,59.3,55.5,69.2,60.94,Pass,D
Olivia Jones,"2238 Parkway Blvd, Columbus, OH",PhD,No,Music,20.7,7.0,74.9,76.5,65.7,63.8,68.89,Pass,D
Amelia Johnson,"7308 Oak Ave, Chicago, IL",PhD,No,Sports,14.7,8.8,76.5,63.8,69.8,58.3,64.27,Pass,D
Luna Wilson,"2753 Lakeview Dr, Portland, OR",Associate,No,Drama,14.0,7.4,82.9,46.6,60.4,50.5,52.62,Pass,D
Evelyn Miller,"1822 Oak Ave, Los Angeles, CA",PhD,Yes,Music,23.5,7.2,91.0,74.5,67.0,62.9,68.38,Pass,D
Luna Smith,"9021 Oak Ave, Boston, MA",Master's,No,Volunteer,12.3,5.7,80.0,54.5,64.2,56.7,58.54,Pass,D
Olivia Gonzalez,"1370 Lakeview Dr, New York, NY",PhD,No,Drama,11.9,5.3,80.9,57.6,62.2,65.2,61.52,Pass,D
Camila Taylor,"8514 Parkway Blvd, Denver, CO",Bachelor's,Yes,Drama,16.6,5.9,77.9,54.2,59.5,54.9,56.27,Pass,D
Evelyn Hernandez,"4957 Main St, Columbus, OH",Master's,Yes,Music,13.2,6.2,77.6,45.6,58.1,58.6,53.87,Pass,D
Luna Taylor,"5647 Oak Ave, Seattle, WA",None,Yes,None,9.4,7.0,99.0,61.8,68.5,72.7,67.41,Pass,D
Benjamin Moore,"7190 Highland Terrace, New York, NY",None,No,Volunteer,3.3,7.1,80.6,47.8,46.1,35.6,43.53,Fail,F
Elijah Gonzalez,"8717 Lakeview Dr, Phoenix, AZ",High School,Yes,None,9.8,7.0,70.1,45.2,43.4,47.9,45.36,Fail,F
Luna Martinez,"689 Lakeview Dr, Boston, MA",High School,Yes,Music,11.6,8.0,86.0,67.5,64.9,64.1,65.58,Pass,D
Noah Davis,"2845 Highland Terrace, Portland, OR",Master's,No,Sports,14.4,8.1,63.3,63.0,53.8,60.6,59.07,Pass,D
Charlotte Miller,"2710 Main St, Columbus, OH",High School,No,Debate,9.6,7.2,95.2,62.5,56.0,63.4,60.52,Pass,D
Benjamin Wilson,"2177 Parkway Blvd, Miami, FL",PhD,No,Volunteer,21.3,5.9,62.3,67.2,60.4,55.6,61.35,Pass,D
Henry Jones,"8973 Lakeview Dr, New York, NY",High School,No,Music,5.2,7.2,73.8,45.5,57.7,46.1,49.97,Fail,F
Benjamin Anderson,"6304 Main St, Columbus, OH",PhD,Yes,Music,17.8,5.0,79.0,78.7,66.5,67.2,70.97,Pass,C
Liam Taylor,"7453 Highland Terrace, Boston, MA",High School,No,Debate,9.8,7.0,94.6,58.1,65.6,60.0,61.29,Pass,D
Noah Smith,"3081 Highland Terrace, New York, NY",High School,Yes,Drama,5.4,7.0,76.8,38.8,47.7,49.0,44.99,Fail,F
Mia Lopez,"4076 Lakeview Dr, Boston, MA",Bachelor's,Yes,Music,7.4,6.7,60.0,39.2,25.1,31.8,32.06,Fail,F
Oliver Anderson,"698 Main St, Boston, MA",Associate,No,Music,6.7,7.5,74.3,47.5,44.3,37.4,43.33,Fail,F
William Taylor,"9668 Parkway Blvd, Denver, CO",High School,Yes,Music,14.5,7.1,80.5,74.7,79.3,68.8,74.55,Pass,C
Lucas Davis,"2173 Oak Ave, Columbus, OH",Master's,No,Debate,16.8,7.7,99.5,74.1,66.2,60.6,67.29,Pass,D
Liam Martinez,"2774 Lakeview Dr, Columbus, OH",None,Yes,Drama,8.3,6.7,88.8,40.7,52.7,53.9,48.85,Fail,F
William Hernandez,"6826 Highland Terrace, Miami, FL",Master's,Yes,Volunteer,11.2,8.2,77.9,66.0,63.9,62.5,64.22,Pass,D
Lucas Anderson,"733 Lakeview Dr, Portland, OR",None,Yes,Debate,12.0,7.8,83.4,63.0,56.8,57.1,59.05,Pass,D
Harper Moore,"1232 Lakeview Dr, Atlanta, GA",Master's,No,None,9.7,8.5,79.9,53.6,51.0,60.7,54.81,Pass,D
Sophia Gonzalez,"7640 Oak Ave, Portland, OR",Master's,No,Drama,11.2,7.7,97.3,56.0,62.3,57.2,58.53,Pass,D
Henry Martin,"4966 Lakeview Dr, Austin, TX",Master's,No,None,5.4,8.1,79.3,40.7,47.5,44.3,44.17,Fail,F
Evelyn Thomas,"3839 Oak Ave, Columbus, OH",High School,Yes,Volunteer,8.4,6.2,88.6,44.3,50.0,52.2,48.66,Fail,F
Noah Garcia,"9018 Highland Terrace, Miami, FL",Associate,No,Volunteer,12.5,6.5,75.4,66.3,72.9,57.0,65.81,Pass,D
Lucas Anderson,"273 Parkway Blvd, Austin, TX",High School,Yes,None,11.8,5.7,77.4,48.8,53.9,48.8,50.62,Pass,D
Camila Rodriguez,"9646 Highland Terrace, Denver, CO",PhD,No,Music,18.7,6.3,92.9,70.0,69.8,72.3,70.62,Pass,C
Evelyn Rodriguez,"8098 Parkway Blvd, Austin, TX",None,No,Music,4.2,5.9,100.0,61.3,67.6,57.2,62.27,Pass,D
Olivia Williams,"873 Oak Ave, Seattle, WA",High School,Yes,None,7.0,8.1,82.4,42.4,41.2,54.6,45.62,Fail,F
Emma Davis,"8366 Parkway Blvd, Columbus, OH",None,No,Music,15.9,6.9,71.2,73.3,66.9,58.4,66.61,Pass,D
Luna Davis,"5930 Parkway Blvd, Chicago, IL",Master's,Yes,Drama,12.6,5.7,93.5,60.7,67.9,55.9,61.79,Pass,D
Luna Williams,"8961 Main St, Austin, TX",None,No,Music,1.1,7.2,87.8,45.3,51.9,48.3,48.54,Fail,F
James Anderson,"3339 Lakeview Dr, Miami, FL",Bachelor's,No,Sports,20.3,7.8,88.9,77.9,74.2,75.5,75.88,Pass,C
Oliver Anderson,"2814 Highland Terrace, Boston, MA",Bachelor's,Yes,Drama,13.0,6.7,78.5,58.5,65.6,57.2,60.59,Pass,D
Henry Lopez,"7169 Highland Terrace, Phoenix, AZ",Associate,No,None,13.2,6.1,86.5,67.1,63.5,44.7,59.12,Pass,D
Theodore Martinez,"8204 Lakeview Dr, Denver, CO",Master's,No,Volunteer,20.6,7.5,99.8,74.9,65.9,64.3,68.58,Pass,D
Theodore Lopez,"516 Lakeview Dr, Denver, CO",Associate,Yes,None,12.7,6.8,85.6,75.5,75.7,71.7,74.41,Pass,C
Henry Jones,"1459 Parkway Blvd, Phoenix, AZ",None,No,Volunteer,6.6,5.9,91.9,50.2,50.0,60.1,53.1,Pass,D
Mia Martinez,"9261 Oak Ave, Los Angeles, CA",Master's,No,Music,16.6,9.9,83.7,65.6,53.2,63.9,60.74,Pass,D
William Jones,"6112 Oak Ave, Columbus, OH",None,No,None,7.2,7.2,78.3,51.0,48.7,45.9,48.66,Fail,F
Benjamin Taylor,"1317 Parkway Blvd, Seattle, WA",PhD,No,Sports,6.6,8.7,70.6,52.3,49.6,39.3,47.45,Fail,F
Noah Martin,"3130 Main St, Portland, OR",Associate,No,Debate,14.9,8.9,100.0,63.6,66.1,56.8,62.46,Pass,D
Sophia Martinez,"2540 Main St, Denver, CO",High School,Yes,None,9.1,9.1,81.3,44.4,52.0,43.9,46.92,Fail,F
Oliver Thomas,"6419 Highland Terrace, Portland, OR",Associate,No,Music,5.6,6.7,96.0,48.6,48.2,50.5,49.07,Fail,F
Liam Taylor,"9060 Oak Ave, Columbus, OH",Associate,Yes,Music,12.7,7.9,80.0,56.8,48.0,63.7,55.79,Pass,D
Mia Davis,"1600 Oak Ave, Seattle, WA",PhD,No,Drama,21.2,6.5,72.0,83.6,74.0,68.6,75.75,Pass,C
Liam Garcia,"3381 Parkway Blvd, Phoenix, AZ",High School,No,None,5.6,8.0,76.0,45.4,53.8,47.3,48.95,Fail,F
Liam Jackson,"1578 Oak Ave, Miami, FL",PhD,Yes,Volunteer,19.3,6.9,92.6,98.1,82.5,68.9,83.88,Pass,B
Olivia Lopez,"2799 Lakeview Dr, Columbus, OH",Bachelor's,No,Volunteer,9.1,7.7,95.2,59.3,57.8,59.1,58.72,Pass,D
Theodore Johnson,"540 Lakeview Dr, Columbus, OH",Bachelor's,No,Sports,16.2,9.9,90.6,62.3,62.7,59.2,61.47,Pass,D
Oliver Davis,"5423 Lakeview Dr, Seattle, WA",Bachelor's,Yes,Sports,17.1,9.0,82.2,70.4,64.0,62.1,65.64,Pass,D
Luna Martin,"1965 Oak Ave, Los Angeles, CA",Associate,Yes,Drama,11.1,6.4,85.1,65.6,63.7,72.6,67.04,Pass,D
Benjamin Lopez,"1224 Oak Ave, Boston, MA",High School,No,None,9.3,7.1,83.1,60.8,57.5,47.5,55.64,Pass,D
Charlotte Anderson,"9059 Parkway Blvd, New York, NY",None,Yes,Debate,7.5,7.8,77.6,46.8,59.0,48.9,51.69,Pass,D
Amelia Martinez,"2000 Main St, Seattle, WA",High School,Yes,Music,8.8,8.1,89.4,61.0,49.7,63.3,57.73,Pass,D
Camila Williams,"3439 Highland Terrace, Columbus, OH",None,Yes,Sports,6.8,5.9,91.9,54.2,49.3,65.1,55.76,Pass,D
Noah Martinez,"5102 Highland Terrace, Phoenix, AZ",None,Yes,Volunteer,14.8,6.4,97.0,61.5,69.0,65.8,65.43,Pass,D
Benjamin Martin,"9210 Highland Terrace, Austin, TX",PhD,Yes,Volunteer,15.0,5.6,82.0,76.5,68.1,73.4,72.64,Pass,C
Henry Wilson,"6005 Oak Ave, Miami, FL",High School,Yes,Volunteer,7.0,6.7,94.6,51.5,69.2,57.9,59.64,Pass,D
Emma Jackson,"691 Highland Terrace, Phoenix, AZ",High School,Yes,None,11.7,7.4,88.9,59.5,73.8,69.9,67.63,Pass,D
James Miller,"6531 Highland Terrace, Denver, CO",PhD,Yes,Sports,10.7,7.7,75.2,49.9,62.1,53.2,55.17,Pass,D
Lucas Jones,"7162 Parkway Blvd, Chicago, IL",Bachelor's,Yes,Drama,7.4,8.1,87.5,51.1,53.8,55.0,53.2,Pass,D
Noah Thomas,"285 Oak Ave, Los Angeles, CA",PhD,Yes,Volunteer,17.9,7.9,60.0,72.9,64.7,53.6,64.24,Pass,D
Emma Taylor,"4860 Main St, Boston, MA",Associate,Yes,Sports,12.3,7.2,80.6,67.4,74.4,62.8,68.46,Pass,D
Amelia Miller,"475 Oak Ave, Seattle, WA",Associate,No,Volunteer,7.7,6.9,80.0,61.4,61.3,62.4,61.68,Pass,D
Mia Wilson,"8178 Main St, Austin, TX",Associate,No,Debate,5.7,8.4,96.0,45.0,25.6,43.6,37.78,Fail,F
Mia Johnson,"8225 Parkway Blvd, Columbus, OH",Associate,Yes,Drama,7.4,8.9,86.9,63.6,62.7,59.1,61.94,Pass,D
Lucas Jones,"1332 Parkway Blvd, Chicago, IL",PhD,Yes,Sports,19.0,7.1,85.3,60.9,63.6,70.6,64.76,Pass,D
Henry Smith,"8250 Highland Terrace, Chicago, IL",PhD,Yes,Sports,17.1,7.5,89.1,65.6,65.3,60.2,63.88,Pass,D
Olivia Hernandez,"7300 Main St, Columbus, OH",High School,No,Music,6.5,5.8,92.3,40.2,42.8,37.9,40.43,Fail,F
Olivia Wilson,"7663 Main St, New York, NY",None,No,Volunteer,12.0,5.3,77.8,50.1,55.5,40.5,49.14,Fail,F
Camila Rodriguez,"9884 Parkway Blvd, New York, NY",Bachelor's,Yes,None,7.2,6.6,81.0,56.0,60.3,64.2,59.98,Pass,D
Oliver Davis,"7656 Main St, Chicago, IL",None,No,Sports,5.6,7.2,89.6,48.7,55.1,48.0,50.71,Pass,D
William Taylor,"532 Highland Terrace, Austin, TX",Bachelor's,Yes,Drama,16.2,7.8,89.5,66.2,58.2,68.7,64.15,Pass,D
Olivia Moore,"3342 Oak Ave, New York, NY",High School,Yes,Drama,13.7,7.3,83.7,63.3,65.7,53.8,61.28,Pass,D
James Smith,"5631 Highland Terrace, New York, NY",Bachelor's,No,Drama,15.7,6.2,88.6,59.6,50.5,71.0,59.82,Pass,D
Luna Taylor,"3257 Highland Terrace, Atlanta, GA",PhD,Yes,Music,18.5,6.4,85.8,72.2,76.9,70.3,73.29,Pass,C
Lucas Hernandez,"185 Highland Terrace, Phoenix, AZ",Bachelor's,Yes,Music,7.3,6.6,87.5,52.4,54.2,55.6,53.97,Pass,D
Benjamin Hernandez,"2416 Lakeview Dr, Atlanta, GA",Master's,No,None,18.3,7.5,72.4,83.6,75.3,64.4,74.93,Pass,C
Elijah Lopez,"1944 Oak Ave, Denver, CO",Master's,Yes,Volunteer,17.8,8.0,74.5,71.7,74.7,72.1,72.89,Pass,C
Evelyn Smith,"5192 Highland Terrace, Chicago, IL",High School,Yes,Debate,16.5,9.4,73.8,60.2,63.1,59.6,61.05,Pass,D
Harper Moore,"3478 Highland Terrace, Atlanta, GA",PhD,No,Music,25.0,7.9,80.4,76.1,78.5,64.2,73.39,Pass,C
Henry Jackson,"3254 Oak Ave, Portland, OR",High School,Yes,Sports,12.5,9.8,77.8,65.3,60.9,58.0,61.55,Pass,D
Elijah Davis,"4283 Parkway Blvd, New York, NY",Associate,No,Debate,6.1,7.4,100.0,55.3,64.1,52.4,57.54,Pass,D
Evelyn Rodriguez,"7157 Parkway Blvd, Atlanta, GA",PhD,No,Sports,15.5,7.5,86.3,52.2,56.9,40.2,50.25,Pass,D
Henry Davis,"1547 Oak Ave, Boston, MA",None,No,Music,10.9,5.9,94.6,52.5,55.7,58.8,55.52,Pass,D
Emma Anderson,"5755 Oak Ave, Denver, CO",Master's,No,Debate,15.6,5.6,82.4,75.6,84.9,73.2,78.12,Pass,C
Henry Johnson,"4362 Lakeview Dr, Los Angeles, CA",Master's,No,Sports,16.2,6.6,78.1,67.7,66.8,65.0,66.58,Pass,D
Benjamin Brown,"4513 Lakeview Dr, Los Angeles, CA",None,No,Debate,10.1,6.0,75.0,57.5,63.8,46.3,56.33,Pass,D
Charlotte Moore,"5205 Oak Ave, Los Angeles, CA",PhD,No,Sports,21.6,6.6,91.7,73.3,78.9,70.1,74.29,Pass,C
Noah Wilson,"6345 Main St, Atlanta, GA",None,No,Debate,5.6,6.7,85.8,54.1,58.9,42.9,52.43,Pass,D
Liam Miller,"1347 Main St, New York, NY",Master's,Yes,Debate,20.4,5.9,86.7,71.5,66.5,76.4,71.21,Pass,C
Liam Hernandez,"5667 Lakeview Dr, Denver, CO",Bachelor's,No,Drama,17.4,8.4,70.5,69.6,71.2,62.6,68.03,Pass,D
Charlotte Gonzalez,"4143 Parkway Blvd, Atlanta, GA",Master's,No,Music,10.3,5.2,79.0,52.1,59.7,52.8,54.95,Pass,D
Harper Anderson,"4473 Main St, Los Angeles, CA",High School,No,None,6.8,7.2,67.3,50.3,44.7,42.8,46.09,Fail,F
Elijah Hernandez,"5637 Highland Terrace, Miami, FL",Associate,No,Debate,15.6,6.9,70.2,80.0,70.5,61.8,71.21,Pass,C
Liam Smith,"213 Main St, Chicago, IL",None,No,None,11.9,6.7,94.4,72.7,78.0,64.4,72.04,Pass,C
Oliver Jones,"2554 Oak Ave, Boston, MA",Master's,No,Volunteer,19.9,9.1,100.0,71.6,71.1,62.5,68.68,Pass,D
Harper Rodriguez,"2159 Main St, Portland, OR",PhD,No,None,11.7,7.7,79.7,62.2,51.6,63.5,58.88,Pass,D
James Gonzalez,"3897 Highland Terrace, Atlanta, GA",Associate,Yes,Volunteer,7.2,6.3,72.6,40.3,41.9,36.2,39.61,Fail,F
William Anderson,"9692 Oak Ave, Austin, TX",Associate,Yes,None,11.9,7.5,100.0,62.2,60.1,66.5,62.76,Pass,D
Camila Jackson,"6758 Lakeview Dr, Los Angeles, CA",None,Yes,Sports,6.0,8.9,85.6,52.9,47.8,62.6,54.02,Pass,D
James Wilson,"4353 Main St, Columbus, OH",High School,No,Volunteer,3.2,6.0,89.3,52.7,63.5,50.0,55.67,Pass,D
Elijah Moore,"3193 Parkway Blvd, Miami, FL",Bachelor's,Yes,Sports,8.1,9.0,69.8,60.1,62.8,64.2,62.29,Pass,D
Evelyn Garcia,"9445 Lakeview Dr, Boston, MA",PhD,No,None,19.3,5.7,91.7,77.7,75.5,57.5,70.86,Pass,C
Emma Martinez,"9830 Lakeview Dr, Seattle, WA",Associate,No,Volunteer,10.1,5.6,99.2,80.2,63.2,63.9,69.36,Pass,D
Henry Wilson,"5495 Lakeview Dr, Phoenix, AZ",High School,Yes,None,9.2,6.5,83.9,60.5,67.7,64.4,64.2,Pass,D
Harper Lopez,"2236 Parkway Blvd, New York, NY",Associate,Yes,Volunteer,9.2,6.2,90.8,53.7,61.2,59.9,58.15,Pass,D
Liam Smith,"6897 Main St, Los Angeles, CA",PhD,No,Music,15.9,8.0,89.4,57.7,58.3,54.0,56.8,Pass,D
Elijah Martinez,"9602 Lakeview Dr, Boston, MA",PhD,No,Volunteer,17.6,8.1,90.9,66.3,59.0,64.8,63.3,Pass,D
Charlotte Davis,"2025 Parkway Blvd, Denver, CO",PhD,Yes,Volunteer,16.2,6.8,72.2,59.8,66.9,61.0,62.62,Pass,D
Amelia Garcia,"4662 Highland Terrace, New York, NY",Master's,No,None,8.9,6.7,95.3,55.6,53.6,46.3,52.16,Pass,D
Noah Johnson,"1582 Parkway Blvd, Austin, TX",None,No,Volunteer,6.5,6.6,87.9,46.6,45.1,50.2,47.16,Fail,F
Emma Jones,"4750 Lakeview Dr, Portland, OR",Bachelor's,No,Sports,18.3,7.6,86.5,64.7,65.8,55.7,62.38,Pass,D
Amelia Johnson,"9377 Lakeview Dr, Miami, FL",Master's,No,Sports,15.1,5.1,90.7,57.2,68.9,58.9,61.78,Pass,D
Sophia Garcia,"4117 Lakeview Dr, Portland, OR",PhD,No,Music,13.5,8.0,80.4,74.6,71.0,57.7,68.28,Pass,D
Luna Miller,"3594 Parkway Blvd, Portland, OR",High School,No,None,20.0,8.4,69.3,74.5,72.6,66.9,71.57,Pass,C
Mia Gonzalez,"8159 Highland Terrace, Portland, OR",Master's,Yes,None,14.9,7.5,68.9,66.0,50.6,53.7,56.94,Pass,D
James Johnson,"6892 Lakeview Dr, Seattle, WA",Bachelor's,No,None,16.9,7.9,89.1,66.0,70.0,45.8,61.35,Pass,D
Lucas Thomas,"1456 Lakeview Dr, Los Angeles, CA",Master's,Yes,None,10.1,7.7,81.7,53.9,68.0,61.5,61.12,Pass,D
Noah Taylor,"714 Highland Terrace, Boston, MA",Master's,No,Sports,11.4,7.0,66.9,68.1,68.5,51.8,63.34,Pass,D
Liam Thomas,"9551 Main St, Columbus, OH",None,No,Sports,6.8,7.5,90.2,52.3,45.0,36.8,45.08,Fail,F
Noah Martinez,"4323 Lakeview Dr, New York, NY",Bachelor's,Yes,Sports,13.8,7.8,87.8,77.7,71.6,75.9,75.02,Pass,C
Theodore Taylor,"1088 Highland Terrace, Chicago, IL",Bachelor's,No,Drama,10.4,7.6,82.7,57.9,66.9,58.0,61.04,Pass,D
Charlotte Martinez,"3587 Highland Terrace, Boston, MA",Master's,No,None,20.8,7.1,88.6,76.7,74.7,70.1,74.02,Pass,C
Charlotte Davis,"8011 Lakeview Dr, Boston, MA",Master's,No,Debate,12.6,8.3,78.1,65.8,69.9,58.7,65.08,Pass,D
Liam Johnson,"9280 Highland Terrace, Boston, MA",None,Yes,Drama,8.8,6.9,96.2,40.9,51.1,50.8,47.44,Fail,F
Amelia Garcia,"1653 Oak Ave, Denver, CO",None,Yes,Volunteer,7.7,8.2,90.2,48.6,45.3,52.1,48.5,Fail,F
Charlotte Garcia,"8014 Highland Terrace, New York, NY",Master's,Yes,Volunteer,21.5,6.6,97.7,73.5,71.4,76.9,73.76,Pass,C
Evelyn Gonzalez,"419 Oak Ave, New York, NY",Master's,No,Drama,12.0,7.9,80.1,49.5,44.6,59.3,50.73,Pass,D
James Moore,"9456 Lakeview Dr, Chicago, IL",Bachelor's,Yes,Debate,13.1,5.3,71.9,58.5,63.1,57.5,59.8,Pass,D
Sophia Gonzalez,"8777 Oak Ave, Portland, OR",None,Yes,Sports,4.2,7.7,79.8,51.8,54.7,53.5,53.31,Pass,D
James Thomas,"9827 Main St, Austin, TX",Bachelor's,Yes,Music,14.4,7.2,89.8,57.5,59.8,70.1,62.1,Pass,D
Harper Taylor,"8746 Highland Terrace, Austin, TX",PhD,No,None,23.5,6.8,86.0,74.8,56.9,69.3,66.88,Pass,D
Evelyn Jackson,"2790 Main St, Chicago, IL",Bachelor's,Yes,Volunteer,17.4,7.8,64.0,84.2,81.7,62.4,76.77,Pass,C
Benjamin Davis,"8367 Lakeview Dr, Miami, FL",Master's,Yes,None,22.2,5.5,85.3,86.6,85.3,76.1,83.0,Pass,B
Evelyn Thomas,"5088 Highland Terrace, Columbus, OH",Bachelor's,No,None,16.9,7.4,77.3,67.5,50.2,58.8,58.84,Pass,D
Charlotte Martin,"5795 Main St, New York, NY",Bachelor's,No,None,12.3,6.2,90.1,55.3,53.1,64.0,57.17,Pass,D
Elijah Hernandez,"5288 Parkway Blvd, New York, NY",High School,No,Debate,12.3,5.8,80.1,61.5,60.2,53.0,58.47,Pass,D
Henry Lopez,"4624 Main St, Portland, OR",Master's,Yes,Volunteer,11.2,8.3,95.6,67.5,63.2,66.0,65.55,Pass,D
Emma Anderson,"4547 Parkway Blvd, Phoenix, AZ",Bachelor's,No,Sports,18.1,6.2,100.0,78.2,82.8,76.7,79.39,Pass,C
Olivia Miller,"5569 Oak Ave, Miami, FL",High School,Yes,Music,8.4,6.9,97.7,51.3,54.2,62.8,55.76,Pass,D
Evelyn Garcia,"3798 Main St, New York, NY",High School,Yes,None,6.1,9.4,81.9,67.1,74.1,78.0,72.83,Pass,C
Henry Rodriguez,"2915 Lakeview Dr, Denver, CO",Bachelor's,Yes,Music,11.8,5.5,80.2,61.8,51.5,51.6,55.16,Pass,D
Liam Martin,"640 Parkway Blvd, Columbus, OH",Associate,Yes,None,14.7,6.2,86.1,64.7,66.6,62.9,64.82,Pass,D
Henry Davis,"1517 Parkway Blvd, Denver, CO",Master's,No,Music,19.1,8.6,83.2,66.0,64.4,58.0,63.03,Pass,D
Oliver Rodriguez,"6648 Parkway Blvd, Boston, MA",Associate,Yes,Music,11.0,7.1,71.7,58.3,48.4,53.4,53.33,Pass,D
William Moore,"8000 Highland Terrace, Chicago, IL",Master's,Yes,Sports,10.6,8.1,81.8,70.7,64.8,61.4,65.86,Pass,D
Mia Miller,"6787 Highland Terrace, New York, NY",High School,Yes,Music,13.6,5.8,96.3,67.3,60.4,60.5,62.84,Pass,D
Harper Wilson,"3656 Lakeview Dr, Chicago, IL",High School,Yes,Volunteer,14.0,7.3,88.1,65.4,66.2,63.6,65.15,Pass,D
Mia Gonzalez,"8613 Oak Ave, Seattle, WA",Bachelor's,Yes,Music,10.4,7.9,91.5,67.1,68.9,67.5,67.84,Pass,D
Harper Garcia,"5621 Highland Terrace, Seattle, WA",High School,Yes,Sports,1.0,9.0,93.5,50.1,54.0,65.3,56.02,Pass,D
Amelia Davis,"7825 Main St, Columbus, OH",None,No,Music,5.3,6.2,86.7,50.2,44.6,48.5,47.69,Fail,F
James Rodriguez,"3449 Parkway Blvd, Austin, TX",None,No,Music,14.7,6.5,96.7,62.7,73.6,61.2,66.07,Pass,D
James Davis,"2128 Highland Terrace, Chicago, IL",Master's,Yes,Volunteer,10.8,6.4,91.8,58.3,59.7,62.2,59.98,Pass,D
Elijah Lopez,"1451 Oak Ave, New York, NY",Associate,No,Volunteer,10.0,5.1,77.6,61.0,60.6,52.2,58.25,Pass,D
Liam Rodriguez,"3690 Parkway Blvd, Boston, MA",None,No,None,11.4,5.5,96.1,60.9,68.9,68.0,65.85,Pass,D
Emma Thomas,"9461 Parkway Blvd, New York, NY",Master's,Yes,None,20.5,8.1,71.5,64.8,71.4,60.5,65.8,Pass,D
Henry Martinez,"5941 Lakeview Dr, Denver, CO",Associate,Yes,Sports,10.5,5.2,69.6,56.3,59.1,57.5,57.63,Pass,D
Mia Thomas,"8937 Oak Ave, Portland, OR",Bachelor's,Yes,Debate,14.9,7.4,75.1,61.5,57.0,63.6,60.58,Pass,D
Sophia Smith,"3479 Oak Ave, Denver, CO",PhD,No,Music,15.1,5.7,85.7,62.9,63.1,58.2,61.58,Pass,D
Camila Wilson,"8772 Lakeview Dr, Atlanta, GA",Master's,Yes,Drama,9.1,8.1,73.5,45.9,60.0,55.0,53.55,Pass,D
Oliver Taylor,"3596 Highland Terrace, Atlanta, GA",None,Yes,Volunteer,14.2,7.6,83.7,65.3,64.4,63.4,64.43,Pass,D
Lucas Martin,"7779 Highland Terrace, Phoenix, AZ",High School,Yes,Sports,7.1,7.1,73.7,56.5,48.0,56.8,53.61,Pass,D
Mia Smith,"2803 Main St, Chicago, IL",Master's,No,Volunteer,17.5,8.9,67.0,56.6,52.1,50.2,53.08,Pass,D
Evelyn Lopez,"1422 Main St, Denver, CO",High School,No,Sports,13.6,5.6,82.3,60.1,67.6,65.2,64.24,Pass,D
Henry Wilson,"8685 Parkway Blvd, New York, NY",PhD,Yes,Debate,16.7,8.9,94.7,82.6,81.0,70.6,78.43,Pass,C
Lucas Davis,"8197 Parkway Blvd, Miami, FL",Bachelor's,Yes,Drama,14.8,8.3,91.5,74.1,72.0,65.8,70.87,Pass,C
Theodore Jackson,"8814 Parkway Blvd, Portland, OR",High School,Yes,Volunteer,10.9,7.2,87.8,62.9,63.5,60.0,62.24,Pass,D
Theodore Lopez,"1558 Main St, Columbus, OH",High School,No,Music,11.5,7.3,100.0,56.7,62.4,60.2,59.77,Pass,D
Sophia Jones,"6344 Oak Ave, Boston, MA",High School,Yes,Drama,15.5,8.3,88.9,71.7,77.9,75.3,74.93,Pass,C
Mia Jackson,"4065 Parkway Blvd, New York, NY",Associate,Yes,Volunteer,14.2,8.1,100.0,68.5,74.7,71.5,71.59,Pass,C
Evelyn Davis,"9991 Lakeview Dr, Phoenix, AZ",Master's,No,Volunteer,20.0,6.2,100.0,93.9,80.6,70.8,82.32,Pass,B
Sophia Smith,"9214 Highland Terrace, Chicago, IL",Associate,No,None,17.0,7.0,75.1,70.2,67.1,68.4,68.54,Pass,D
Sophia Wilson,"7234 Lakeview Dr, Denver, CO",High School,Yes,Debate,8.2,6.6,74.1,47.7,45.4,64.8,52.02,Pass,D
Olivia Taylor,"3658 Main St, Boston, MA",None,Yes,None,18.4,6.6,76.6,65.3,64.3,70.4,66.48,Pass,D
Noah Smith,"2499 Parkway Blvd, Portland, OR",High School,No,None,13.5,8.1,98.4,64.3,67.6,65.7,65.86,Pass,D
Henry Davis,"2848 Lakeview Dr, Portland, OR",PhD,No,None,19.1,7.7,86.1,91.2,94.1,86.0,90.64,Pass,A
Lucas Miller,"3145 Oak Ave, Columbus, OH",PhD,Yes,Drama,13.0,6.7,84.2,55.3,59.6,55.6,56.92,Pass,D
Benjamin Anderson,"9345 Oak Ave, Miami, FL",Master's,Yes,Debate,10.4,8.5,94.5,45.5,62.6,52.1,53.46,Pass,D
Henry Smith,"9606 Main St, Los Angeles, CA",None,Yes,Drama,9.0,5.8,91.4,53.2,60.1,66.4,59.62,Pass,D
Luna Taylor,"6593 Main St, New York, NY",PhD,No,Music,11.9,6.3,84.0,72.3,63.3,72.9,69.33,Pass,D
Oliver Wilson,"5084 Parkway Blvd, Miami, FL",Master's,Yes,None,18.7,7.2,82.7,76.3,69.9,68.9,71.85,Pass,C
Harper Taylor,"6048 Lakeview Dr, Denver, CO",None,No,Debate,5.9,6.3,74.9,51.3,56.0,38.0,48.96,Fail,F
Olivia Martin,"480 Highland Terrace, Portland, OR",High School,No,Sports,8.7,7.1,99.0,61.2,59.9,52.0,57.99,Pass,D
Evelyn Martinez,"6092 Highland Terrace, Columbus, OH",None,Yes,Drama,9.4,6.4,88.8,61.7,68.0,68.9,66.07,Pass,D
Mia Thomas,"4554 Parkway Blvd, Chicago, IL",Bachelor's,No,Drama,10.5,7.2,71.1,53.3,47.9,42.7,48.2,Fail,F
Harper Miller,"3930 Highland Terrace, Columbus, OH",Bachelor's,Yes,None,22.2,7.7,96.9,78.3,74.8,69.8,74.52,Pass,C
William Jones,"9481 Main St, Atlanta, GA",PhD,No,Debate,13.7,6.4,75.5,54.8,54.8,48.0,52.77,Pass,D
Evelyn Lopez,"9162 Oak Ave, Los Angeles, CA",Bachelor's,No,None,12.2,6.3,87.1,68.2,62.8,68.2,66.3,Pass,D
Lucas Anderson,"9822 Highland Terrace, Los Angeles, CA",Master's,Yes,Debate,14.6,7.8,90.9,69.4,73.8,68.7,70.72,Pass,C
Elijah Davis,"5912 Main St, Miami, FL",Master's,No,Volunteer,12.9,8.5,83.7,54.7,57.9,56.1,56.23,Pass,D
William Martin,"8347 Main St, Chicago, IL",Bachelor's,Yes,None,11.4,6.7,100.0,60.1,51.4,56.6,55.99,Pass,D
William Johnson,"4027 Main St, Seattle, WA",Master's,No,Drama,21.7,6.7,87.2,84.0,66.4,72.7,74.46,Pass,C
Henry Martin,"2809 Lakeview Dr, Portland, OR",High School,No,Music,13.2,6.4,63.1,51.9,47.5,45.0,48.29,Fail,F
Mia Rodriguez,"6746 Highland Terrace, Atlanta, GA",Associate,Yes,Sports,10.9,7.9,75.7,64.2,64.9,57.7,62.49,Pass,D
Charlotte Brown,"5927 Parkway Blvd, Portland, OR",None,Yes,Volunteer,4.4,6.4,74.9,28.1,35.3,44.3,35.45,Fail,F
Lucas Williams,"8637 Highland Terrace, Austin, TX",None,Yes,Drama,11.3,7.1,76.0,72.5,57.2,70.2,66.46,Pass,D
Sophia Wilson,"4863 Parkway Blvd, Phoenix, AZ",Bachelor's,Yes,Drama,14.2,7.2,89.1,70.3,57.8,52.7,60.64,Pass,D
Theodore Johnson,"7914 Parkway Blvd, Chicago, IL",Associate,No,Drama,10.3,7.9,90.5,61.6,65.3,59.3,62.21,Pass,D
Lucas Wilson,"9649 Main St, Columbus, OH",PhD,Yes,Debate,14.5,7.9,78.1,69.5,75.7,69.7,71.71,Pass,C
Noah Garcia,"1997 Lakeview Dr, Seattle, WA",None,Yes,None,17.7,8.0,97.3,74.1,67.6,72.3,71.29,Pass,C
Theodore Gonzalez,"5228 Lakeview Dr, Columbus, OH",Master's,No,None,15.8,6.6,85.9,71.8,67.3,67.2,68.84,Pass,D
Benjamin Williams,"9324 Main St, Portland, OR",None,No,Sports,13.4,5.9,71.9,50.5,50.7,55.8,52.16,Pass,D
William Taylor,"3730 Oak Ave, Phoenix, AZ",High School,No,Music,9.8,8.6,86.9,72.0,60.4,59.5,64.19,Pass,D
Luna Wilson,"6671 Main St, Columbus, OH",None,Yes,Volunteer,7.6,6.1,100.0,45.3,61.3,67.8,57.65,Pass,D
William Hernandez,"105 Main St, Columbus, OH",High School,No,Debate,12.0,7.1,92.5,66.6,67.6,50.5,62.1,Pass,D
James Taylor,"1835 Main St, Austin, TX",None,Yes,Drama,1.7,6.5,84.6,51.3,51.1,54.5,52.2,Pass,D
Mia Anderson,"8979 Main St, Los Angeles, CA",Associate,Yes,Debate,15.2,6.1,69.0,67.9,58.2,48.8,58.78,Pass,D
Noah Martin,"9409 Highland Terrace, Miami, FL",None,Yes,Debate,12.3,7.1,92.1,79.9,78.8,78.7,79.16,Pass,C
Mia Johnson,"5605 Main St, Denver, CO",Master's,Yes,None,15.5,5.7,81.0,72.1,71.9,65.7,70.12,Pass,C
Theodore Davis,"6846 Highland Terrace, Phoenix, AZ",Bachelor's,Yes,Volunteer,11.7,6.1,93.7,60.6,65.9,71.2,65.65,Pass,D
Evelyn Thomas,"8013 Main St, Los Angeles, CA",Master's,Yes,None,19.2,6.8,68.6,54.5,46.2,60.9,53.5,Pass,D
Sophia Martin,"9888 Oak Ave, Seattle, WA",PhD,Yes,Volunteer,10.4,7.4,79.8,54.7,56.4,56.1,55.69,Pass,D
Mia Smith,"1761 Highland Terrace, Boston, MA",Bachelor's,Yes,Music,10.6,6.2,78.8,49.1,53.0,52.9,51.63,Pass,D
Theodore Davis,"2401 Main St, Chicago, IL",High School,No,Volunteer,13.1,7.0,97.3,59.0,56.1,62.3,58.96,Pass,D
Mia Garcia,"789 Highland Terrace, Seattle, WA",Associate,Yes,None,10.3,7.3,79.8,68.5,66.3,69.0,67.88,Pass,D
Olivia Miller,"1296 Parkway Blvd, Boston, MA",Bachelor's,No,Volunteer,9.9,5.5,100.0,62.2,69.6,74.8,68.57,Pass,D
Luna Lopez,"2631 Parkway Blvd, New York, NY",Associate,Yes,Debate,6.7,6.8,90.5,54.2,53.0,51.6,52.97,Pass,D
Henry Brown,"3070 Parkway Blvd, Los Angeles, CA",PhD,Yes,None,4.2,7.9,100.0,62.6,79.5,62.4,68.46,Pass,D
Olivia Davis,"6462 Highland Terrace, Austin, TX",Associate,Yes,Debate,2.7,5.9,73.5,47.0,53.7,49.6,50.14,Pass,D
William Thomas,"1628 Oak Ave, Portland, OR",None,Yes,Volunteer,9.9,7.4,85.5,46.5,51.7,50.5,49.53,Fail,F
Evelyn Johnson,"1139 Highland Terrace, Portland, OR",None,Yes,None,4.9,8.4,77.8,61.8,60.3,52.9,58.57,Pass,D
Oliver Davis,"3731 Oak Ave, Portland, OR",None,Yes,Drama,13.3,6.9,97.7,71.4,62.9,57.2,64.17,Pass,D
Mia Jackson,"8422 Parkway Blvd, Columbus, OH",Master's,Yes,Sports,15.0,8.3,85.9,59.3,57.2,67.1,60.87,Pass,D
Evelyn Jones,"1984 Lakeview Dr, Chicago, IL",PhD,No,Volunteer,25.0,6.5,94.4,85.4,80.2,73.7,80.08,Pass,B
Evelyn Moore,"8372 Highland Terrace, Portland, OR",None,Yes,Volunteer,9.7,8.3,64.0,35.4,50.7,44.8,43.58,Fail,F
Henry Brown,"6728 Highland Terrace, Phoenix, AZ",None,No,Drama,7.7,4.2,73.0,50.2,60.9,45.1,52.42,Pass,D
Liam Lopez,"1559 Main St, Seattle, WA",High School,Yes,Music,16.0,6.5,66.0,62.6,63.4,73.1,66.06,Pass,D
Evelyn Smith,"2106 Parkway Blvd, Atlanta, GA",Associate,Yes,None,14.2,5.8,84.6,68.9,71.7,66.6,69.2,Pass,D
Luna Smith,"4279 Parkway Blvd, Miami, FL",None,Yes,None,3.1,8.3,92.1,54.0,46.6,65.6,54.88,Pass,D
Camila Thomas,"4305 Main St, Los Angeles, CA",Master's,Yes,Drama,16.6,8.1,94.5,55.1,64.4,65.4,61.44,Pass,D
Evelyn Jackson,"4419 Lakeview Dr, Denver, CO",Master's,No,Sports,16.8,7.5,99.5,79.4,80.7,80.3,80.11,Pass,B
Henry Smith,"5546 Highland Terrace, Phoenix, AZ",None,No,Music,11.6,6.2,78.7,56.5,47.4,50.8,51.62,Pass,D
Lucas Rodriguez,"6626 Parkway Blvd, Denver, CO",Master's,Yes,None,5.6,7.1,89.8,39.8,48.7,45.8,44.72,Fail,F
Camila Moore,"9463 Main St, Denver, CO",Bachelor's,No,Music,18.6,8.0,93.5,74.3,78.8,69.3,74.39,Pass,C
Camila Rodriguez,"5097 Oak Ave, Los Angeles, CA",PhD,Yes,Drama,19.8,6.6,96.8,69.2,74.2,73.1,72.09,Pass,C
Camila Lopez,"7359 Parkway Blvd, Boston, MA",High School,No,Music,13.3,6.3,65.9,56.1,66.4,52.8,58.72,Pass,D
Luna Martinez,"6755 Parkway Blvd, Boston, MA",Master's,Yes,Volunteer,17.2,7.0,79.1,73.5,72.2,61.0,69.32,Pass,D
Mia Miller,"1668 Parkway Blvd, Austin, TX",Associate,No,Music,8.5,8.0,65.7,62.9,49.4,42.8,52.16,Pass,D
Benjamin Gonzalez,"7790 Lakeview Dr, Los Angeles, CA",PhD,No,Volunteer,16.3,6.5,73.6,68.7,63.0,63.1,65.01,Pass,D
William Jackson,"2307 Parkway Blvd, Austin, TX",High School,No,Debate,5.6,7.2,79.2,46.9,48.5,44.6,46.77,Fail,F
Noah Brown,"6439 Oak Ave, New York, NY",PhD,No,Debate,14.5,6.1,96.8,58.0,70.1,73.6,66.92,Pass,D
Liam Miller,"9877 Highland Terrace, Miami, FL",High School,No,Debate,4.5,8.2,68.8,42.7,56.5,48.1,49.14,Fail,F
Luna Martin,"6867 Parkway Blvd, Portland, OR",PhD,Yes,Sports,20.7,5.6,75.8,63.2,69.0,70.1,67.3,Pass,D
Henry Lopez,"2678 Parkway Blvd, New York, NY",PhD,No,None,8.5,5.9,69.4,43.8,52.5,56.8,50.76,Pass,D
Sophia Johnson,"1130 Lakeview Dr, Seattle, WA",Bachelor's,Yes,Music,8.5,6.5,78.1,61.1,68.3,57.6,62.58,Pass,D
Noah Jones,"2524 Lakeview Dr, Denver, CO",High School,Yes,Drama,18.4,6.6,81.5,77.4,78.0,72.5,76.13,Pass,C
Oliver Hernandez,"6494 Main St, Columbus, OH",None,No,None,1.8,7.3,79.7,54.3,64.4,42.7,54.35,Pass,D
Benjamin Martin,"9933 Parkway Blvd, Miami, FL",None,No,Music,1.0,5.2,73.9,35.8,40.6,42.1,39.36,Fail,F
Emma Lopez,"5662 Oak Ave, Austin, TX",None,No,None,9.9,6.0,86.1,47.8,60.5,62.1,56.55,Pass,D
Amelia Hernandez,"1536 Oak Ave, Chicago, IL",PhD,Yes,Volunteer,19.7,7.5,99.6,92.3,90.4,85.0,89.41,Pass,B
Elijah Lopez,"372 Lakeview Dr, New York, NY",Master's,Yes,Drama,12.9,5.8,83.5,68.1,61.2,65.4,64.88,Pass,D
Oliver Davis,"2178 Main St, Seattle, WA",None,Yes,Music,10.3,6.8,92.7,65.5,62.2,55.1,61.2,Pass,D
Theodore Rodriguez,"3806 Main St, Miami, FL",Associate,Yes,Drama,12.2,7.0,95.1,58.5,67.1,72.1,65.58,Pass,D
Liam Moore,"8488 Oak Ave, Boston, MA",Associate,Yes,None,10.4,6.0,68.4,60.5,50.1,56.0,55.52,Pass,D
Lucas Thomas,"9012 Oak Ave, Phoenix, AZ",PhD,No,Sports,20.6,8.0,91.1,76.9,69.5,64.5,70.6,Pass,C
Oliver Brown,"7097 Highland Terrace, Los Angeles, CA",High School,Yes,Sports,12.4,6.6,78.1,54.7,63.0,59.4,58.98,Pass,D
James Thomas,"9370 Highland Terrace, Phoenix, AZ",None,Yes,None,8.6,7.6,100.0,46.3,52.1,54.7,50.84,Pass,D
Liam Johnson,"9387 Parkway Blvd, Portland, OR",High School,No,Music,15.0,6.4,78.7,73.2,72.7,59.8,69.01,Pass,D
Evelyn Lopez,"8608 Highland Terrace, Boston, MA",Bachelor's,Yes,None,7.2,5.2,97.7,46.0,59.7,53.7,53.11,Pass,D
William Lopez,"7857 Parkway Blvd, Atlanta, GA",Associate,No,Music,11.3,6.8,91.8,67.1,59.4,62.0,62.89,Pass,D
Evelyn Miller,"5023 Highland Terrace, Columbus, OH",Master's,Yes,Music,23.5,7.0,95.6,85.2,78.5,76.6,80.28,Pass,B
Harper Jones,"5192 Lakeview Dr, Denver, CO",PhD,Yes,Music,12.8,5.8,100.0,54.1,58.0,61.1,57.56,Pass,D
William Miller,"2012 Main St, Denver, CO",Bachelor's,Yes,Volunteer,11.1,8.1,89.5,69.2,62.7,67.2,66.33,Pass,D
Liam Hernandez,"4188 Lakeview Dr, Austin, TX",Associate,No,Music,8.1,7.0,73.3,41.6,39.6,42.5,41.18,Fail,F
Luna Taylor,"8468 Parkway Blvd, Seattle, WA",High School,Yes,Drama,15.3,8.0,79.4,52.0,47.9,61.7,53.48,Pass,D
Lucas Gonzalez,"7229 Parkway Blvd, Boston, MA",Bachelor's,Yes,Volunteer,20.5,6.6,80.3,78.4,76.3,70.3,75.27,Pass,C
Oliver Moore,"8212 Lakeview Dr, Atlanta, GA",Associate,No,Sports,9.9,6.0,72.3,73.9,83.5,65.1,74.65,Pass,C
Oliver Johnson,"7843 Lakeview Dr, Portland, OR",High School,Yes,None,11.7,7.4,95.8,74.1,77.2,69.2,73.7,Pass,C
James Gonzalez,"5996 Highland Terrace, Atlanta, GA",High School,Yes,Drama,11.4,5.5,100.0,49.6,60.0,68.6,58.94,Pass,D
Oliver Gonzalez,"1661 Main St, Seattle, WA",Bachelor's,No,None,8.3,5.3,85.8,59.1,56.2,53.4,56.37,Pass,D
Noah Rodriguez,"3702 Main St, Miami, FL",PhD,Yes,Sports,16.8,8.0,79.6,73.7,59.8,66.0,66.51,Pass,D
Henry Williams,"4788 Lakeview Dr, Miami, FL",High School,No,Drama,4.9,6.6,90.4,44.3,44.7,48.5,45.68,Fail,F
Mia Anderson,"4543 Oak Ave, Miami, FL",High School,Yes,Volunteer,18.7,5.6,83.2,72.2,77.5,67.3,72.6,Pass,C
Camila Thomas,"2106 Lakeview Dr, Los Angeles, CA",High School,Yes,Music,7.0,5.9,79.7,44.6,45.0,52.7,47.17,Fail,F
Elijah Jackson,"2797 Highland Terrace, Boston, MA",Bachelor's,No,Sports,15.2,5.9,80.1,59.5,53.5,65.7,59.26,Pass,D
Noah Smith,"3475 Lakeview Dr, Austin, TX",High School,No,Drama,6.8,4.5,81.2,60.5,62.0,51.9,58.44,Pass,D
Camila Martin,"6068 Highland Terrace, Boston, MA",PhD,No,Volunteer,10.9,5.3,73.1,58.1,64.6,51.9,58.51,Pass,D
Evelyn Williams,"8794 Highland Terrace, Columbus, OH",Master's,Yes,Debate,18.9,8.8,68.8,76.0,70.5,70.2,72.36,Pass,C
Benjamin Gonzalez,"2243 Main St, Austin, TX",Associate,Yes,Debate,12.2,6.5,99.3,72.2,77.9,57.4,69.75,Pass,D
Camila Rodriguez,"7576 Parkway Blvd, Chicago, IL",High School,Yes,Debate,12.9,7.3,67.9,57.6,63.1,59.3,60.01,Pass,D
Sophia Jackson,"3551 Oak Ave, Austin, TX",None,Yes,Music,12.4,7.3,80.8,61.7,50.9,57.0,56.49,Pass,D
Charlotte Davis,"5367 Lakeview Dr, Phoenix, AZ",Master's,Yes,Debate,13.9,7.5,100.0,65.5,67.3,68.3,66.98,Pass,D
Liam Martinez,"3487 Main St, Boston, MA",Associate,Yes,Debate,20.2,8.7,70.4,62.5,57.8,56.1,58.9,Pass,D
Luna Anderson,"7633 Parkway Blvd, Miami, FL",PhD,No,Drama,18.4,6.5,85.2,83.0,85.3,70.5,80.07,Pass,B
Liam Anderson,"3723 Parkway Blvd, Austin, TX",Bachelor's,No,Drama,10.4,8.0,95.0,64.4,69.2,64.6,66.18,Pass,D
Henry Smith,"7461 Parkway Blvd, Austin, TX",PhD,Yes,Music,22.9,7.7,82.4,71.7,52.9,62.3,62.31,Pass,D
Luna Jones,"3065 Highland Terrace, Los Angeles, CA",High School,Yes,Volunteer,10.2,7.1,91.9,70.9,66.9,73.2,70.2,Pass,C
James Taylor,"8901 Oak Ave, New York, NY",Bachelor's,No,Debate,12.5,7.4,79.1,53.3,53.7,47.8,51.78,Pass,D
Oliver Wilson,"3630 Highland Terrace, Miami, FL",High School,Yes,Sports,10.0,4.7,64.8,51.4,37.5,50.9,46.39,Fail,F
Sophia Lopez,"9704 Parkway Blvd, Portland, OR",Master's,Yes,None,17.2,8.6,78.3,69.4,56.3,62.0,62.62,Pass,D
Olivia Gonzalez,"6605 Main St, New York, NY",Associate,No,Music,8.2,8.4,84.5,61.7,71.7,55.4,63.31,Pass,D
Emma Garcia,"4234 Lakeview Dr, Chicago, IL",High School,No,Volunteer,14.9,7.5,89.4,43.5,43.9,54.0,46.75,Fail,F
Elijah Jackson,"1600 Main St, Atlanta, GA",Master's,No,Debate,14.5,8.5,87.2,70.3,64.3,54.3,63.4,Pass,D
Mia Brown,"4382 Oak Ave, Seattle, WA",None,Yes,Debate,4.3,8.3,73.2,55.0,54.9,47.2,52.63,Pass,D
Amelia Anderson,"1547 Parkway Blvd, Atlanta, GA",PhD,Yes,Drama,20.1,6.5,82.0,83.7,79.0,88.3,83.43,Pass,B
Luna Davis,"4235 Highland Terrace, New York, NY",None,Yes,None,3.7,6.4,100.0,53.2,56.5,56.2,55.27,Pass,D
Evelyn Hernandez,"5828 Lakeview Dr, Phoenix, AZ",PhD,No,Volunteer,15.8,7.0,73.3,62.4,66.0,47.5,59.2,Pass,D
Elijah Garcia,"4142 Parkway Blvd, Los Angeles, CA",Master's,Yes,Sports,12.9,5.5,87.7,56.8,53.5,55.4,55.19,Pass,D
James Wilson,"6553 Lakeview Dr, Chicago, IL",Master's,No,Music,21.7,7.1,88.5,79.0,72.1,67.1,73.02,Pass,C
Harper Gonzalez,"7106 Highland Terrace, Boston, MA",Bachelor's,No,Debate,10.5,6.4,71.9,51.8,55.4,49.2,52.29,Pass,D
Mia Jackson,"6012 Highland Terrace, Chicago, IL",Bachelor's,Yes,Music,9.4,6.5,89.0,57.4,47.7,60.6,54.97,Pass,D
Sophia Williams,"4308 Highland Terrace, Boston, MA",None,No,Music,10.5,7.9,83.0,56.4,63.4,57.3,59.12,Pass,D
Luna Smith,"9019 Lakeview Dr, Atlanta, GA",High School,No,Debate,1.9,8.7,74.4,37.8,57.2,44.9,46.73,Fail,F
Oliver Miller,"312 Parkway Blvd, Chicago, IL",Bachelor's,Yes,Drama,18.7,8.4,87.9,70.6,70.1,74.6,71.64,Pass,C
Liam Johnson,"1328 Main St, Los Angeles, CA",High School,Yes,Drama,12.4,7.9,96.8,53.4,60.7,65.4,59.57,Pass,D
Sophia Taylor,"5143 Lakeview Dr, Austin, TX",High School,Yes,Debate,10.3,6.5,88.0,56.6,53.0,57.7,55.69,Pass,D
Elijah Thomas,"2660 Main St, Phoenix, AZ",Associate,Yes,Sports,11.5,6.1,83.1,59.6,50.1,55.4,55.04,Pass,D
Liam Taylor,"1693 Parkway Blvd, New York, NY",Associate,No,None,9.3,6.7,88.2,53.8,59.5,49.9,54.62,Pass,D
Camila Smith,"9976 Highland Terrace, Miami, FL",None,No,Debate,1.9,7.9,99.4,44.0,42.9,38.6,42.0,Fail,F
Amelia Taylor,"538 Parkway Blvd, Portland, OR",Bachelor's,No,Debate,12.6,5.5,73.7,49.3,61.2,46.9,52.75,Pass,D
Amelia Gonzalez,"3073 Main St, Boston, MA",Master's,No,Sports,13.4,7.3,90.9,65.0,67.3,61.0,64.61,Pass,D
Olivia Garcia,"7605 Oak Ave, Chicago, IL",Bachelor's,No,Music,16.9,6.9,80.8,56.8,64.2,54.8,58.78,Pass,D
Charlotte Johnson,"8438 Parkway Blvd, Denver, CO",Master's,No,Music,11.6,5.0,83.8,60.8,57.9,51.8,57.05,Pass,D
Elijah Lopez,"7783 Main St, Phoenix, AZ",PhD,No,Drama,17.7,8.3,78.7,61.5,65.3,54.5,60.74,Pass,D
Lucas Martin,"2671 Parkway Blvd, Chicago, IL",Bachelor's,Yes,Sports,14.9,7.2,80.5,66.7,80.8,67.8,71.95,Pass,C
Emma Hernandez,"1670 Parkway Blvd, Miami, FL",PhD,No,Music,17.6,8.3,74.1,62.2,59.5,58.6,60.17,Pass,D
Charlotte Wilson,"9704 Parkway Blvd, Austin, TX",Master's,No,Debate,21.2,4.0,82.7,67.7,67.3,57.7,64.56,Pass,D
Benjamin Moore,"8882 Highland Terrace, Columbus, OH",Bachelor's,Yes,Sports,12.6,6.0,80.2,47.5,53.8,59.6,53.31,Pass,D
Benjamin Hernandez,"7870 Oak Ave, Portland, OR",Associate,No,Debate,4.1,7.8,91.2,60.1,51.7,52.7,54.95,Pass,D
Theodore Martinez,"3287 Parkway Blvd, Chicago, IL",Associate,No,Debate,8.9,7.0,90.5,56.6,58.9,64.3,59.73,Pass,D
Olivia Garcia,"3389 Oak Ave, New York, NY",Bachelor's,No,Debate,8.3,7.0,88.4,43.6,49.5,45.8,46.35,Fail,F
Evelyn Lopez,"6550 Lakeview Dr, Phoenix, AZ",PhD,No,Volunteer,25.0,6.1,82.0,86.2,77.1,69.8,78.08,Pass,C
Lucas Gonzalez,"4348 Highland Terrace, New York, NY",PhD,No,Debate,20.8,7.1,93.2,62.2,69.1,73.1,67.89,Pass,D
Noah Lopez,"4009 Lakeview Dr, Denver, CO",Bachelor's,No,Drama,11.5,6.8,82.7,57.1,61.6,64.0,60.75,Pass,D
Olivia Jones,"485 Lakeview Dr, Miami, FL",High School,No,Debate,7.0,7.8,97.8,67.2,69.0,57.1,64.79,Pass,D
Charlotte Martin,"191 Highland Terrace, Portland, OR",PhD,No,None,19.3,6.0,72.9,68.7,61.0,63.0,64.31,Pass,D
Benjamin Martin,"5258 Oak Ave, New York, NY",PhD,No,Drama,17.0,6.5,88.3,63.4,60.5,59.5,61.21,Pass,D
Liam Davis,"5824 Lakeview Dr, Boston, MA",Master's,Yes,Debate,14.1,5.9,92.5,57.5,62.9,51.6,57.6,Pass,D
Benjamin Smith,"3861 Highland Terrace, Denver, CO",High School,Yes,None,14.2,4.9,69.6,72.5,66.0,72.7,70.27,Pass,C
Luna Lopez,"9608 Oak Ave, New York, NY",High School,Yes,Music,10.5,8.6,79.3,63.7,63.8,66.6,64.6,Pass,D
Evelyn Martin,"5063 Highland Terrace, New York, NY",None,No,Sports,13.1,7.3,82.4,55.3,46.9,57.5,53.01,Pass,D
Harper Davis,"3524 Main St, Boston, MA",Associate,Yes,Drama,7.1,5.0,80.5,36.3,45.0,45.8,42.2,Fail,F
Liam Gonzalez,"2994 Lakeview Dr, Chicago, IL",None,No,Sports,4.3,6.7,85.5,39.8,50.0,42.1,44.05,Fail,F
Olivia Jones,"6014 Highland Terrace, New York, NY",High School,No,None,8.4,8.0,100.0,63.4,69.4,51.5,61.93,Pass,D
Theodore Wilson,"3411 Lakeview Dr, Chicago, IL",Bachelor's,No,Drama,9.7,6.3,85.9,60.4,64.0,59.7,61.46,Pass,D
Evelyn Rodriguez,"6556 Parkway Blvd, Columbus, OH",PhD,Yes,Music,16.0,9.3,68.7,64.7,64.4,59.3,62.99,Pass,D
James Jones,"3320 Highland Terrace, Boston, MA",Master's,No,Drama,15.6,8.3,87.9,72.1,68.8,48.7,63.95,Pass,D
Emma Hernandez,"2502 Main St, Phoenix, AZ",PhD,No,Sports,17.3,7.0,81.0,54.7,68.9,49.7,58.17,Pass,D
Olivia Williams,"3033 Parkway Blvd, Austin, TX",Bachelor's,Yes,Debate,8.9,5.4,84.0,41.5,54.0,51.0,48.74,Fail,F
Luna Brown,"9870 Lakeview Dr, Portland, OR",None,No,Drama,3.1,6.9,84.5,46.1,53.1,40.4,46.84,Fail,F
Benjamin Rodriguez,"7660 Parkway Blvd, Phoenix, AZ",Master's,No,Music,13.4,7.9,82.4,67.4,63.7,54.0,62.09,Pass,D
Benjamin Miller,"455 Parkway Blvd, Chicago, IL",None,No,Drama,2.6,5.4,91.3,60.8,65.0,45.9,57.81,Pass,D
James Hernandez,"6181 Lakeview Dr, Boston, MA",PhD,No,Volunteer,17.5,7.4,92.0,68.5,71.6,74.9,71.5,Pass,C
Theodore Miller,"475 Lakeview Dr, Denver, CO",PhD,Yes,Debate,17.3,6.0,96.5,57.5,57.9,67.7,60.71,Pass,D
Olivia Garcia,"575 Parkway Blvd, Boston, MA",Master's,No,Drama,14.5,6.9,98.7,55.9,61.0,57.5,58.16,Pass,D
Evelyn Thomas,"7978 Main St, Austin, TX",PhD,Yes,Music,22.5,9.0,89.0,82.5,74.1,87.1,80.95,Pass,B
Camila Garcia,"6639 Main St, Chicago, IL",High School,Yes,Music,5.8,6.3,100.0,50.1,54.4,60.5,54.73,Pass,D
James Thomas,"4254 Lakeview Dr, Boston, MA",Master's,No,None,4.4,6.4,94.3,55.0,69.0,57.4,60.63,Pass,D
Emma Miller,"8262 Parkway Blvd, Chicago, IL",Master's,No,Sports,14.8,8.6,92.6,57.0,75.0,71.8,67.78,Pass,D
William Taylor,"8116 Highland Terrace, Austin, TX",None,Yes,None,5.3,9.4,73.5,47.1,61.3,56.0,54.76,Pass,D
Henry Lopez,"590 Parkway Blvd, Los Angeles, CA",Associate,Yes,Debate,9.7,7.0,68.9,59.2,80.6,67.3,69.1,Pass,D
Olivia Anderson,"3458 Highland Terrace, Atlanta, GA",PhD,No,Debate,19.1,6.9,78.1,75.5,82.8,59.8,73.35,Pass,C
Benjamin Rodriguez,"3315 Main St, Atlanta, GA",High School,No,Volunteer,8.5,5.5,78.3,36.6,42.3,53.7,43.74,Fail,F
Mia Anderson,"7191 Lakeview Dr, Chicago, IL",PhD,No,None,19.3,6.9,79.2,78.9,76.7,67.3,74.63,Pass,C
Liam Martinez,"2218 Parkway Blvd, Miami, FL",High School,Yes,Volunteer,12.1,6.8,88.7,61.0,69.5,57.6,62.97,Pass,D
Liam Miller,"7500 Highland Terrace, Los Angeles, CA",Master's,Yes,None,13.9,6.5,71.9,65.8,66.7,63.7,65.46,Pass,D
Henry Rodriguez,"1455 Parkway Blvd, Chicago, IL",Bachelor's,No,None,11.8,7.8,84.4,55.5,59.0,53.8,56.21,Pass,D
Camila Taylor,"4377 Lakeview Dr, Miami, FL",None,No,None,8.2,6.1,78.5,58.3,65.1,52.5,58.93,Pass,D
Theodore Miller,"3375 Oak Ave, Austin, TX",PhD,Yes,Debate,15.0,6.3,79.4,52.9,58.4,61.3,57.35,Pass,D
Mia Wilson,"5707 Oak Ave, Austin, TX",Bachelor's,Yes,Sports,9.5,5.6,75.5,44.1,48.8,45.1,46.02,Fail,F
Mia Garcia,"718 Oak Ave, Chicago, IL",Master's,No,Debate,12.2,7.4,75.7,55.4,56.4,60.3,57.2,Pass,D
James Davis,"9936 Oak Ave, Austin, TX",High School,No,Debate,16.3,5.9,81.5,58.4,60.7,62.4,60.4,Pass,D
Mia Rodriguez,"4111 Main St, Austin, TX",Bachelor's,Yes,Drama,13.3,5.1,97.6,71.4,72.6,72.2,72.1,Pass,C
Elijah Johnson,"7684 Oak Ave, Seattle, WA",High School,Yes,Sports,5.9,8.1,83.3,51.5,41.0,41.6,44.85,Fail,F
Oliver Martin,"3622 Main St, Denver, CO",Master's,No,Sports,25.0,6.3,96.1,100.0,88.3,73.0,87.83,Pass,B
Liam Martinez,"3384 Main St, Seattle, WA",PhD,Yes,None,12.5,7.7,78.8,72.0,72.5,69.6,71.45,Pass,C
Olivia Gonzalez,"2169 Main St, Atlanta, GA",Associate,Yes,None,1.7,6.7,87.8,49.0,52.9,44.4,49.0,Fail,F
Olivia Jackson,"1016 Lakeview Dr, Chicago, IL",Associate,No,None,16.2,6.8,93.3,57.1,68.0,66.6,63.77,Pass,D
Lucas Miller,"5980 Parkway Blvd, Atlanta, GA",Bachelor's,No,Music,9.1,8.7,76.4,55.1,64.6,47.3,56.1,Pass,D
Theodore Taylor,"2563 Lakeview Dr, Columbus, OH",PhD,No,None,18.3,7.5,84.7,62.5,63.3,64.3,63.32,Pass,D
William Davis,"1819 Lakeview Dr, Atlanta, GA",None,Yes,Debate,8.9,5.3,94.5,60.1,73.6,71.3,68.15,Pass,D
Oliver Miller,"2362 Parkway Blvd, Atlanta, GA",Associate,Yes,Volunteer,10.4,7.4,95.3,56.9,71.1,62.0,63.37,Pass,D
Mia Brown,"5724 Oak Ave, Atlanta, GA",Associate,No,None,4.5,6.7,100.0,51.8,57.6,55.8,55.01,Pass,D
Lucas Wilson,"8717 Main St, Atlanta, GA",Associate,No,Volunteer,16.3,4.8,85.7,61.4,80.7,62.1,68.37,Pass,D
Olivia Davis,"8509 Main St, Austin, TX",Master's,No,None,13.8,6.5,75.0,68.0,64.7,69.6,67.31,Pass,D
Camila Hernandez,"4389 Highland Terrace, Miami, FL",Bachelor's,No,Sports,8.8,7.9,93.1,54.2,53.1,43.9,50.75,Pass,D
William Smith,"4919 Highland Terrace, Columbus, OH",Master's,No,Volunteer,18.5,7.1,80.6,76.0,83.8,62.5,74.67,Pass,C
Emma Hernandez,"598 Highland Terrace, Columbus, OH",Master's,Yes,None,12.1,7.1,88.1,59.1,54.5,67.7,60.06,Pass,D
Elijah Martinez,"4859 Main St, New York, NY",High School,No,Sports,14.8,6.1,100.0,67.1,65.3,72.4,68.06,Pass,D
Lucas Wilson,"6016 Lakeview Dr, Phoenix, AZ",Associate,Yes,Drama,12.0,6.9,87.3,63.5,61.0,63.8,62.73,Pass,D
William Taylor,"1374 Main St, Atlanta, GA",Master's,Yes,None,12.6,7.6,82.3,65.4,69.2,72.0,68.7,Pass,D
Oliver Anderson,"5502 Lakeview Dr, Boston, MA",Bachelor's,No,None,13.5,5.9,83.1,62.6,63.8,50.2,59.31,Pass,D
Harper Thomas,"6196 Highland Terrace, Miami, FL",High School,No,Drama,8.1,7.0,69.9,44.2,51.8,48.2,48.05,Fail,F
Emma Jones,"8526 Parkway Blvd, Chicago, IL",High School,No,None,11.8,6.2,100.0,62.2,70.8,62.4,65.25,Pass,D
Theodore Davis,"9867 Parkway Blvd, Boston, MA",Master's,Yes,Sports,17.2,6.9,100.0,71.2,80.2,76.5,75.91,Pass,C
Harper Johnson,"4769 Lakeview Dr, Columbus, OH",Associate,No,Volunteer,13.7,6.0,79.7,64.9,53.6,59.9,59.42,Pass,D
Sophia Jackson,"6916 Parkway Blvd, Columbus, OH",Associate,Yes,Debate,14.4,7.0,65.1,66.1,60.6,61.6,62.81,Pass,D
Evelyn Jones,"9334 Lakeview Dr, Chicago, IL",Bachelor's,No,Sports,6.4,7.4,86.7,49.5,56.7,38.9,48.84,Fail,F
Oliver Hernandez,"9703 Oak Ave, Denver, CO",Associate,Yes,Music,9.3,6.4,99.0,56.3,59.5,59.0,58.24,Pass,D
Lucas Wilson,"4417 Highland Terrace, Boston, MA",PhD,Yes,Debate,8.0,7.0,96.4,68.1,50.3,52.5,57.21,Pass,D
Sophia Brown,"2607 Parkway Blvd, Seattle, WA",High School,No,Debate,12.0,7.6,79.5,63.1,61.9,54.6,60.1,Pass,D
Mia Miller,"4737 Lakeview Dr, Los Angeles, CA",None,Yes,Drama,5.5,6.0,84.4,47.9,56.9,53.5,52.71,Pass,D
Emma Thomas,"909 Main St, Portland, OR",Associate,No,Drama,12.8,6.8,88.8,57.8,61.2,60.5,59.79,Pass,D
William Moore,"4847 Lakeview Dr, Chicago, IL",Associate,No,Drama,6.2,6.6,82.8,47.8,57.9,54.3,53.31,Pass,D
Evelyn Garcia,"7046 Highland Terrace, Los Angeles, CA",PhD,Yes,Music,12.0,7.0,86.6,67.3,67.1,65.7,66.74,Pass,D
Mia Thomas,"6893 Parkway Blvd, Columbus, OH",Master's,Yes,Volunteer,19.4,6.8,76.4,75.0,63.6,62.4,67.24,Pass,D
Camila Lopez,"5040 Highland Terrace, Austin, TX",None,Yes,Volunteer,2.3,6.5,91.6,54.2,50.0,63.5,55.52,Pass,D
Evelyn Johnson,"3391 Main St, Miami, FL",Bachelor's,Yes,Drama,15.9,8.8,73.2,56.8,65.8,52.8,58.78,Pass,D
William Thomas,"5360 Oak Ave, Atlanta, GA",None,No,Volunteer,12.8,6.3,70.7,59.2,51.3,54.2,54.96,Pass,D
Amelia Davis,"9209 Parkway Blvd, New York, NY",None,Yes,Sports,1.9,5.7,94.7,52.7,53.7,53.3,53.24,Pass,D
Evelyn Johnson,"9533 Highland Terrace, Atlanta, GA",Master's,No,None,16.3,8.2,76.3,65.3,66.2,55.1,62.58,Pass,D
Liam Williams,"6138 Lakeview Dr, Austin, TX",Master's,Yes,Volunteer,13.8,7.2,81.3,62.7,66.6,61.0,63.57,Pass,D
Noah Williams,"6152 Oak Ave, Los Angeles, CA",High School,Yes,Music,8.4,5.4,100.0,53.8,50.7,52.1,52.22,Pass,D
Henry Martinez,"640 Highland Terrace, Austin, TX",PhD,Yes,None,22.2,6.7,88.4,72.9,76.7,68.4,72.88,Pass,C
Amelia Miller,"7201 Oak Ave, Phoenix, AZ",Bachelor's,Yes,Music,12.7,8.4,61.4,49.3,53.9,56.9,53.2,Pass,D
Liam Davis,"9283 Parkway Blvd, Atlanta, GA",Master's,Yes,None,11.8,8.1,60.0,57.4,64.8,62.3,61.47,Pass,D
Noah Moore,"3561 Highland Terrace, Atlanta, GA",Associate,No,Debate,4.5,4.4,80.4,22.7,32.6,33.1,29.29,Fail,F
Benjamin Brown,"7518 Parkway Blvd, New York, NY",Bachelor's,Yes,None,14.8,5.7,68.2,67.5,70.2,56.3,65.08,Pass,D
Elijah Jones,"229 Highland Terrace, Columbus, OH",High School,No,Volunteer,13.2,6.8,87.4,61.7,75.2,60.6,66.08,Pass,D
Noah Garcia,"3153 Parkway Blvd, Miami, FL",Bachelor's,No,Debate,14.3,7.1,76.9,63.5,63.0,60.2,62.35,Pass,D
Elijah Jones,"6867 Lakeview Dr, Columbus, OH",Associate,Yes,Drama,6.2,6.5,90.0,46.1,40.8,58.4,47.91,Fail,F
Lucas Moore,"2827 Parkway Blvd, Chicago, IL",Master's,No,Debate,17.8,5.5,88.9,74.8,69.7,61.5,69.05,Pass,D
Amelia Anderson,"5461 Highland Terrace, Phoenix, AZ",None,No,Debate,14.6,7.6,99.9,70.8,70.5,61.8,67.99,Pass,D
Sophia Rodriguez,"9381 Oak Ave, Phoenix, AZ",Associate,No,Volunteer,14.6,6.2,100.0,56.4,64.3,67.4,62.46,Pass,D
Lucas Williams,"4314 Parkway Blvd, Miami, FL",Master's,Yes,Volunteer,20.2,6.2,97.9,84.3,80.6,80.1,81.72,Pass,B
